{"type":"FeatureCollection","features":[
{"type":"Feature","geometry":{"type":"Point","coordinates":[34.7877392,32.0692871]},"properties":{"button_operated":"no","crossing:signals":"yes","highway":"crossing"}},
{"type":"Feature","geometry":{"type":"Point","coordinates":[34.7828828,32.0915999]},"properties":{"highway":"traffic_signals"}},
{"type":"Feature","geometry":{"type":"Point","coordinates":[34.7906458,32.090968]},"properties":{"highway":"traffic_signals"}},
{"type":"Feature","geometry":{"type":"Point","coordinates":[34.7698276,32.0636281]},"properties":{"highway":"traffic_signals"}},
{"type":"Feature","geometry":{"type":"Point","coordinates":[34.7772051,32.0684237]},"properties":{"highway":"traffic_signals"}},
{"type":"Feature","geometry":{"type":"Point","coordinates":[34.7630631,32.0668303]},"properties":{"crossing":"traffic_signals","highway":"crossing"}},
{"type":"Feature","geometry":{"type":"Point","coordinates":[34.7593867,32.0590972]},"properties":{"crossing":"uncontrolled","highway":"crossing"}},
{"type":"Feature","geometry":{"type":"Point","coordinates":[34.7983318,32.1077799]},"properties":{"crossing:island":"yes","crossing:markings":"yes","crossing:signals":"no","highway":"crossing"}},
{"type":"Feature","geometry":{"type":"Point","coordinates":[34.8015431,32.1182387]},"properties":{"highway":"traffic_signals"}},
{"type":"Feature","geometry":{"type":"Point","coordinates":[34.7733032,32.0927712]},"properties":{"highway":"traffic_signals"}},
{"type":"Feature","geometry":{"type":"Point","coordinates":[34.759889,32.0371279]},"properties":{"crossing":"traffic_signals","crossing_ref":"zebra","highway":"crossing","tactile_paving":"yes"}},
{"type":"Feature","geometry":{"type":"Point","coordinates":[34.7747043,32.0925012]},"properties":{"highway":"traffic_signals","traffic_signals":"signal"}},
{"type":"Feature","geometry":{"type":"Point","coordinates":[34.7762737,32.0924091]},"properties":{"crossing":"traffic_signals","crossing_ref":"zebra","highway":"crossing"}},
{"type":"Feature","geometry":{"type":"Point","coordinates":[34.7913233,32.1230375]},"properties":{"bicycle":"yes","crossing":"uncontrolled","crossing:markings":"yes","highway":"crossing"}},
{"type":"Feature","geometry":{"type":"Point","coordinates":[34.7742694,32.0844959]},"properties":{"crossing":"traffic_signals","highway":"crossing"}},
{"type":"Feature","geometry":{"type":"Point","coordinates":[34.781867,32.1017585]},"properties":{"crossing":"traffic_signals","highway":"crossing"}},
{"type":"Feature","geometry":{"type":"Point","coordinates":[34.7956424,32.0909713]},"properties":{"crossing":"marked","crossing:markings":"yes","highway":"crossing"}},
{"type":"Feature","geometry":{"type":"Point","coordinates":[34.7948716,32.0827657]},"properties":{"crossing":"traffic_signals","highway":"crossing"}},
{"type":"Feature","geometry":{"type":"Point","coordinates":[34.786583,32.0908664]},"properties":{"highway":"traffic_signals"}},
{"type":"Feature","geometry":{"type":"Point","coordinates":[34.7871291,32.0909803]},"properties":{"highway":"traffic_signals"}},
{"type":"Feature","geometry":{"type":"Point","coordinates":[34.7865815,32.0909748]},"properties":{"highway":"traffic_signals"}},
{"type":"Feature","geometry":{"type":"Point","coordinates":[34.7762798,32.0835462]},"properties":{"bicycle":"yes","button_operated":"yes","crossing":"traffic_signals","highway":"crossing"}},
{"type":"Feature","geometry":{"type":"Point","coordinates":[34.7780042,32.0825795]},"properties":{"crossing":"traffic_signals","highway":"crossing"}},
{"type":"Feature","geometry":{"type":"Point","coordinates":[34.7742639,32.0843974]},"properties":{"crossing":"traffic_signals","highway":"crossing"}},
{"type":"Feature","geometry":{"type":"Point","coordinates":[34.7788346,32.0705147]},"properties":{"bicycle":"designated","button_operated":"yes","crossing":"traffic_signals","highway":"crossing","traffic_signals:sound":"yes"}},
{"type":"Feature","geometry":{"type":"Point","coordinates":[34.7780815,32.0681645]},"properties":{"bicycle":"designated","button_operated":"yes","crossing":"traffic_signals","highway":"crossing","traffic_signals:sound":"yes"}},
{"type":"Feature","geometry":{"type":"Point","coordinates":[34.7775638,32.0666381]},"properties":{"bicycle":"designated","crossing":"traffic_signals","highway":"crossing"}},
{"type":"Feature","geometry":{"type":"Point","coordinates":[34.788394,32.0870344]},"properties":{"crossing":"traffic_signals","highway":"crossing"}},
{"type":"Feature","geometry":{"type":"Point","coordinates":[34.783031,32.091642]},"properties":{"highway":"traffic_signals"}},
{"type":"Feature","geometry":{"type":"Point","coordinates":[34.7793201,32.072079]},"properties":{"bicycle":"designated","button_operated":"no","crossing":"traffic_signals","foot":"designated","highway":"crossing","segregated":"yes","traffic_signals:sound":"no"}},
{"type":"Feature","geometry":{"type":"Point","coordinates":[34.7952812,32.0985385]},"properties":{"highway":"crossing"}},
{"type":"Feature","geometry":{"type":"Point","coordinates":[34.7993683,32.1004253]},"properties":{"highway":"crossing"}},
{"type":"Feature","geometry":{"type":"Point","coordinates":[34.8005075,32.1005316]},"properties":{"highway":"crossing"}},
{"type":"Feature","geometry":{"type":"Point","coordinates":[34.7954413,32.0857459]},"properties":{"bicycle":"yes","crossing":"traffic_signals","crossing:island":"yes","crossing:markings":"yes","crossing_ref":"zebra","highway":"crossing"}},
{"type":"Feature","geometry":{"type":"Point","coordinates":[34.7785515,32.0695876]},"properties":{"bicycle":"designated","crossing":"uncontrolled","crossing:island":"no","highway":"crossing"}},
{"type":"Feature","geometry":{"type":"Point","coordinates":[34.7724032,32.0614797]},"properties":{"crossing":"traffic_signals","highway":"crossing"}},
{"type":"Feature","geometry":{"type":"Point","coordinates":[34.783659,32.0984286]},"properties":{"crossing":"marked","crossing:markings":"yes","highway":"crossing"}},
{"type":"Feature","geometry":{"type":"Point","coordinates":[34.794257,32.0981629]},"properties":{"highway":"crossing"}},
{"type":"Feature","geometry":{"type":"Point","coordinates":[34.7897561,32.1147787]},"properties":{"bicycle":"yes","crossing":"uncontrolled","highway":"crossing"}},
{"type":"Feature","geometry":{"type":"Point","coordinates":[34.7901766,32.1169745]},"properties":{"bicycle":"yes","crossing":"uncontrolled","highway":"crossing"}},
{"type":"Feature","geometry":{"type":"Point","coordinates":[34.771329,32.0704044]},"properties":{"highway":"traffic_signals","traffic_signals":"signal"}},
{"type":"Feature","geometry":{"type":"Point","coordinates":[34.7736193,32.0845799]},"properties":{"crossing":"marked","crossing:markings":"yes","highway":"crossing"}},
{"type":"Feature","geometry":{"type":"Point","coordinates":[34.8224028,32.1219178]},"properties":{"bicycle":"yes","crossing":"uncontrolled","crossing_ref":"zebra","highway":"crossing"}},
{"type":"Feature","geometry":{"type":"Point","coordinates":[34.7830634,32.0987162]},"properties":{"crossing":"traffic_signals","crossing:markings":"yes","highway":"crossing"}},
{"type":"Feature","geometry":{"type":"Point","coordinates":[34.7826503,32.0984526]},"properties":{"crossing":"marked","crossing:markings":"yes","highway":"crossing"}},
{"type":"Feature","geometry":{"type":"Point","coordinates":[34.7923491,32.1033933]},"properties":{"crossing":"marked","crossing:markings":"yes","highway":"crossing"}},
{"type":"Feature","geometry":{"type":"Point","coordinates":[34.7830859,32.0985531]},"properties":{"crossing":"traffic_signals","crossing:markings":"yes","highway":"crossing"}},
{"type":"Feature","geometry":{"type":"Point","coordinates":[34.8071624,32.1173539]},"properties":{"crossing":"marked","highway":"crossing","tactile_paving":"yes"}},
{"type":"Feature","geometry":{"type":"Point","coordinates":[34.8195323,32.1056975]},"properties":{"crossing":"traffic_signals","highway":"crossing"}},
{"type":"Feature","geometry":{"type":"Point","coordinates":[34.8227228,32.1059992]},"properties":{"crossing":"traffic_signals","crossing:markings":"yes","highway":"crossing"}},
{"type":"Feature","geometry":{"type":"Point","coordinates":[34.8032836,32.1124194]},"properties":{"amenity":"toilets","check_date":"2026-02-05"}},
{"type":"Feature","geometry":{"type":"Point","coordinates":[34.8007215,32.0429697]},"properties":{"barrier":"gate","motor_vehicle":"private"}},
{"type":"Feature","geometry":{"type":"Point","coordinates":[34.8001006,32.0610415]},"properties":{"highway":"traffic_signals"}},
{"type":"Feature","geometry":{"type":"Point","coordinates":[34.7616187,32.0603328]},"properties":{"crossing":"uncontrolled","crossing:markings":"yes","highway":"crossing"}},
{"type":"Feature","geometry":{"type":"Point","coordinates":[34.7598944,32.0616802]},"properties":{"amenity":"drinking_water","fountain":"bubbler"}},
{"type":"Feature","geometry":{"type":"Point","coordinates":[34.760125,32.061578]},"properties":{"amenity":"toilets","check_date":"2022-11-20","fee":"no","wheelchair":"yes"}},
{"type":"Feature","geometry":{"type":"Point","coordinates":[34.7635994,32.0707414]},"properties":{"amenity":"toilets"}},
{"type":"Feature","geometry":{"type":"Point","coordinates":[34.782869,32.0990268]},"properties":{"crossing":"marked","crossing:markings":"yes","highway":"crossing"}},
{"type":"Feature","geometry":{"type":"Point","coordinates":[34.7984525,32.1029712]},"properties":{"barrier":"gate"}},
{"type":"Feature","geometry":{"type":"Point","coordinates":[34.7918496,32.0376527]},"properties":{"barrier":"gate","bicycle":"yes","foot":"yes"}},
{"type":"Feature","geometry":{"type":"Point","coordinates":[34.7825476,32.1205075]},"properties":{"barrier":"bollard"}},
{"type":"Feature","geometry":{"type":"Point","coordinates":[34.7792648,32.0633361]},"properties":{"crossing":"uncontrolled","highway":"crossing"}},
{"type":"Feature","geometry":{"type":"Point","coordinates":[34.767288,32.067595]},"properties":{"amenity":"toilets"}},
{"type":"Feature","geometry":{"type":"Point","coordinates":[34.8221145,32.0560702]},"properties":{"crossing":"uncontrolled","crossing:markings":"yes","highway":"crossing"}},
{"type":"Feature","geometry":{"type":"Point","coordinates":[34.7973419,32.1027053]},"properties":{"amenity":"drinking_water"}},
{"type":"Feature","geometry":{"type":"Point","coordinates":[34.799092,32.1002746]},"properties":{"highway":"crossing"}},
{"type":"Feature","geometry":{"type":"Point","coordinates":[34.8015988,32.1228527]},"properties":{"bicycle":"yes","crossing":"uncontrolled","highway":"crossing"}},
{"type":"Feature","geometry":{"type":"Point","coordinates":[34.7944757,32.1010313]},"properties":{"amenity":"drinking_water","barrier":"fence"}},
{"type":"Feature","geometry":{"type":"Point","coordinates":[34.7943128,32.1006262]},"properties":{"amenity":"toilets"}},
{"type":"Feature","geometry":{"type":"Point","coordinates":[34.7951249,32.1011442]},"properties":{"amenity":"drinking_water"}},
{"type":"Feature","geometry":{"type":"Point","coordinates":[34.8110765,32.096555]},"properties":{"amenity":"drinking_water"}},
{"type":"Feature","geometry":{"type":"Point","coordinates":[34.7813715,32.1164541]},"properties":{"amenity":"drinking_water"}},
{"type":"Feature","geometry":{"type":"Point","coordinates":[34.8185415,32.0982436]},"properties":{"amenity":"drinking_water"}},
{"type":"Feature","geometry":{"type":"Point","coordinates":[34.777095,32.107886]},"properties":{"amenity":"drinking_water"}},
{"type":"Feature","geometry":{"type":"Point","coordinates":[34.8054419,32.1001446]},"properties":{"amenity":"drinking_water"}},
{"type":"Feature","geometry":{"type":"Point","coordinates":[34.7767711,32.104096]},"properties":{"amenity":"drinking_water"}},
{"type":"Feature","geometry":{"type":"Point","coordinates":[34.7867275,32.0962544]},"properties":{"amenity":"drinking_water"}},
{"type":"Feature","geometry":{"type":"Point","coordinates":[34.7707685,32.0910363]},"properties":{"amenity":"drinking_water"}},
{"type":"Feature","geometry":{"type":"Point","coordinates":[34.7711037,32.0904073]},"properties":{"amenity":"drinking_water"}},
{"type":"Feature","geometry":{"type":"Point","coordinates":[34.7896963,32.1146037]},"properties":{"amenity":"drinking_water"}},
{"type":"Feature","geometry":{"type":"Point","coordinates":[34.8256099,32.1061071]},"properties":{"amenity":"drinking_water"}},
{"type":"Feature","geometry":{"type":"Point","coordinates":[34.7889294,32.1104682]},"properties":{"crossing":"uncontrolled","crossing:markings":"yes","highway":"crossing"}},
{"type":"Feature","geometry":{"type":"Point","coordinates":[34.7889007,32.1102416]},"properties":{"crossing":"uncontrolled","crossing:markings":"yes","highway":"crossing"}},
{"type":"Feature","geometry":{"type":"Point","coordinates":[34.8149752,32.1074458]},"properties":{"highway":"traffic_signals"}},
{"type":"Feature","geometry":{"type":"Point","coordinates":[34.839074,32.1159025]},"properties":{"highway":"traffic_signals"}},
{"type":"Feature","geometry":{"type":"Point","coordinates":[34.7897966,32.1149034]},"properties":{"bicycle":"yes","crossing":"traffic_signals","highway":"crossing"}},
{"type":"Feature","geometry":{"type":"Point","coordinates":[34.7897833,32.1148437]},"properties":{"bicycle":"yes","crossing":"traffic_signals","highway":"crossing"}},
{"type":"Feature","geometry":{"type":"Point","coordinates":[34.8001499,32.0998031]},"properties":{"amenity":"drinking_water"}},
{"type":"Feature","geometry":{"type":"Point","coordinates":[34.7802566,32.1140049]},"properties":{"amenity":"drinking_water"}},
{"type":"Feature","geometry":{"type":"Point","coordinates":[34.8222746,32.0453503]},"properties":{"amenity":"toilets","fee":"no"}},
{"type":"Feature","geometry":{"type":"Point","coordinates":[34.8202172,32.1211726]},"properties":{"amenity":"drinking_water"}},
{"type":"Feature","geometry":{"type":"Point","coordinates":[34.8225172,32.123041]},"properties":{"amenity":"drinking_water"}},
{"type":"Feature","geometry":{"type":"Point","coordinates":[34.8197626,32.1225024]},"properties":{"amenity":"drinking_water"}},
{"type":"Feature","geometry":{"type":"Point","coordinates":[34.7913282,32.075133]},"properties":{"crossing":"marked","crossing:markings":"yes","highway":"crossing"}},
{"type":"Feature","geometry":{"type":"Point","coordinates":[34.7914055,32.0752789]},"properties":{"button_operated":"no","crossing":"traffic_signals","highway":"crossing"}},
{"type":"Feature","geometry":{"type":"Point","coordinates":[34.7896949,32.1121706]},"properties":{"bicycle":"yes","crossing":"uncontrolled","highway":"crossing"}},
{"type":"Feature","geometry":{"type":"Point","coordinates":[34.8032042,32.0993626]},"properties":{"amenity":"drinking_water"}},
{"type":"Feature","geometry":{"type":"Point","coordinates":[34.7846117,32.0958613]},"properties":{"amenity":"drinking_water"}},
{"type":"Feature","geometry":{"type":"Point","coordinates":[34.8150609,32.1076685]},"properties":{"highway":"crossing"}},
{"type":"Feature","geometry":{"type":"Point","coordinates":[34.7951205,32.1071875]},"properties":{"entrance":"yes"}},
{"type":"Feature","geometry":{"type":"Point","coordinates":[34.7967841,32.1029867]},"properties":{"amenity":"toilets","wheelchair":"yes"}},
{"type":"Feature","geometry":{"type":"Point","coordinates":[34.7948108,32.0983234]},"properties":{"highway":"crossing"}},
{"type":"Feature","geometry":{"type":"Point","coordinates":[34.7653677,32.0526607]},"properties":{"crossing":"traffic_signals","highway":"crossing"}},
{"type":"Feature","geometry":{"type":"Point","coordinates":[34.78005,32.098155]},"properties":{"crossing":"uncontrolled","crossing:markings":"yes","highway":"crossing"}},
{"type":"Feature","geometry":{"type":"Point","coordinates":[34.8227882,32.118749]},"properties":{"amenity":"drinking_water"}},
{"type":"Feature","geometry":{"type":"Point","coordinates":[34.814932,32.1211817]},"properties":{"amenity":"drinking_water"}},
{"type":"Feature","geometry":{"type":"Point","coordinates":[34.8292402,32.118161]},"properties":{"amenity":"drinking_water"}},
{"type":"Feature","geometry":{"type":"Point","coordinates":[34.833066,32.1067079]},"properties":{"crossing":"marked","highway":"crossing"}},
{"type":"Feature","geometry":{"type":"Point","coordinates":[34.8303578,32.1070317]},"properties":{"crossing":"marked","crossing:markings":"yes","highway":"crossing"}},
{"type":"Feature","geometry":{"type":"Point","coordinates":[34.8357625,32.116271]},"properties":{"amenity":"drinking_water"}},
{"type":"Feature","geometry":{"type":"Point","coordinates":[34.7800226,32.0757491]},"properties":{"crossing":"traffic_signals","highway":"crossing"}},
{"type":"Feature","geometry":{"type":"Point","coordinates":[34.7800206,32.0764172]},"properties":{"crossing":"uncontrolled","highway":"crossing"}},
{"type":"Feature","geometry":{"type":"Point","coordinates":[34.780007,32.0776976]},"properties":{"crossing":"traffic_signals","highway":"crossing"}},
{"type":"Feature","geometry":{"type":"Point","coordinates":[34.82002,32.1034535]},"properties":{"crossing":"marked","crossing:markings":"yes","highway":"crossing"}},
{"type":"Feature","geometry":{"type":"Point","coordinates":[34.7502646,32.0519738]},"properties":{"crossing":"marked","crossing_ref":"zebra","highway":"crossing"}},
{"type":"Feature","geometry":{"type":"Point","coordinates":[34.7541974,32.0553314]},"properties":{"amenity":"drinking_water"}},
{"type":"Feature","geometry":{"type":"Point","coordinates":[34.7534625,32.0555997]},"properties":{"amenity":"drinking_water"}},
{"type":"Feature","geometry":{"type":"Point","coordinates":[34.7526791,32.0546767]},"properties":{"amenity":"toilets","fee":"no"}},
{"type":"Feature","geometry":{"type":"Point","coordinates":[34.7514134,32.053749]},"properties":{"amenity":"drinking_water"}},
{"type":"Feature","geometry":{"type":"Point","coordinates":[34.7542665,32.0549649]},"properties":{"amenity":"drinking_water"}},
{"type":"Feature","geometry":{"type":"Point","coordinates":[34.7594161,32.0527798]},"properties":{"crossing":"uncontrolled","crossing:markings":"yes","highway":"crossing"}},
{"type":"Feature","geometry":{"type":"Point","coordinates":[34.8223537,32.120299]},"properties":{"amenity":"drinking_water"}},
{"type":"Feature","geometry":{"type":"Point","coordinates":[34.8286845,32.1178166]},"properties":{"amenity":"drinking_water"}},
{"type":"Feature","geometry":{"type":"Point","coordinates":[34.8056751,32.1167036]},"properties":{"amenity":"toilets"}},
{"type":"Feature","geometry":{"type":"Point","coordinates":[34.7610944,32.0587965]},"properties":{"amenity":"toilets","fee":"no","unisex":"yes"}},
{"type":"Feature","geometry":{"type":"Point","coordinates":[34.7616411,32.0581672]},"properties":{"amenity":"toilets","fee":"no","unisex":"yes"}},
{"type":"Feature","geometry":{"type":"Point","coordinates":[34.7738781,32.0930136]},"properties":{"amenity":"toilets","wheelchair":"yes"}},
{"type":"Feature","geometry":{"type":"Point","coordinates":[34.8296654,32.1101557]},"properties":{"amenity":"drinking_water"}},
{"type":"Feature","geometry":{"type":"Point","coordinates":[34.7733634,32.0926525]},"properties":{"highway":"traffic_signals","traffic_signals":"signal"}},
{"type":"Feature","geometry":{"type":"Point","coordinates":[34.7997104,32.0498284]},"properties":{"crossing":"traffic_signals","highway":"crossing"}},
{"type":"Feature","geometry":{"type":"Point","coordinates":[34.7975709,32.0853456]},"properties":{"crossing":"traffic_signals","highway":"crossing"}},
{"type":"Feature","geometry":{"type":"Point","coordinates":[34.798167,32.0905524]},"properties":{"crossing":"marked","crossing:markings":"yes","highway":"crossing"}},
{"type":"Feature","geometry":{"type":"Point","coordinates":[34.7954276,32.0855607]},"properties":{"bicycle":"yes","crossing":"marked","crossing:island":"yes","crossing:markings":"yes","crossing_ref":"zebra","highway":"crossing"}},
{"type":"Feature","geometry":{"type":"Point","coordinates":[34.7981862,32.0890275]},"properties":{"crossing":"uncontrolled","crossing:markings":"yes","highway":"crossing"}},
{"type":"Feature","geometry":{"type":"Point","coordinates":[34.8292189,32.0384247]},"properties":{"crossing":"uncontrolled","crossing:markings":"yes","highway":"crossing"}},
{"type":"Feature","geometry":{"type":"Point","coordinates":[34.7976814,32.0884467]},"properties":{"amenity":"toilets"}},
{"type":"Feature","geometry":{"type":"Point","coordinates":[34.7815993,32.0749002]},"properties":{"crossing":"uncontrolled","highway":"crossing"}},
{"type":"Feature","geometry":{"type":"Point","coordinates":[34.7814431,32.0755616]},"properties":{"crossing":"traffic_signals","crossing:island":"no","highway":"crossing"}},
{"type":"Feature","geometry":{"type":"Point","coordinates":[34.7808393,32.0714561]},"properties":{"bicycle":"designated","crossing":"marked","crossing:markings":"yes","foot":"designated","highway":"crossing","segregated":"yes"}},
{"type":"Feature","geometry":{"type":"Point","coordinates":[34.7819707,32.0735474]},"properties":{"bicycle":"designated","crossing":"traffic_signals","highway":"crossing"}},
{"type":"Feature","geometry":{"type":"Point","coordinates":[34.781891,32.0743009]},"properties":{"crossing:markings":"yes","crossing:signals":"no","highway":"crossing"}},
{"type":"Feature","geometry":{"type":"Point","coordinates":[34.7818482,32.0712692]},"properties":{"bicycle":"designated","button_operated":"no","crossing":"traffic_signals","highway":"crossing","traffic_signals:sound":"yes","traffic_signals:vibration":"yes"}},
{"type":"Feature","geometry":{"type":"Point","coordinates":[34.7816647,32.0742861]},"properties":{"crossing":"uncontrolled","highway":"crossing"}},
{"type":"Feature","geometry":{"type":"Point","coordinates":[34.7786683,32.0724014]},"properties":{"crossing":"traffic_signals","highway":"crossing"}},
{"type":"Feature","geometry":{"type":"Point","coordinates":[34.7819673,32.0734933]},"properties":{"crossing":"traffic_signals","highway":"crossing"}},
{"type":"Feature","geometry":{"type":"Point","coordinates":[34.7968847,32.0638501]},"properties":{"bicycle":"yes","button_operated":"no","crossing":"traffic_signals","highway":"crossing"}},
{"type":"Feature","geometry":{"type":"Point","coordinates":[34.8066009,32.0581866]},"properties":{"amenity":"drinking_water"}},
{"type":"Feature","geometry":{"type":"Point","coordinates":[34.8071152,32.0590319]},"properties":{"amenity":"drinking_water"}},
{"type":"Feature","geometry":{"type":"Point","coordinates":[34.7800266,32.0717343]},"properties":{"bicycle":"designated","crossing":"marked","crossing:markings":"yes","foot":"designated","highway":"crossing","segregated":"yes"}},
{"type":"Feature","geometry":{"type":"Point","coordinates":[34.7828262,32.0900743]},"properties":{"crossing":"marked","crossing:markings":"yes","highway":"crossing"}},
{"type":"Feature","geometry":{"type":"Point","coordinates":[34.7676347,32.0607218]},"properties":{"crossing":"marked","highway":"crossing"}},
{"type":"Feature","geometry":{"type":"Point","coordinates":[34.7872208,32.0691323]},"properties":{"crossing":"marked","crossing:markings":"yes","highway":"crossing"}},
{"type":"Feature","geometry":{"type":"Point","coordinates":[34.7763154,32.0482808]},"properties":{"crossing":"marked","highway":"crossing"}},
{"type":"Feature","geometry":{"type":"Point","coordinates":[34.7767229,32.048153]},"properties":{"crossing":"marked","highway":"crossing"}},
{"type":"Feature","geometry":{"type":"Point","coordinates":[34.7759266,32.060581]},"properties":{"highway":"traffic_signals","traffic_signals":"signal"}},
{"type":"Feature","geometry":{"type":"Point","coordinates":[34.7732406,32.0494667]},"properties":{"addr:housenumber":"110","addr:street":"הר ציון","crossing":"marked","highway":"crossing","source":"Tel Aviv municipality"}},
{"type":"Feature","geometry":{"type":"Point","coordinates":[34.802372,32.0825958]},"properties":{"amenity":"toilets","check_date":"2021-10-16","fee":"no","opening_hours":"24/7","wheelchair":"yes"}},
{"type":"Feature","geometry":{"type":"Point","coordinates":[34.7731029,32.0617408]},"properties":{"crossing":"marked","crossing:markings":"yes","highway":"crossing"}},
{"type":"Feature","geometry":{"type":"Point","coordinates":[34.7673354,32.0519927]},"properties":{"amenity":"toilets"}},
{"type":"Feature","geometry":{"type":"Point","coordinates":[34.8035792,32.0632248]},"properties":{"highway":"traffic_signals"}},
{"type":"Feature","geometry":{"type":"Point","coordinates":[34.7967958,32.0639732]},"properties":{"crossing":"uncontrolled","highway":"traffic_signals"}},
{"type":"Feature","geometry":{"type":"Point","coordinates":[34.7989457,32.0641737]},"properties":{"button_operated":"no","crossing":"traffic_signals","highway":"crossing","traffic_signals:sound":"yes","traffic_signals:vibration":"no"}},
{"type":"Feature","geometry":{"type":"Point","coordinates":[34.7799387,32.0677234]},"properties":{"highway":"traffic_signals"}},
{"type":"Feature","geometry":{"type":"Point","coordinates":[34.799548,32.0811795]},"properties":{"amenity":"drinking_water"}},
{"type":"Feature","geometry":{"type":"Point","coordinates":[34.8212984,32.0968449]},"properties":{"crossing":"marked","crossing:markings":"yes","highway":"crossing"}},
{"type":"Feature","geometry":{"type":"Point","coordinates":[34.759156,32.0330095]},"properties":{"barrier":"bollard"}},
{"type":"Feature","geometry":{"type":"Point","coordinates":[34.7586636,32.0363619]},"properties":{"crossing":"traffic_signals","highway":"crossing","tactile_paving":"yes"}},
{"type":"Feature","geometry":{"type":"Point","coordinates":[34.7549952,32.0363565]},"properties":{"crossing":"traffic_signals","crossing:markings":"yes","highway":"crossing"}},
{"type":"Feature","geometry":{"type":"Point","coordinates":[34.7557954,32.0380863]},"properties":{"crossing":"traffic_signals","crossing:markings":"yes","highway":"crossing"}},
{"type":"Feature","geometry":{"type":"Point","coordinates":[34.7500921,32.0372746]},"properties":{"crossing":"marked","crossing:island":"no","crossing:markings":"yes","highway":"crossing","tactile_paving":"yes"}},
{"type":"Feature","geometry":{"type":"Point","coordinates":[34.7607852,32.0606112]},"properties":{"crossing":"traffic_signals","highway":"crossing"}},
{"type":"Feature","geometry":{"type":"Point","coordinates":[34.7605912,32.06066]},"properties":{"crossing":"traffic_signals","highway":"traffic_signals","traffic_signals":"signal"}},
{"type":"Feature","geometry":{"type":"Point","coordinates":[34.763528,32.0629707]},"properties":{"crossing":"informal"}},
{"type":"Feature","geometry":{"type":"Point","coordinates":[34.787215,32.0675405]},"properties":{"bicycle":"yes","button_operated":"no","crossing":"traffic_signals","crossing:island":"yes","highway":"crossing","traffic_signals:sound":"yes"}},
{"type":"Feature","geometry":{"type":"Point","coordinates":[34.8116222,32.0868225]},"properties":{"amenity":"toilets","check_date":"2023-06-13"}},
{"type":"Feature","geometry":{"type":"Point","coordinates":[34.7783911,32.1003941]},"properties":{"amenity":"drinking_water","fountain":"bubbler"}},
{"type":"Feature","geometry":{"type":"Point","coordinates":[34.7823078,32.119607]},"properties":{"amenity":"drinking_water"}},
{"type":"Feature","geometry":{"type":"Point","coordinates":[34.7828482,32.1213327]},"properties":{"barrier":"bollard"}},
{"type":"Feature","geometry":{"type":"Point","coordinates":[34.7832052,32.1218501]},"properties":{"amenity":"drinking_water","fee":"no","wheelchair":"yes"}},
{"type":"Feature","geometry":{"type":"Point","coordinates":[34.7917987,32.1233199]},"properties":{"bicycle":"yes","crossing":"uncontrolled","crossing:markings":"yes","highway":"crossing"}},
{"type":"Feature","geometry":{"type":"Point","coordinates":[34.7849268,32.1022003]},"properties":{"crossing":"marked","crossing:markings":"yes","highway":"crossing"}},
{"type":"Feature","geometry":{"type":"Point","coordinates":[34.788691,32.1031492]},"properties":{"barrier":"bollard","bicycle":"yes","foot":"yes"}},
{"type":"Feature","geometry":{"type":"Point","coordinates":[34.7884442,32.104638]},"properties":{"crossing":"uncontrolled","crossing:markings":"yes","highway":"crossing"}},
{"type":"Feature","geometry":{"type":"Point","coordinates":[34.7883801,32.1048714]},"properties":{"crossing":"uncontrolled","crossing:markings":"yes","highway":"crossing"}},
{"type":"Feature","geometry":{"type":"Point","coordinates":[34.7892446,32.1121207]},"properties":{"crossing":"uncontrolled","crossing:markings":"yes","highway":"crossing"}},
{"type":"Feature","geometry":{"type":"Point","coordinates":[34.7898038,32.1149588]},"properties":{"bicycle":"yes","crossing":"uncontrolled","highway":"crossing"}},
{"type":"Feature","geometry":{"type":"Point","coordinates":[34.7901982,32.1170646]},"properties":{"bicycle":"yes","crossing":"uncontrolled","highway":"crossing"}},
{"type":"Feature","geometry":{"type":"Point","coordinates":[34.7931058,32.1232734]},"properties":{"barrier":"bollard"}},
{"type":"Feature","geometry":{"type":"Point","coordinates":[34.7844351,32.0601026]},"properties":{"highway":"traffic_signals","traffic_signals":"signal"}},
{"type":"Feature","geometry":{"type":"Point","coordinates":[34.7787814,32.0380141]},"properties":{"crossing":"traffic_signals","highway":"crossing"}},
{"type":"Feature","geometry":{"type":"Point","coordinates":[34.7760771,32.0957339]},"properties":{"crossing":"marked","crossing:markings":"yes","highway":"crossing"}},
{"type":"Feature","geometry":{"type":"Point","coordinates":[34.8002453,32.0591683]},"properties":{"crossing":"traffic_signals","crossing:island":"yes","highway":"crossing"}},
{"type":"Feature","geometry":{"type":"Point","coordinates":[34.8005329,32.0592344]},"properties":{"crossing":"traffic_signals","highway":"crossing"}},
{"type":"Feature","geometry":{"type":"Point","coordinates":[34.7997256,32.0499024]},"properties":{"crossing":"traffic_signals","highway":"crossing"}},
{"type":"Feature","geometry":{"type":"Point","coordinates":[34.7993265,32.0642144]},"properties":{"button_operated":"no","crossing":"traffic_signals","highway":"crossing","traffic_signals:sound":"yes"}},
{"type":"Feature","geometry":{"type":"Point","coordinates":[34.777985,32.0389648]},"properties":{"crossing":"marked","crossing:markings":"yes","highway":"crossing"}},
{"type":"Feature","geometry":{"type":"Point","coordinates":[34.7762367,32.0399293]},"properties":{"amenity":"drinking_water"}},
{"type":"Feature","geometry":{"type":"Point","coordinates":[34.7749229,32.0407525]},"properties":{"bicycle":"yes","crossing":"traffic_signals","highway":"crossing"}},
{"type":"Feature","geometry":{"type":"Point","coordinates":[34.7748542,32.0408001]},"properties":{"bicycle":"yes","crossing":"traffic_signals","highway":"crossing"}},
{"type":"Feature","geometry":{"type":"Point","coordinates":[34.7736725,32.0415813]},"properties":{"amenity":"drinking_water"}},
{"type":"Feature","geometry":{"type":"Point","coordinates":[34.7734907,32.0618847]},"properties":{"crossing":"traffic_signals","highway":"crossing","traffic_signals:vibration":"no"}},
{"type":"Feature","geometry":{"type":"Point","coordinates":[34.7513922,32.0537067]},"properties":{"amenity":"toilets"}},
{"type":"Feature","geometry":{"type":"Point","coordinates":[34.7699437,32.0513184]},"properties":{"crossing":"traffic_signals","highway":"crossing"}},
{"type":"Feature","geometry":{"type":"Point","coordinates":[34.8005329,32.0592721]},"properties":{"highway":"crossing"}},
{"type":"Feature","geometry":{"type":"Point","coordinates":[34.7667224,32.0781283]},"properties":{"highway":"traffic_signals","traffic_signals":"signal"}},
{"type":"Feature","geometry":{"type":"Point","coordinates":[34.7671997,32.0800805]},"properties":{"highway":"traffic_signals","traffic_signals":"signal"}},
{"type":"Feature","geometry":{"type":"Point","coordinates":[34.7583818,32.0461588]},"properties":{"crossing":"unmarked","crossing:markings":"no","highway":"crossing"}},
{"type":"Feature","geometry":{"type":"Point","coordinates":[34.7585271,32.0470881]},"properties":{"crossing":"unmarked","crossing:markings":"no","highway":"crossing"}},
{"type":"Feature","geometry":{"type":"Point","coordinates":[34.7586976,32.0483574]},"properties":{"crossing":"unmarked","crossing:markings":"no","highway":"crossing"}},
{"type":"Feature","geometry":{"type":"Point","coordinates":[34.7588644,32.0496052]},"properties":{"button_operated":"yes","crossing":"traffic_signals","crossing:island":"no","crossing:markings":"yes","highway":"crossing","traffic_signals:sound":"yes"}},
{"type":"Feature","geometry":{"type":"Point","coordinates":[34.7590399,32.0509423]},"properties":{"crossing":"traffic_signals","highway":"crossing","tactile_paving":"yes"}},
{"type":"Feature","geometry":{"type":"Point","coordinates":[34.7590524,32.0510541]},"properties":{"crossing":"unmarked","crossing:markings":"no","highway":"crossing"}},
{"type":"Feature","geometry":{"type":"Point","coordinates":[34.7818277,32.0756036]},"properties":{"crossing":"traffic_signals","highway":"crossing"}},
{"type":"Feature","geometry":{"type":"Point","coordinates":[34.7816118,32.0763098]},"properties":{"crossing":"uncontrolled","highway":"crossing"}},
{"type":"Feature","geometry":{"type":"Point","coordinates":[34.7813779,32.0785266]},"properties":{"bicycle":"yes","crossing":"uncontrolled","crossing:markings":"yes","highway":"crossing"}},
{"type":"Feature","geometry":{"type":"Point","coordinates":[34.7813994,32.0795023]},"properties":{"bicycle":"designated","button_operated":"yes","crossing":"traffic_signals","highway":"crossing","traffic_signals:sound":"yes"}},
{"type":"Feature","geometry":{"type":"Point","coordinates":[34.7814238,32.0801789]},"properties":{"bicycle":"designated","button_operated":"yes","traffic_signals:sound":"yes"}},
{"type":"Feature","geometry":{"type":"Point","coordinates":[34.7814579,32.0814933]},"properties":{"bicycle":"designated","crossing":"traffic_signals","highway":"crossing","traffic_signals:sound":"yes"}},
{"type":"Feature","geometry":{"type":"Point","coordinates":[34.7817293,32.0844516]},"properties":{"crossing":"uncontrolled","crossing:island":"no","crossing:markings":"yes","highway":"crossing"}},
{"type":"Feature","geometry":{"type":"Point","coordinates":[34.7819394,32.0853106]},"properties":{"bicycle":"destination","check_date:crossing":"2022-07-07","crossing":"traffic_signals","highway":"crossing"}},
{"type":"Feature","geometry":{"type":"Point","coordinates":[34.7830579,32.0909738]},"properties":{"crossing":"traffic_signals","highway":"crossing"}},
{"type":"Feature","geometry":{"type":"Point","coordinates":[34.7835512,32.0938995]},"properties":{"bicycle":"designated","crossing":"marked","crossing:markings":"yes","highway":"crossing"}},
{"type":"Feature","geometry":{"type":"Point","coordinates":[34.7835916,32.0940578]},"properties":{"bicycle":"designated","button_operated":"no","crossing":"traffic_signals","highway":"crossing","traffic_signals:sound":"no"}},
{"type":"Feature","geometry":{"type":"Point","coordinates":[34.775757,32.0751732]},"properties":{"amenity":"toilets","level":"-1"}},
{"type":"Feature","geometry":{"type":"Point","coordinates":[34.7811822,32.0775544]},"properties":{"bicycle":"designated","crossing":"uncontrolled","highway":"crossing"}},
{"type":"Feature","geometry":{"type":"Point","coordinates":[34.7811693,32.0781555]},"properties":{"crossing":"uncontrolled","highway":"crossing"}},
{"type":"Feature","geometry":{"type":"Point","coordinates":[34.7811426,32.0794914]},"properties":{"button_operated":"yes","crossing":"traffic_signals","highway":"crossing","traffic_signals:sound":"yes"}},
{"type":"Feature","geometry":{"type":"Point","coordinates":[34.7820152,32.0870502]},"properties":{"crossing":"uncontrolled","crossing:markings":"yes","highway":"crossing"}},
{"type":"Feature","geometry":{"type":"Point","coordinates":[34.7822009,32.088174]},"properties":{"crossing":"traffic_signals","crossing:island":"no","highway":"crossing"}},
{"type":"Feature","geometry":{"type":"Point","coordinates":[34.7825,32.089533]},"properties":{"bicycle":"designated","crossing":"traffic_signals","highway":"crossing"}},
{"type":"Feature","geometry":{"type":"Point","coordinates":[34.782576,32.0900011]},"properties":{"crossing":"marked","crossing:markings":"yes","highway":"crossing","kerb":"lowered"}},
{"type":"Feature","geometry":{"type":"Point","coordinates":[34.7827829,32.0917985]},"properties":{"bicycle":"designated","crossing":"traffic_signals","highway":"crossing"}},
{"type":"Feature","geometry":{"type":"Point","coordinates":[34.7833707,32.0940462]},"properties":{"bicycle":"yes","crossing:signals":"yes","highway":"crossing"}},
{"type":"Feature","geometry":{"type":"Point","coordinates":[34.7835071,32.0947768]},"properties":{"crossing":"marked","crossing:markings":"yes","highway":"crossing"}},
{"type":"Feature","geometry":{"type":"Point","coordinates":[34.7991942,32.0609325]},"properties":{"highway":"crossing"}},
{"type":"Feature","geometry":{"type":"Point","coordinates":[34.7637792,32.0580169]},"properties":{"amenity":"toilets"}},
{"type":"Feature","geometry":{"type":"Point","coordinates":[34.8049992,32.0482594]},"properties":{"barrier":"cycle_barrier"}},
{"type":"Feature","geometry":{"type":"Point","coordinates":[34.7818645,32.0754121]},"properties":{"crossing:markings":"yes","crossing:signals":"no","highway":"crossing"}},
{"type":"Feature","geometry":{"type":"Point","coordinates":[34.7661809,32.0676661]},"properties":{"amenity":"toilets","fee":"no","survey:date":"2025-09-14","wheelchair":"yes"}},
{"type":"Feature","geometry":{"type":"Point","coordinates":[34.7644259,32.0730097]},"properties":{"amenity":"toilets","check_date":"2022-06-16","fee":"yes","opening_hours":"Mo-Su 07:00-23:00"}},
{"type":"Feature","geometry":{"type":"Point","coordinates":[34.7819064,32.0851679]},"properties":{"crossing":"marked","crossing:markings":"zebra","highway":"crossing"}},
{"type":"Feature","geometry":{"type":"Point","coordinates":[34.7613925,32.0386233]},"properties":{"crossing":"traffic_signals","highway":"crossing"}},
{"type":"Feature","geometry":{"type":"Point","coordinates":[34.7615168,32.038801]},"properties":{"crossing":"marked","crossing:markings":"yes","highway":"crossing"}},
{"type":"Feature","geometry":{"type":"Point","coordinates":[34.7895292,32.0856148]},"properties":{"highway":"crossing"}},
{"type":"Feature","geometry":{"type":"Point","coordinates":[34.7558345,32.0381623]},"properties":{"crossing":"uncontrolled","crossing:markings":"yes","highway":"crossing"}},
{"type":"Feature","geometry":{"type":"Point","coordinates":[34.7586263,32.0478207]},"properties":{"crossing":"unmarked","crossing:markings":"no","highway":"crossing"}},
{"type":"Feature","geometry":{"type":"Point","coordinates":[34.8190889,32.1213124]},"properties":{"amenity":"drinking_water"}},
{"type":"Feature","geometry":{"type":"Point","coordinates":[34.7611636,32.0387612]},"properties":{"crossing":"traffic_signals","highway":"crossing"}},
{"type":"Feature","geometry":{"type":"Point","coordinates":[34.7613153,32.0387115]},"properties":{"crossing":"traffic_signals","highway":"crossing"}},
{"type":"Feature","geometry":{"type":"Point","coordinates":[34.762717,32.0459996]},"properties":{"crossing":"uncontrolled","highway":"crossing"}},
{"type":"Feature","geometry":{"type":"Point","coordinates":[34.7779725,32.0388238]},"properties":{"crossing":"traffic_signals","highway":"crossing"}},
{"type":"Feature","geometry":{"type":"Point","coordinates":[34.789249,32.1026918]},"properties":{"crossing":"marked","crossing:markings":"yes","highway":"crossing"}},
{"type":"Feature","geometry":{"type":"Point","coordinates":[34.7893212,32.1125214]},"properties":{"crossing":"uncontrolled","crossing:markings":"yes","highway":"crossing"}},
{"type":"Feature","geometry":{"type":"Point","coordinates":[34.7926819,32.1026292]},"properties":{"crossing":"traffic_signals","highway":"crossing"}},
{"type":"Feature","geometry":{"type":"Point","coordinates":[34.8133568,32.0954797]},"properties":{"amenity":"drinking_water"}},
{"type":"Feature","geometry":{"type":"Point","coordinates":[34.8227624,32.1039395]},"properties":{"amenity":"drinking_water","fixme":"location is approximate, added from memory"}},
{"type":"Feature","geometry":{"type":"Point","coordinates":[34.7983917,32.0909027]},"properties":{"crossing":"marked","crossing:markings":"yes","highway":"crossing"}},
{"type":"Feature","geometry":{"type":"Point","coordinates":[34.8116069,32.096392]},"properties":{"barrier":"bollard"}},
{"type":"Feature","geometry":{"type":"Point","coordinates":[34.8333223,32.1057087]},"properties":{"barrier":"bollard","bicycle":"yes","foot":"yes","horse":"yes"}},
{"type":"Feature","geometry":{"type":"Point","coordinates":[34.833133,32.1057278]},"properties":{"barrier":"bollard","bicycle":"yes","foot":"yes","horse":"yes"}},
{"type":"Feature","geometry":{"type":"Point","coordinates":[34.8312182,32.0375426]},"properties":{"button_operated":"no","crossing":"traffic_signals","highway":"crossing","traffic_signals:sound":"yes","traffic_signals:vibration":"yes"}},
{"type":"Feature","geometry":{"type":"Point","coordinates":[34.8182722,32.0930353]},"properties":{"amenity":"drinking_water"}},
{"type":"Feature","geometry":{"type":"Point","coordinates":[34.7854639,32.0632988]},"properties":{"button_operated":"no","crossing":"traffic_signals","highway":"crossing"}},
{"type":"Feature","geometry":{"type":"Point","coordinates":[34.806318,32.0565379]},"properties":{"button_operated":"no","crossing":"traffic_signals","crossing:island":"no","highway":"crossing","traffic_signals:sound":"yes","traffic_signals:vibration":"no"}},
{"type":"Feature","geometry":{"type":"Point","coordinates":[34.7631765,32.068932]},"properties":{"traffic_signals":"signal"}},
{"type":"Feature","geometry":{"type":"Point","coordinates":[34.8049492,32.0418827]},"properties":{"amenity":"toilets","check_date":"2026-04-19","fee":"no"}},
{"type":"Feature","geometry":{"type":"Point","coordinates":[34.7919644,32.042211]},"properties":{"amenity":"drinking_water"}},
{"type":"Feature","geometry":{"type":"Point","coordinates":[34.8045341,32.0433821]},"properties":{"amenity":"drinking_water"}},
{"type":"Feature","geometry":{"type":"Point","coordinates":[34.7590137,32.0362133]},"properties":{"crossing":"traffic_signals","highway":"crossing"}},
{"type":"Feature","geometry":{"type":"Point","coordinates":[34.7591625,32.0362668]},"properties":{"crossing":"traffic_signals","highway":"crossing"}},
{"type":"Feature","geometry":{"type":"Point","coordinates":[34.7582532,32.0454109]},"properties":{"crossing":"traffic_signals","highway":"crossing"}},
{"type":"Feature","geometry":{"type":"Point","coordinates":[34.7763587,32.0923997]},"properties":{"crossing":"traffic_signals","crossing_ref":"zebra","highway":"crossing"}},
{"type":"Feature","geometry":{"type":"Point","coordinates":[34.7743792,32.0844598]},"properties":{"crossing":"traffic_signals","highway":"crossing"}},
{"type":"Feature","geometry":{"type":"Point","coordinates":[34.7743187,32.0842781]},"properties":{"crossing":"traffic_signals","highway":"crossing"}},
{"type":"Feature","geometry":{"type":"Point","coordinates":[34.7720093,32.0708755]},"properties":{"crossing":"uncontrolled","highway":"crossing"}},
{"type":"Feature","geometry":{"type":"Point","coordinates":[34.7724701,32.0848958]},"properties":{"crossing":"traffic_signals","highway":"crossing"}},
{"type":"Feature","geometry":{"type":"Point","coordinates":[34.7661734,32.0734723]},"properties":{"crossing":"traffic_signals","highway":"crossing"}},
{"type":"Feature","geometry":{"type":"Point","coordinates":[34.7598859,32.0569089]},"properties":{"crossing":"traffic_signals","crossing:markings":"yes","highway":"crossing"}},
{"type":"Feature","geometry":{"type":"Point","coordinates":[34.759001,32.037801]},"properties":{"amenity":"drinking_water"}},
{"type":"Feature","geometry":{"type":"Point","coordinates":[34.7580728,32.0378012]},"properties":{"amenity":"drinking_water"}},
{"type":"Feature","geometry":{"type":"Point","coordinates":[34.7571332,32.0384987]},"properties":{"amenity":"drinking_water"}},
{"type":"Feature","geometry":{"type":"Point","coordinates":[34.8005367,32.0591281]},"properties":{"crossing":"traffic_signals","highway":"crossing"}},
{"type":"Feature","geometry":{"type":"Point","coordinates":[34.7639691,32.0499241]},"properties":{"button_operated":"no","crossing":"traffic_signals","highway":"crossing"}},
{"type":"Feature","geometry":{"type":"Point","coordinates":[34.7646197,32.056275]},"properties":{"highway":"crossing"}},
{"type":"Feature","geometry":{"type":"Point","coordinates":[34.8203738,32.0927946]},"properties":{"amenity":"drinking_water"}},
{"type":"Feature","geometry":{"type":"Point","coordinates":[34.7899044,32.1074524]},"properties":{"amenity":"drinking_water"}},
{"type":"Feature","geometry":{"type":"Point","coordinates":[34.7661486,32.0463338]},"properties":{"amenity":"toilets"}},
{"type":"Feature","geometry":{"type":"Point","coordinates":[34.767124,32.0804029]},"properties":{"amenity":"toilets","check_date":"2022-09-27","fee":"yes","wheelchair":"yes"}},
{"type":"Feature","geometry":{"type":"Point","coordinates":[34.7967435,32.0638823]},"properties":{"button_operated":"yes","crossing":"traffic_signals","highway":"crossing"}},
{"type":"Feature","geometry":{"type":"Point","coordinates":[34.7993653,32.0564262]},"properties":{"bicycle":"yes","crossing":"uncontrolled","highway":"crossing"}},
{"type":"Feature","geometry":{"type":"Point","coordinates":[34.7762398,32.0411515]},"properties":{"bicycle":"designated","highway":"crossing"}},
{"type":"Feature","geometry":{"type":"Point","coordinates":[34.7789484,32.0414788]},"properties":{"bicycle":"designated","highway":"crossing"}},
{"type":"Feature","geometry":{"type":"Point","coordinates":[34.7798538,32.0420844]},"properties":{"bicycle":"designated","highway":"crossing"}},
{"type":"Feature","geometry":{"type":"Point","coordinates":[34.7805027,32.0427967]},"properties":{"highway":"crossing"}},
{"type":"Feature","geometry":{"type":"Point","coordinates":[34.7808743,32.0443041]},"properties":{"bicycle":"yes","highway":"crossing"}},
{"type":"Feature","geometry":{"type":"Point","coordinates":[34.7797719,32.0421396]},"properties":{"bicycle":"designated","highway":"crossing"}},
{"type":"Feature","geometry":{"type":"Point","coordinates":[34.7762704,32.0412447]},"properties":{"bicycle":"designated","highway":"crossing"}},
{"type":"Feature","geometry":{"type":"Point","coordinates":[34.7801201,32.0423432]},"properties":{"highway":"crossing"}},
{"type":"Feature","geometry":{"type":"Point","coordinates":[34.7705107,32.0695633]},"properties":{"amenity":"toilets","female":"yes","male":"yes","name":"מדרחוב נחלת בינימין","name:he":"מדרחוב נחלת בינימין","opening_hours":"Apr-Oct 08:00-20:00; Nov-Mar 10:00-19:00","wheelchair":"yes"}},
{"type":"Feature","geometry":{"type":"Point","coordinates":[34.8037411,32.0432168]},"properties":{"amenity":"drinking_water"}},
{"type":"Feature","geometry":{"type":"Point","coordinates":[34.7871497,32.0938108]},"properties":{"crossing":"traffic_signals","highway":"crossing"}},
{"type":"Feature","geometry":{"type":"Point","coordinates":[34.7799796,32.0795542]},"properties":{"button_operated":"yes","crossing":"traffic_signals","highway":"crossing","traffic_signals:sound":"no"}},
{"type":"Feature","geometry":{"type":"Point","coordinates":[34.7799292,32.0815468]},"properties":{"button_operated":"yes","crossing":"traffic_signals","highway":"crossing","traffic_signals:sound":"yes"}},
{"type":"Feature","geometry":{"type":"Point","coordinates":[34.7799796,32.079498]},"properties":{"button_operated":"yes","crossing":"traffic_signals","highway":"crossing","traffic_signals:sound":"no"}},
{"type":"Feature","geometry":{"type":"Point","coordinates":[34.781224,32.0793299]},"properties":{"bicycle":"designated","button_operated":"yes","crossing":"traffic_signals","highway":"crossing","traffic_signals:sound":"yes"}},
{"type":"Feature","geometry":{"type":"Point","coordinates":[34.7813189,32.0793239]},"properties":{"bicycle":"designated","button_operated":"yes","crossing":"traffic_signals","highway":"crossing","traffic_signals:sound":"yes"}},
{"type":"Feature","geometry":{"type":"Point","coordinates":[34.7991136,32.0683381]},"properties":{"highway":"crossing"}},
{"type":"Feature","geometry":{"type":"Point","coordinates":[34.7988754,32.0683785]},"properties":{"highway":"crossing"}},
{"type":"Feature","geometry":{"type":"Point","coordinates":[34.7925257,32.1028987]},"properties":{"crossing":"traffic_signals","highway":"crossing"}},
{"type":"Feature","geometry":{"type":"Point","coordinates":[34.792546,32.1027584]},"properties":{"crossing":"traffic_signals","highway":"crossing"}},
{"type":"Feature","geometry":{"type":"Point","coordinates":[34.7779103,32.0825156]},"properties":{"bicycle":"designated","button_operated":"yes","crossing":"traffic_signals","highway":"crossing","traffic_signals:sound":"yes","traffic_signals:vibration":"yes"}},
{"type":"Feature","geometry":{"type":"Point","coordinates":[34.7779698,32.0826884]},"properties":{"bicycle":"designated","button_operated":"yes","crossing":"traffic_signals","highway":"crossing","traffic_signals:sound":"yes","traffic_signals:vibration":"yes"}},
{"type":"Feature","geometry":{"type":"Point","coordinates":[34.7780813,32.082521]},"properties":{"bicycle":"designated","button_operated":"yes","crossing":"traffic_signals","highway":"crossing","traffic_signals:sound":"yes","traffic_signals:vibration":"yes"}},
{"type":"Feature","geometry":{"type":"Point","coordinates":[34.7779385,32.0826231]},"properties":{"crossing":"marked","crossing:markings":"yes","highway":"crossing"}},
{"type":"Feature","geometry":{"type":"Point","coordinates":[34.7799683,32.0815277]},"properties":{"bicycle":"designated","button_operated":"yes","crossing":"traffic_signals","highway":"crossing","traffic_signals:sound":"yes"}},
{"type":"Feature","geometry":{"type":"Point","coordinates":[34.7817428,32.073798]},"properties":{"bicycle":"designated","crossing":"traffic_signals","crossing:markings":"yes","highway":"crossing"}},
{"type":"Feature","geometry":{"type":"Point","coordinates":[34.7818693,32.0737973]},"properties":{"bicycle":"designated","crossing":"traffic_signals","crossing:markings":"yes","highway":"crossing"}},
{"type":"Feature","geometry":{"type":"Point","coordinates":[34.7954921,32.0911557]},"properties":{"button_operated":"no","crossing":"traffic_signals","highway":"crossing","traffic_signals:sound":"no","traffic_signals:vibration":"no"}},
{"type":"Feature","geometry":{"type":"Point","coordinates":[34.7954594,32.0914233]},"properties":{"button_operated":"no","crossing":"traffic_signals","highway":"crossing","traffic_signals:sound":"no","traffic_signals:vibration":"no"}},
{"type":"Feature","geometry":{"type":"Point","coordinates":[34.7954623,32.0912937]},"properties":{"button_operated":"no","crossing":"traffic_signals","highway":"crossing","traffic_signals:sound":"no","traffic_signals:vibration":"no"}},
{"type":"Feature","geometry":{"type":"Point","coordinates":[34.7809094,32.0471049]},"properties":{"bicycle":"yes","highway":"crossing"}},
{"type":"Feature","geometry":{"type":"Point","coordinates":[34.7801147,32.0424113]},"properties":{"bicycle":"designated","highway":"crossing"}},
{"type":"Feature","geometry":{"type":"Point","coordinates":[34.788717,32.077103]},"properties":{"bicycle":"yes","crossing":"traffic_signals","highway":"crossing"}},
{"type":"Feature","geometry":{"type":"Point","coordinates":[34.7889153,32.0772095]},"properties":{"crossing":"marked","highway":"crossing"}},
{"type":"Feature","geometry":{"type":"Point","coordinates":[34.7888201,32.0771365]},"properties":{"crossing":"traffic_signals","highway":"crossing"}},
{"type":"Feature","geometry":{"type":"Point","coordinates":[34.7845446,32.0758389]},"properties":{"crossing":"marked","highway":"crossing"}},
{"type":"Feature","geometry":{"type":"Point","coordinates":[34.8004731,32.0590784]},"properties":{"highway":"crossing"}},
{"type":"Feature","geometry":{"type":"Point","coordinates":[34.8003071,32.0592696]},"properties":{"crossing":"traffic_signals","highway":"crossing"}},
{"type":"Feature","geometry":{"type":"Point","coordinates":[34.8003265,32.0590989]},"properties":{"crossing":"traffic_signals","highway":"crossing"}},
{"type":"Feature","geometry":{"type":"Point","coordinates":[34.7814033,32.0817215]},"properties":{"button_operated":"yes","crossing":"traffic_signals","highway":"crossing","traffic_signals:sound":"yes","traffic_signals:vibration":"yes"}},
{"type":"Feature","geometry":{"type":"Point","coordinates":[34.7812726,32.0817229]},"properties":{"button_operated":"yes","crossing":"traffic_signals","highway":"crossing","traffic_signals:sound":"yes","traffic_signals:vibration":"yes"}},
{"type":"Feature","geometry":{"type":"Point","coordinates":[34.7817474,32.0853907]},"properties":{"bicycle":"designated","crossing":"traffic_signals","highway":"crossing"}},
{"type":"Feature","geometry":{"type":"Point","coordinates":[34.7813273,32.0833084]},"properties":{"bicycle":"designated","crossing":"traffic_signals","highway":"crossing"}},
{"type":"Feature","geometry":{"type":"Point","coordinates":[34.7819046,32.0853485]},"properties":{"bicycle":"designated","crossing":"traffic_signals","highway":"crossing"}},
{"type":"Feature","geometry":{"type":"Point","coordinates":[34.7814572,32.0833]},"properties":{"bicycle":"designated","crossing":"traffic_signals","highway":"crossing"}},
{"type":"Feature","geometry":{"type":"Point","coordinates":[34.7824775,32.0880553]},"properties":{"bicycle":"designated","crossing":"traffic_signals","highway":"crossing"}},
{"type":"Feature","geometry":{"type":"Point","coordinates":[34.7823045,32.0883164]},"properties":{"bicycle":"designated","crossing":"traffic_signals","highway":"crossing"}},
{"type":"Feature","geometry":{"type":"Point","coordinates":[34.7822466,32.088023]},"properties":{"bicycle":"yes","crossing":"traffic_signals","highway":"crossing"}},
{"type":"Feature","geometry":{"type":"Point","coordinates":[34.7823617,32.0880052]},"properties":{"bicycle":"yes","crossing":"traffic_signals","highway":"crossing"}},
{"type":"Feature","geometry":{"type":"Point","coordinates":[34.7824199,32.0882981]},"properties":{"bicycle":"designated","crossing":"traffic_signals","highway":"crossing"}},
{"type":"Feature","geometry":{"type":"Point","coordinates":[34.7825045,32.0893862]},"properties":{"bicycle":"yes","highway":"traffic_signals","traffic_signals":"signal"}},
{"type":"Feature","geometry":{"type":"Point","coordinates":[34.7826325,32.0893639]},"properties":{"bicycle":"yes","highway":"traffic_signals","traffic_signals":"signal"}},
{"type":"Feature","geometry":{"type":"Point","coordinates":[34.7834014,32.093992]},"properties":{"bicycle":"designated","crossing:signals":"yes","highway":"crossing"}},
{"type":"Feature","geometry":{"type":"Point","coordinates":[34.7835176,32.0939736]},"properties":{"bicycle":"designated","crossing:signals":"yes","highway":"crossing"}},
{"type":"Feature","geometry":{"type":"Point","coordinates":[34.7925513,32.1026248]},"properties":{"crossing":"traffic_signals","highway":"crossing"}},
{"type":"Feature","geometry":{"type":"Point","coordinates":[34.8040845,32.0883138]},"properties":{"crossing":"uncontrolled","crossing:markings":"yes","highway":"crossing"}},
{"type":"Feature","geometry":{"type":"Point","coordinates":[34.7841921,32.0594274]},"properties":{"crossing":"traffic_signals","highway":"crossing"}},
{"type":"Feature","geometry":{"type":"Point","coordinates":[34.7794504,32.0631932]},"properties":{"button_operated":"yes","crossing":"traffic_signals","highway":"crossing","traffic_signals:sound":"yes","traffic_signals:vibration":"no"}},
{"type":"Feature","geometry":{"type":"Point","coordinates":[34.77936,32.0632728]},"properties":{"button_operated":"yes","crossing":"traffic_signals","highway":"crossing","traffic_signals:sound":"yes","traffic_signals:vibration":"no"}},
{"type":"Feature","geometry":{"type":"Point","coordinates":[34.8039427,32.1115865]},"properties":{"amenity":"drinking_water","level":"0"}},
{"type":"Feature","geometry":{"type":"Point","coordinates":[34.7728479,32.0956457]},"properties":{"amenity":"toilets","fee":"no","wheelchair":"yes"}},
{"type":"Feature","geometry":{"type":"Point","coordinates":[34.7677524,32.0827291]},"properties":{"amenity":"toilets","fee":"no"}},
{"type":"Feature","geometry":{"type":"Point","coordinates":[34.804626,32.1020965]},"properties":{"crossing":"uncontrolled","highway":"crossing"}},
{"type":"Feature","geometry":{"type":"Point","coordinates":[34.8049225,32.1022069]},"properties":{"crossing":"traffic_signals","highway":"crossing"}},
{"type":"Feature","geometry":{"type":"Point","coordinates":[34.8050604,32.1022364]},"properties":{"crossing":"traffic_signals","highway":"crossing"}},
{"type":"Feature","geometry":{"type":"Point","coordinates":[34.8052459,32.1022731]},"properties":{"crossing":"traffic_signals","highway":"crossing"}},
{"type":"Feature","geometry":{"type":"Point","coordinates":[34.7933421,32.0996527]},"properties":{"crossing":"traffic_signals","highway":"crossing"}},
{"type":"Feature","geometry":{"type":"Point","coordinates":[34.7935248,32.099689]},"properties":{"crossing":"traffic_signals","highway":"crossing"}},
{"type":"Feature","geometry":{"type":"Point","coordinates":[34.7605182,32.0496282]},"properties":{"amenity":"drinking_water","fountain":"bubbler"}},
{"type":"Feature","geometry":{"type":"Point","coordinates":[34.7833256,32.098475]},"properties":{"crossing":"traffic_signals","crossing:markings":"yes","highway":"crossing"}},
{"type":"Feature","geometry":{"type":"Point","coordinates":[34.7834851,32.0984966]},"properties":{"crossing":"traffic_signals","crossing:markings":"yes","highway":"crossing"}},
{"type":"Feature","geometry":{"type":"Point","coordinates":[34.8124788,32.0537503]},"properties":{"amenity":"toilets","opening_hours":"24/7"}},
{"type":"Feature","geometry":{"type":"Point","coordinates":[34.7689712,32.0369303]},"properties":{"barrier":"bollard","bicycle":"yes","bollard":"fixed","foot":"yes","motorcycle":"no"}},
{"type":"Feature","geometry":{"type":"Point","coordinates":[34.7673108,32.0375611]},"properties":{"amenity":"drinking_water"}},
{"type":"Feature","geometry":{"type":"Point","coordinates":[34.7674174,32.0390122]},"properties":{"crossing":"marked","crossing:markings":"yes","crossing_ref":"zebra","highway":"crossing"}},
{"type":"Feature","geometry":{"type":"Point","coordinates":[34.7607718,32.0444626]},"properties":{"amenity":"drinking_water"}},
{"type":"Feature","geometry":{"type":"Point","coordinates":[34.8231571,32.0975681]},"properties":{"bicycle":"yes","crossing":"uncontrolled","crossing:island":"yes","crossing_ref":"zebra","highway":"crossing"}},
{"type":"Feature","geometry":{"type":"Point","coordinates":[34.8234441,32.0976499]},"properties":{"bicycle":"yes","crossing":"uncontrolled","crossing:island":"yes","crossing_ref":"zebra","highway":"crossing"}},
{"type":"Feature","geometry":{"type":"Point","coordinates":[34.8381883,32.0515648]},"properties":{"crossing":"uncontrolled","crossing:island":"yes","crossing_ref":"zebra","highway":"crossing"}},
{"type":"Feature","geometry":{"type":"Point","coordinates":[34.7979089,32.0853829]},"properties":{"crossing":"marked","crossing:markings":"yes","highway":"crossing"}},
{"type":"Feature","geometry":{"type":"Point","coordinates":[34.7981106,32.0893966]},"properties":{"crossing":"marked","crossing:markings":"yes","highway":"crossing"}},
{"type":"Feature","geometry":{"type":"Point","coordinates":[34.8027967,32.0427182]},"properties":{"amenity":"drinking_water"}},
{"type":"Feature","geometry":{"type":"Point","coordinates":[34.8017125,32.0432208]},"properties":{"amenity":"drinking_water"}},
{"type":"Feature","geometry":{"type":"Point","coordinates":[34.8030464,32.0399291]},"properties":{"amenity":"toilets"}},
{"type":"Feature","geometry":{"type":"Point","coordinates":[34.804614,32.0423165]},"properties":{"amenity":"drinking_water"}},
{"type":"Feature","geometry":{"type":"Point","coordinates":[34.8025058,32.0400323]},"properties":{"amenity":"drinking_water"}},
{"type":"Feature","geometry":{"type":"Point","coordinates":[34.8014368,32.0410286]},"properties":{"amenity":"drinking_water"}},
{"type":"Feature","geometry":{"type":"Point","coordinates":[34.792606,32.0426994]},"properties":{"amenity":"drinking_water"}},
{"type":"Feature","geometry":{"type":"Point","coordinates":[34.791895,32.0426963]},"properties":{"amenity":"drinking_water"}},
{"type":"Feature","geometry":{"type":"Point","coordinates":[34.8007626,32.0425247]},"properties":{"amenity":"drinking_water"}},
{"type":"Feature","geometry":{"type":"Point","coordinates":[34.8005707,32.0421017]},"properties":{"amenity":"toilets"}},
{"type":"Feature","geometry":{"type":"Point","coordinates":[34.8005928,32.0420002]},"properties":{"amenity":"drinking_water"}},
{"type":"Feature","geometry":{"type":"Point","coordinates":[34.7771228,32.0971336]},"properties":{"amenity":"drinking_water","check_date":"2021-08-30"}},
{"type":"Feature","geometry":{"type":"Point","coordinates":[34.8064984,32.1007044]},"properties":{"access":"yes","amenity":"toilets","fee":"no","toilets:disposal":"flush"}},
{"type":"Feature","geometry":{"type":"Point","coordinates":[34.7773787,32.0932145]},"properties":{"amenity":"drinking_water"}},
{"type":"Feature","geometry":{"type":"Point","coordinates":[34.7713034,32.0932703]},"properties":{"amenity":"drinking_water"}},
{"type":"Feature","geometry":{"type":"Point","coordinates":[34.7771038,32.0994076]},"properties":{"amenity":"drinking_water","check_date":"2023-10-05"}},
{"type":"Feature","geometry":{"type":"Point","coordinates":[34.7776859,32.1026274]},"properties":{"amenity":"drinking_water"}},
{"type":"Feature","geometry":{"type":"Point","coordinates":[34.7899507,32.0986584]},"properties":{"amenity":"drinking_water"}},
{"type":"Feature","geometry":{"type":"Point","coordinates":[34.7892961,32.0973755]},"properties":{"amenity":"drinking_water","check_date":"2023-10-05","fountain":"bubbler"}},
{"type":"Feature","geometry":{"type":"Point","coordinates":[34.7864796,32.0967523]},"properties":{"amenity":"drinking_water","check_date":"2023-10-05","man_made":"water_tap"}},
{"type":"Feature","geometry":{"type":"Point","coordinates":[34.7893361,32.0978491]},"properties":{"amenity":"drinking_water"}},
{"type":"Feature","geometry":{"type":"Point","coordinates":[34.7846515,32.0735139]},"properties":{"crossing":"traffic_signals","highway":"crossing"}},
{"type":"Feature","geometry":{"type":"Point","coordinates":[34.7922071,32.1043804]},"properties":{"amenity":"drinking_water"}},
{"type":"Feature","geometry":{"type":"Point","coordinates":[34.7931022,32.103129]},"properties":{"amenity":"drinking_water"}},
{"type":"Feature","geometry":{"type":"Point","coordinates":[34.7921853,32.1122614]},"properties":{"amenity":"drinking_water"}},
{"type":"Feature","geometry":{"type":"Point","coordinates":[34.8167263,32.1106682]},"properties":{"amenity":"drinking_water"}},
{"type":"Feature","geometry":{"type":"Point","coordinates":[34.8168391,32.1110566]},"properties":{"amenity":"drinking_water"}},
{"type":"Feature","geometry":{"type":"Point","coordinates":[34.8272216,32.1061075]},"properties":{"amenity":"drinking_water"}},
{"type":"Feature","geometry":{"type":"Point","coordinates":[34.7866252,32.0911121]},"properties":{"amenity":"drinking_water"}},
{"type":"Feature","geometry":{"type":"Point","coordinates":[34.7869349,32.0911365]},"properties":{"amenity":"drinking_water"}},
{"type":"Feature","geometry":{"type":"Point","coordinates":[34.7856933,32.0982951]},"properties":{"amenity":"drinking_water"}},
{"type":"Feature","geometry":{"type":"Point","coordinates":[34.7768561,32.0994956]},"properties":{"amenity":"drinking_water"}},
{"type":"Feature","geometry":{"type":"Point","coordinates":[34.7879626,32.0797555]},"properties":{"amenity":"drinking_water"}},
{"type":"Feature","geometry":{"type":"Point","coordinates":[34.7930098,32.1026343]},"properties":{"crossing":"uncontrolled","crossing:markings":"yes","crossing:signals":"no","highway":"crossing"}},
{"type":"Feature","geometry":{"type":"Point","coordinates":[34.7762193,32.0924162]},"properties":{"amenity":"drinking_water"}},
{"type":"Feature","geometry":{"type":"Point","coordinates":[34.7798408,32.0980004]},"properties":{"amenity":"drinking_water"}},
{"type":"Feature","geometry":{"type":"Point","coordinates":[34.783463,32.099412]},"properties":{"amenity":"drinking_water","fountain":"bubbler"}},
{"type":"Feature","geometry":{"type":"Point","coordinates":[34.7777338,32.0982135]},"properties":{"amenity":"drinking_water"}},
{"type":"Feature","geometry":{"type":"Point","coordinates":[34.8372912,32.1109117]},"properties":{"amenity":"drinking_water"}},
{"type":"Feature","geometry":{"type":"Point","coordinates":[34.8137464,32.0495532]},"properties":{"crossing":"traffic_signals","highway":"crossing"}},
{"type":"Feature","geometry":{"type":"Point","coordinates":[34.8137407,32.049661]},"properties":{"crossing":"traffic_signals","highway":"crossing"}},
{"type":"Feature","geometry":{"type":"Point","coordinates":[34.7965703,32.0571488]},"properties":{"crossing":"zebra","highway":"crossing"}},
{"type":"Feature","geometry":{"type":"Point","coordinates":[34.797358,32.059115]},"properties":{"crossing":"traffic_signals","highway":"crossing"}},
{"type":"Feature","geometry":{"type":"Point","coordinates":[34.7635514,32.0536613]},"properties":{"highway":"crossing"}},
{"type":"Feature","geometry":{"type":"Point","coordinates":[34.7741993,32.0490193]},"properties":{"crossing":"marked","crossing:markings":"yes","highway":"crossing"}},
{"type":"Feature","geometry":{"type":"Point","coordinates":[34.7870433,32.0761503]},"properties":{"amenity":"drinking_water"}},
{"type":"Feature","geometry":{"type":"Point","coordinates":[34.7958479,32.0819436]},"properties":{"button_operated":"no","crossing":"traffic_signals","crossing_ref":"zebra","highway":"crossing"}},
{"type":"Feature","geometry":{"type":"Point","coordinates":[34.7936856,32.0692882]},"properties":{"crossing":"traffic_signals","highway":"crossing"}},
{"type":"Feature","geometry":{"type":"Point","coordinates":[34.7965757,32.0697904]},"properties":{"crossing":"zebra","crossing:island":"no","highway":"crossing"}},
{"type":"Feature","geometry":{"type":"Point","coordinates":[34.796231,32.0684534]},"properties":{"crossing":"marked","crossing:markings":"yes","highway":"crossing"}},
{"type":"Feature","geometry":{"type":"Point","coordinates":[34.7975509,32.085259]},"properties":{"crossing":"traffic_signals","crossing:markings":"yes","highway":"crossing"}},
{"type":"Feature","geometry":{"type":"Point","coordinates":[34.7847252,32.0725562]},"properties":{"crossing":"uncontrolled","crossing_ref":"tiger","highway":"crossing"}},
{"type":"Feature","geometry":{"type":"Point","coordinates":[34.7905284,32.0601465]},"properties":{"bicycle":"yes","crossing":"uncontrolled","highway":"crossing"}},
{"type":"Feature","geometry":{"type":"Point","coordinates":[34.7901937,32.0601508]},"properties":{"bicycle":"yes","crossing":"uncontrolled","highway":"crossing"}},
{"type":"Feature","geometry":{"type":"Point","coordinates":[34.7898786,32.0601548]},"properties":{"bicycle":"yes","crossing":"uncontrolled","highway":"crossing"}},
{"type":"Feature","geometry":{"type":"Point","coordinates":[34.8019476,32.1015404]},"properties":{"crossing":"marked","crossing:markings":"yes","highway":"crossing"}},
{"type":"Feature","geometry":{"type":"Point","coordinates":[34.7884302,32.1047577]},"properties":{"crossing":"traffic_signals","highway":"crossing","kerb":"flush"}},
{"type":"Feature","geometry":{"type":"Point","coordinates":[34.7929649,32.1238473]},"properties":{"amenity":"drinking_water"}},
{"type":"Feature","geometry":{"type":"Point","coordinates":[34.7600433,32.0576365]},"properties":{"crossing":"traffic_signals","crossing:markings":"yes","highway":"crossing"}},
{"type":"Feature","geometry":{"type":"Point","coordinates":[34.7782859,32.0781385]},"properties":{"access":"yes","amenity":"toilets","drinking_water":"yes","entrance":"yes","fee":"no","opening_hours":"24/7","supervised":"no","toilets:disposal":"flush","unisex":"yes","wheelchair":"yes"}},
{"type":"Feature","geometry":{"type":"Point","coordinates":[34.7799267,32.0770094]},"properties":{"crossing":"uncontrolled","crossing_ref":"zebra","highway":"crossing"}},
{"type":"Feature","geometry":{"type":"Point","coordinates":[34.7801142,32.0770065]},"properties":{"crossing":"uncontrolled","crossing_ref":"zebra","highway":"crossing"}},
{"type":"Feature","geometry":{"type":"Point","coordinates":[34.7847713,32.0733498]},"properties":{"crossing":"traffic_signals","crossing:island":"no","highway":"crossing"}},
{"type":"Feature","geometry":{"type":"Point","coordinates":[34.7735335,32.0618999]},"properties":{"crossing":"traffic_signals","highway":"crossing"}},
{"type":"Feature","geometry":{"type":"Point","coordinates":[34.7910777,32.0757003]},"properties":{"crossing":"uncontrolled","crossing_ref":"zebra","highway":"crossing"}},
{"type":"Feature","geometry":{"type":"Point","coordinates":[34.7910518,32.0756404]},"properties":{"crossing":"uncontrolled","crossing_ref":"zebra","highway":"crossing"}},
{"type":"Feature","geometry":{"type":"Point","coordinates":[34.7806093,32.06391]},"properties":{"crossing":"traffic_signals","highway":"crossing"}},
{"type":"Feature","geometry":{"type":"Point","coordinates":[34.7806299,32.0637312]},"properties":{"crossing":"traffic_signals","crossing:island":"no","crossing_ref":"zebra","highway":"crossing"}},
{"type":"Feature","geometry":{"type":"Point","coordinates":[34.7970962,32.081087]},"properties":{"crossing":"traffic_signals","highway":"crossing"}},
{"type":"Feature","geometry":{"type":"Point","coordinates":[34.7873423,32.069255]},"properties":{"crossing":"traffic_signals","highway":"crossing"}},
{"type":"Feature","geometry":{"type":"Point","coordinates":[34.7835558,32.0658866]},"properties":{"crossing":"traffic_signals","crossing:markings":"yes","highway":"crossing"}},
{"type":"Feature","geometry":{"type":"Point","coordinates":[34.7870093,32.0674406]},"properties":{"button_operated":"yes","crossing":"traffic_signals","highway":"crossing"}},
{"type":"Feature","geometry":{"type":"Point","coordinates":[34.7945645,32.079149]},"properties":{"crossing":"unmarked","crossing:markings":"no","highway":"crossing"}},
{"type":"Feature","geometry":{"type":"Point","coordinates":[34.7835141,32.0733552]},"properties":{"crossing":"uncontrolled","highway":"crossing"}},
{"type":"Feature","geometry":{"type":"Point","coordinates":[34.7836461,32.0733601]},"properties":{"crossing":"traffic_signals","highway":"crossing"}},
{"type":"Feature","geometry":{"type":"Point","coordinates":[34.7993116,32.0642867]},"properties":{"crossing":"traffic_signals","highway":"crossing"}},
{"type":"Feature","geometry":{"type":"Point","coordinates":[34.7959584,32.082037]},"properties":{"button_operated":"no","crossing":"traffic_signals","crossing:markings":"yes","highway":"crossing"}},
{"type":"Feature","geometry":{"type":"Point","coordinates":[34.792094,32.0763734]},"properties":{"button_operated":"no","crossing":"traffic_signals","highway":"crossing"}},
{"type":"Feature","geometry":{"type":"Point","coordinates":[34.799077,32.0641045]},"properties":{"button_operated":"no","crossing":"traffic_signals","highway":"crossing","traffic_signals:sound":"yes","traffic_signals:vibration":"no"}},
{"type":"Feature","geometry":{"type":"Point","coordinates":[34.7992529,32.0641244]},"properties":{"button_operated":"no","crossing":"traffic_signals","highway":"crossing","traffic_signals:sound":"yes","traffic_signals:vibration":"no"}},
{"type":"Feature","geometry":{"type":"Point","coordinates":[34.7989101,32.0642691]},"properties":{"button_operated":"no","crossing":"traffic_signals","highway":"crossing","traffic_signals:sound":"yes","traffic_signals:vibration":"no"}},
{"type":"Feature","geometry":{"type":"Point","coordinates":[34.7991874,32.0644223]},"properties":{"crossing":"traffic_signals","highway":"crossing"}},
{"type":"Feature","geometry":{"type":"Point","coordinates":[34.7917039,32.0433459]},"properties":{"barrier":"bollard","motor_vehicle":"no"}},
{"type":"Feature","geometry":{"type":"Point","coordinates":[34.8120938,32.086658]},"properties":{"crossing":"traffic_signals","highway":"crossing"}},
{"type":"Feature","geometry":{"type":"Point","coordinates":[34.8137663,32.0939831]},"properties":{"amenity":"drinking_water"}},
{"type":"Feature","geometry":{"type":"Point","coordinates":[34.7729538,32.063421]},"properties":{"bicycle":"designated","button_operated":"no","crossing":"traffic_signals","highway":"crossing","traffic_signals:sound":"no"}},
{"type":"Feature","geometry":{"type":"Point","coordinates":[34.7891776,32.1029965]},"properties":{"crossing":"marked","crossing:markings":"yes","highway":"crossing"}},
{"type":"Feature","geometry":{"type":"Point","coordinates":[34.8200342,32.1034818]},"properties":{"barrier":"bollard"}},
{"type":"Feature","geometry":{"type":"Point","coordinates":[34.777886,32.038538]},"properties":{"crossing":"traffic_signals","crossing:markings":"yes","highway":"crossing"}},
{"type":"Feature","geometry":{"type":"Point","coordinates":[34.7778565,32.0386794]},"properties":{"crossing":"traffic_signals","highway":"crossing"}},
{"type":"Feature","geometry":{"type":"Point","coordinates":[34.777683,32.0384677]},"properties":{"button_operated":"yes","crossing":"traffic_signals","highway":"crossing","traffic_signals:sound":"yes","traffic_signals:vibration":"yes"}},
{"type":"Feature","geometry":{"type":"Point","coordinates":[34.7964719,32.0853776]},"properties":{"bicycle":"yes","crossing":"marked","crossing:island":"yes","crossing:markings":"yes","crossing_ref":"zebra","highway":"crossing"}},
{"type":"Feature","geometry":{"type":"Point","coordinates":[34.7657351,32.0756138]},"properties":{"highway":"traffic_signals","traffic_signals":"signal"}},
{"type":"Feature","geometry":{"type":"Point","coordinates":[34.7643,32.0608187]},"properties":{"amenity":"toilets","fee":"no"}},
{"type":"Feature","geometry":{"type":"Point","coordinates":[34.7781921,32.0682028]},"properties":{"button_operated":"yes","crossing":"traffic_signals","crossing_ref":"tiger","highway":"crossing","traffic_signals:sound":"yes","traffic_signals:vibration":"yes"}},
{"type":"Feature","geometry":{"type":"Point","coordinates":[34.7779567,32.0682628]},"properties":{"button_operated":"yes","crossing":"traffic_signals","crossing_ref":"zebra","highway":"crossing","traffic_signals:sound":"yes","traffic_signals:vibration":"yes"}},
{"type":"Feature","geometry":{"type":"Point","coordinates":[34.8026879,32.0658937]},"properties":{"crossing":"uncontrolled","crossing:markings":"yes","highway":"crossing"}},
{"type":"Feature","geometry":{"type":"Point","coordinates":[34.7712083,32.0926683]},"properties":{"crossing":"uncontrolled","crossing:markings":"yes","highway":"crossing"}},
{"type":"Feature","geometry":{"type":"Point","coordinates":[34.7799433,32.071782]},"properties":{"bicycle":"designated","crossing":"marked","crossing:markings":"yes","foot":"designated","highway":"crossing","segregated":"yes"}},
{"type":"Feature","geometry":{"type":"Point","coordinates":[34.7818365,32.0754836]},"properties":{"crossing":"traffic_signals","highway":"crossing"}},
{"type":"Feature","geometry":{"type":"Point","coordinates":[34.7584365,32.0465313]},"properties":{"crossing":"unmarked","crossing:markings":"no","highway":"crossing"}},
{"type":"Feature","geometry":{"type":"Point","coordinates":[34.7696168,32.0468342]},"properties":{"barrier":"bollard"}},
{"type":"Feature","geometry":{"type":"Point","coordinates":[34.7981859,32.0891547]},"properties":{"crossing":"traffic_signals","crossing:markings":"yes","highway":"crossing"}},
{"type":"Feature","geometry":{"type":"Point","coordinates":[34.7730498,32.0716892]},"properties":{"highway":"traffic_signals"}},
{"type":"Feature","geometry":{"type":"Point","coordinates":[34.7895884,32.0992282]},"properties":{"crossing":"uncontrolled","crossing:markings":"yes","highway":"crossing"}},
{"type":"Feature","geometry":{"type":"Point","coordinates":[34.8049305,32.1065128]},"properties":{"amenity":"drinking_water","check_date":"2022-11-28","fee":"no","fountain":"bubbler"}},
{"type":"Feature","geometry":{"type":"Point","coordinates":[34.7566497,32.0528924]},"properties":{"access":"yes","addr:city":"תל אביב-יפו","addr:housenumber":"14","addr:street":"עולי ציון","amenity":"toilets","fee":"no","female":"yes","male":"yes","opening_hours":"Mo-Fr, Su 06:00-22:00; Sa 10:00-22:00","operator":"Tel Aviv municipality","wheelchair":"yes"}},
{"type":"Feature","geometry":{"type":"Point","coordinates":[34.7756645,32.0484632]},"properties":{"crossing":"marked","highway":"crossing"}},
{"type":"Feature","geometry":{"type":"Point","coordinates":[34.7759919,32.0484513]},"properties":{"crossing":"marked","highway":"crossing"}},
{"type":"Feature","geometry":{"type":"Point","coordinates":[34.7760574,32.0485851]},"properties":{"crossing":"marked","highway":"crossing"}},
{"type":"Feature","geometry":{"type":"Point","coordinates":[34.7755848,32.1007657]},"properties":{"crossing":"marked","crossing:markings":"yes","highway":"crossing"}},
{"type":"Feature","geometry":{"type":"Point","coordinates":[34.7836659,32.0658395]},"properties":{"crossing":"traffic_signals","crossing:markings":"yes","highway":"crossing"}},
{"type":"Feature","geometry":{"type":"Point","coordinates":[34.7819686,32.0645299]},"properties":{"button_operated":"yes","crossing":"traffic_signals","crossing:markings":"yes","highway":"crossing","traffic_signals:sound":"yes"}},
{"type":"Feature","geometry":{"type":"Point","coordinates":[34.7531122,32.0548422]},"properties":{"amenity":"toilets"}},
{"type":"Feature","geometry":{"type":"Point","coordinates":[34.7744773,32.0752858]},"properties":{"amenity":"toilets","fixme":"level?"}},
{"type":"Feature","geometry":{"type":"Point","coordinates":[34.7517819,32.0546991]},"properties":{"amenity":"toilets"}},
{"type":"Feature","geometry":{"type":"Point","coordinates":[34.7661254,32.077642]},"properties":{"amenity":"toilets","fee":"no","wheelchair":"yes"}},
{"type":"Feature","geometry":{"type":"Point","coordinates":[34.7889017,32.0709686]},"properties":{"crossing":"marked","crossing:island":"no","highway":"crossing"}},
{"type":"Feature","geometry":{"type":"Point","coordinates":[34.7800496,32.0983009]},"properties":{"highway":"crossing"}},
{"type":"Feature","geometry":{"type":"Point","coordinates":[34.7798054,32.0983058]},"properties":{"highway":"crossing"}},
{"type":"Feature","geometry":{"type":"Point","coordinates":[34.8122143,32.0631864]},"properties":{"amenity":"drinking_water","check_date":"2024-08-24","fountain":"bubbler"}},
{"type":"Feature","geometry":{"type":"Point","coordinates":[34.812579,32.0638092]},"properties":{"access":"yes","amenity":"toilets","fee":"no","level":"0"}},
{"type":"Feature","geometry":{"type":"Point","coordinates":[34.7901107,32.0880903]},"properties":{"crossing":"marked","crossing:markings":"yes","highway":"crossing"}},
{"type":"Feature","geometry":{"type":"Point","coordinates":[34.7899505,32.0880863]},"properties":{"crossing":"marked","crossing:markings":"yes","highway":"crossing"}},
{"type":"Feature","geometry":{"type":"Point","coordinates":[34.7557118,32.0536204]},"properties":{"amenity":"toilets"}},
{"type":"Feature","geometry":{"type":"Point","coordinates":[34.7729357,32.0696591]},"properties":{"amenity":"toilets"}},
{"type":"Feature","geometry":{"type":"Point","coordinates":[34.7685583,32.0845634]},"properties":{"amenity":"drinking_water"}},
{"type":"Feature","geometry":{"type":"Point","coordinates":[34.8152761,32.1224477]},"properties":{"amenity":"drinking_water"}},
{"type":"Feature","geometry":{"type":"Point","coordinates":[34.7930697,32.0999928]},"properties":{"crossing":"marked","crossing:markings":"yes","highway":"crossing"}},
{"type":"Feature","geometry":{"type":"Point","coordinates":[34.7931849,32.0996854]},"properties":{"crossing":"traffic_signals","highway":"crossing"}},
{"type":"Feature","geometry":{"type":"Point","coordinates":[34.774656,32.0925078]},"properties":{"highway":"traffic_signals","traffic_signals":"signal"}},
{"type":"Feature","geometry":{"type":"Point","coordinates":[34.8081257,32.1006065]},"properties":{"amenity":"drinking_water"}},
{"type":"Feature","geometry":{"type":"Point","coordinates":[34.8029394,32.1000961]},"properties":{"amenity":"drinking_water"}},
{"type":"Feature","geometry":{"type":"Point","coordinates":[34.7988996,32.100529]},"properties":{"amenity":"drinking_water"}},
{"type":"Feature","geometry":{"type":"Point","coordinates":[34.7955581,32.0985322]},"properties":{"amenity":"drinking_water"}},
{"type":"Feature","geometry":{"type":"Point","coordinates":[34.7812545,32.097033]},"properties":{"amenity":"drinking_water","check_date":"2023-10-05","fountain":"bubbler"}},
{"type":"Feature","geometry":{"type":"Point","coordinates":[34.8125782,32.1006458]},"properties":{"amenity":"drinking_water"}},
{"type":"Feature","geometry":{"type":"Point","coordinates":[34.7924403,32.0729747]},"properties":{"button_operated":"no","crossing":"traffic_signals","highway":"crossing","traffic_signals:sound":"no","traffic_signals:vibration":"no"}},
{"type":"Feature","geometry":{"type":"Point","coordinates":[34.7748151,32.1004911]},"properties":{"amenity":"toilets","fee":"no","female":"yes"}},
{"type":"Feature","geometry":{"type":"Point","coordinates":[34.7738517,32.0999308]},"properties":{"amenity":"drinking_water"}},
{"type":"Feature","geometry":{"type":"Point","coordinates":[34.7568463,32.0550371]},"properties":{"access":"yes","amenity":"toilets","changing_table":"no","fee":"no","male":"yes","wheelchair":"no"}},
{"type":"Feature","geometry":{"type":"Point","coordinates":[34.7567488,32.0550264]},"properties":{"access":"yes","amenity":"toilets","fee":"no","female":"yes"}},
{"type":"Feature","geometry":{"type":"Point","coordinates":[34.7757607,32.0484511]},"properties":{"crossing":"marked","highway":"crossing"}},
{"type":"Feature","geometry":{"type":"Point","coordinates":[34.7758518,32.0484255]},"properties":{"crossing":"marked","highway":"crossing"}},
{"type":"Feature","geometry":{"type":"Point","coordinates":[34.7754027,32.0739701]},"properties":{"crossing":"marked","crossing:markings":"yes","highway":"crossing"}},
{"type":"Feature","geometry":{"type":"Point","coordinates":[34.7770194,32.0731173]},"properties":{"crossing":"marked","crossing:island":"no","crossing:markings":"yes","highway":"crossing"}},
{"type":"Feature","geometry":{"type":"Point","coordinates":[34.7739704,32.1000768]},"properties":{"amenity":"drinking_water","fountain":"bubbler"}},
{"type":"Feature","geometry":{"type":"Point","coordinates":[34.7760163,32.1002639]},"properties":{"amenity":"drinking_water"}},
{"type":"Feature","geometry":{"type":"Point","coordinates":[34.8304891,32.1061578]},"properties":{"amenity":"drinking_water"}},
{"type":"Feature","geometry":{"type":"Point","coordinates":[34.8148036,32.1080548]},"properties":{"highway":"crossing"}},
{"type":"Feature","geometry":{"type":"Point","coordinates":[34.7943118,32.0610545]},"properties":{"amenity":"drinking_water"}},
{"type":"Feature","geometry":{"type":"Point","coordinates":[34.7931729,32.0609282]},"properties":{"amenity":"drinking_water"}},
{"type":"Feature","geometry":{"type":"Point","coordinates":[34.7923365,32.064065]},"properties":{"amenity":"drinking_water","check_date":"2026-06-28"}},
{"type":"Feature","geometry":{"type":"Point","coordinates":[34.7895569,32.0613489]},"properties":{"amenity":"drinking_water"}},
{"type":"Feature","geometry":{"type":"Point","coordinates":[34.7947858,32.0724879]},"properties":{"button_operated":"yes","crossing":"traffic_signals","highway":"crossing","traffic_signals:sound":"yes","traffic_signals:vibration":"no"}},
{"type":"Feature","geometry":{"type":"Point","coordinates":[34.7947429,32.0723525]},"properties":{"button_operated":"yes","crossing":"traffic_signals","highway":"crossing","traffic_signals:sound":"yes"}},
{"type":"Feature","geometry":{"type":"Point","coordinates":[34.7876062,32.0493131]},"properties":{"amenity":"drinking_water"}},
{"type":"Feature","geometry":{"type":"Point","coordinates":[34.8371951,32.0486216]},"properties":{"access":"customers","amenity":"toilets","wheelchair":"yes"}},
{"type":"Feature","geometry":{"type":"Point","coordinates":[34.8377016,32.0494924]},"properties":{"access":"customers","amenity":"toilets"}},
{"type":"Feature","geometry":{"type":"Point","coordinates":[34.8376969,32.049163]},"properties":{"access":"customers","amenity":"toilets"}},
{"type":"Feature","geometry":{"type":"Point","coordinates":[34.7894898,32.0599346]},"properties":{"access":"yes","amenity":"toilets","fee":"yes","opening_hours":"24/7","supervised":"no","toilets:disposal":"flush","unisex":"yes","wheelchair":"yes"}},
{"type":"Feature","geometry":{"type":"Point","coordinates":[34.8233805,32.0506908]},"properties":{"amenity":"drinking_water"}},
{"type":"Feature","geometry":{"type":"Point","coordinates":[34.8231697,32.0507701]},"properties":{"access":"yes","amenity":"toilets"}},
{"type":"Feature","geometry":{"type":"Point","coordinates":[34.8153995,32.040328]},"properties":{"amenity":"drinking_water","check_date":"2026-04-19","fountain":"bubbler"}},
{"type":"Feature","geometry":{"type":"Point","coordinates":[34.8139573,32.0400739]},"properties":{"amenity":"drinking_water","check_date":"2026-01-19","fountain":"drinking"}},
{"type":"Feature","geometry":{"type":"Point","coordinates":[34.7927894,32.0635608]},"properties":{"amenity":"drinking_water","fountain":"bubbler"}},
{"type":"Feature","geometry":{"type":"Point","coordinates":[34.7970334,32.0619688]},"properties":{"amenity":"drinking_water"}},
{"type":"Feature","geometry":{"type":"Point","coordinates":[34.796358,32.055333]},"properties":{"amenity":"drinking_water"}},
{"type":"Feature","geometry":{"type":"Point","coordinates":[34.796267,32.0669335]},"properties":{"amenity":"drinking_water"}},
{"type":"Feature","geometry":{"type":"Point","coordinates":[34.7903473,32.0945128]},"properties":{"bicycle":"yes","crossing":"uncontrolled","crossing_ref":"zebra","highway":"crossing"}},
{"type":"Feature","geometry":{"type":"Point","coordinates":[34.7649914,32.074]},"properties":{"crossing":"traffic_signals","highway":"crossing"}},
{"type":"Feature","geometry":{"type":"Point","coordinates":[34.7651038,32.0739719]},"properties":{"crossing":"traffic_signals","highway":"crossing"}},
{"type":"Feature","geometry":{"type":"Point","coordinates":[34.7811607,32.08317]},"properties":{"bicycle":"designated","highway":"crossing"}},
{"type":"Feature","geometry":{"type":"Point","coordinates":[34.7737334,32.0729265]},"properties":{"amenity":"toilets","fee":"yes","unisex":"yes","wheelchair":"yes"}},
{"type":"Feature","geometry":{"type":"Point","coordinates":[34.7777654,32.0727428]},"properties":{"crossing":"marked","crossing:island":"no","crossing:markings":"yes","highway":"crossing"}},
{"type":"Feature","geometry":{"type":"Point","coordinates":[34.7619933,32.0654883]},"properties":{"amenity":"drinking_water","fountain":"bubbler"}},
{"type":"Feature","geometry":{"type":"Point","coordinates":[34.7561346,32.0391059]},"properties":{"crossing":"uncontrolled","crossing:markings":"yes","highway":"crossing","tactile_paving":"yes"}},
{"type":"Feature","geometry":{"type":"Point","coordinates":[34.7532478,32.0377094]},"properties":{"crossing":"marked","crossing:markings":"yes","highway":"crossing"}},
{"type":"Feature","geometry":{"type":"Point","coordinates":[34.8073312,32.1100449]},"properties":{"amenity":"drinking_water"}},
{"type":"Feature","geometry":{"type":"Point","coordinates":[34.7847863,32.0960415]},"properties":{"amenity":"drinking_water"}},
{"type":"Feature","geometry":{"type":"Point","coordinates":[34.7775524,32.0828094]},"properties":{"access":"yes","amenity":"toilets","fee":"no","opening_hours":"24/7","supervised":"no","toilets:disposal":"flush","unisex":"yes","wheelchair":"yes"}},
{"type":"Feature","geometry":{"type":"Point","coordinates":[34.8016415,32.0658877]},"properties":{"crossing":"uncontrolled","crossing:markings":"yes","highway":"crossing"}},
{"type":"Feature","geometry":{"type":"Point","coordinates":[34.8299022,32.0719614]},"properties":{"amenity":"drinking_water","man_made":"drinking_fountain"}},
{"type":"Feature","geometry":{"type":"Point","coordinates":[34.7995384,32.1004354]},"properties":{"highway":"crossing"}},
{"type":"Feature","geometry":{"type":"Point","coordinates":[34.7840849,32.0778124]},"properties":{"amenity":"drinking_water"}},
{"type":"Feature","geometry":{"type":"Point","coordinates":[34.7850499,32.0779253]},"properties":{"amenity":"drinking_water","fountain":"bubbler"}},
{"type":"Feature","geometry":{"type":"Point","coordinates":[34.7863322,32.0783037]},"properties":{"amenity":"drinking_water"}},
{"type":"Feature","geometry":{"type":"Point","coordinates":[34.7883151,32.0871147]},"properties":{"crossing":"uncontrolled","highway":"crossing"}},
{"type":"Feature","geometry":{"type":"Point","coordinates":[34.7882881,32.0869737]},"properties":{"crossing":"traffic_signals","highway":"crossing"}},
{"type":"Feature","geometry":{"type":"Point","coordinates":[34.7937997,32.0702972]},"properties":{"crossing":"marked","crossing:markings":"yes","highway":"crossing"}},
{"type":"Feature","geometry":{"type":"Point","coordinates":[34.8136701,32.1067802]},"properties":{"crossing":"uncontrolled","highway":"crossing"}},
{"type":"Feature","geometry":{"type":"Point","coordinates":[34.8143818,32.1102709]},"properties":{"amenity":"drinking_water"}},
{"type":"Feature","geometry":{"type":"Point","coordinates":[34.814652,32.0925109]},"properties":{"amenity":"drinking_water"}},
{"type":"Feature","geometry":{"type":"Point","coordinates":[34.7489414,32.0498978]},"properties":{"crossing":"marked","crossing_ref":"zebra","highway":"crossing"}},
{"type":"Feature","geometry":{"type":"Point","coordinates":[34.7627645,32.0444486]},"properties":{"crossing":"uncontrolled","highway":"crossing"}},
{"type":"Feature","geometry":{"type":"Point","coordinates":[34.79056,32.0953194]},"properties":{"crossing:island":"yes","crossing_ref":"zebra","highway":"crossing"}},
{"type":"Feature","geometry":{"type":"Point","coordinates":[34.7903355,32.095315]},"properties":{"crossing:island":"yes","crossing_ref":"zebra","highway":"crossing"}},
{"type":"Feature","geometry":{"type":"Point","coordinates":[34.7905548,32.0954207]},"properties":{"crossing:island":"yes","crossing_ref":"zebra","highway":"crossing"}},
{"type":"Feature","geometry":{"type":"Point","coordinates":[34.7903338,32.0954251]},"properties":{"crossing:island":"yes","crossing_ref":"zebra","highway":"crossing"}},
{"type":"Feature","geometry":{"type":"Point","coordinates":[34.8247071,32.1100851]},"properties":{"crossing":"uncontrolled","crossing_ref":"zebra","highway":"crossing"}},
{"type":"Feature","geometry":{"type":"Point","coordinates":[34.7623914,32.056736]},"properties":{"amenity":"toilets"}},
{"type":"Feature","geometry":{"type":"Point","coordinates":[34.7875721,32.0870995]},"properties":{"crossing":"uncontrolled","highway":"crossing"}},
{"type":"Feature","geometry":{"type":"Point","coordinates":[34.7861833,32.0873369]},"properties":{"crossing":"traffic_signals","highway":"crossing"}},
{"type":"Feature","geometry":{"type":"Point","coordinates":[34.8028356,32.0952758]},"properties":{"amenity":"drinking_water"}},
{"type":"Feature","geometry":{"type":"Point","coordinates":[34.7914078,32.0779806]},"properties":{"crossing":"marked","crossing:markings":"yes","highway":"crossing"}},
{"type":"Feature","geometry":{"type":"Point","coordinates":[34.7759522,32.0960279]},"properties":{"crossing":"traffic_signals","highway":"crossing"}},
{"type":"Feature","geometry":{"type":"Point","coordinates":[34.8126159,32.0870066]},"properties":{"crossing":"uncontrolled","highway":"crossing"}},
{"type":"Feature","geometry":{"type":"Point","coordinates":[34.8128169,32.0871419]},"properties":{"crossing":"uncontrolled","highway":"crossing"}},
{"type":"Feature","geometry":{"type":"Point","coordinates":[34.7955854,32.0834767]},"properties":{"crossing":"marked","crossing:markings":"yes","highway":"crossing"}},
{"type":"Feature","geometry":{"type":"Point","coordinates":[34.7889552,32.1103934]},"properties":{"crossing":"traffic_signals","highway":"crossing"}},
{"type":"Feature","geometry":{"type":"Point","coordinates":[34.7889314,32.1103048]},"properties":{"crossing":"traffic_signals","highway":"crossing"}},
{"type":"Feature","geometry":{"type":"Point","coordinates":[34.7885905,32.0704876]},"properties":{"button_operated":"no","crossing":"traffic_signals","highway":"crossing"}},
{"type":"Feature","geometry":{"type":"Point","coordinates":[34.7852411,32.063479]},"properties":{"crossing":"traffic_signals","highway":"crossing"}},
{"type":"Feature","geometry":{"type":"Point","coordinates":[34.7852109,32.0633905]},"properties":{"button_operated":"yes","crossing":"traffic_signals","highway":"crossing"}},
{"type":"Feature","geometry":{"type":"Point","coordinates":[34.761819,32.0643051]},"properties":{"amenity":"toilets"}},
{"type":"Feature","geometry":{"type":"Point","coordinates":[34.7630184,32.0682777]},"properties":{"crossing":"marked","crossing:markings":"yes","highway":"crossing"}},
{"type":"Feature","geometry":{"type":"Point","coordinates":[34.784454,32.0775672]},"properties":{"amenity":"toilets"}},
{"type":"Feature","geometry":{"type":"Point","coordinates":[34.7600377,32.057551]},"properties":{"button_operated":"yes","crossing":"traffic_signals","crossing:markings":"yes","highway":"crossing","traffic_signals:sound":"yes","traffic_signals:vibration":"yes"}},
{"type":"Feature","geometry":{"type":"Point","coordinates":[34.7846818,32.0606691]},"properties":{"crossing":"uncontrolled","crossing_ref":"zebra","highway":"crossing"}},
{"type":"Feature","geometry":{"type":"Point","coordinates":[34.7573728,32.0570475]},"properties":{"highway":"crossing"}},
{"type":"Feature","geometry":{"type":"Point","coordinates":[34.7847268,32.0726554]},"properties":{"highway":"crossing"}},
{"type":"Feature","geometry":{"type":"Point","coordinates":[34.7847218,32.0724143]},"properties":{"highway":"crossing"}},
{"type":"Feature","geometry":{"type":"Point","coordinates":[34.7606605,32.0464288]},"properties":{"highway":"crossing"}},
{"type":"Feature","geometry":{"type":"Point","coordinates":[34.7592785,32.0526692]},"properties":{"crossing":"unmarked","crossing:island":"yes","crossing:markings":"no","highway":"crossing"}},
{"type":"Feature","geometry":{"type":"Point","coordinates":[34.8145308,32.0576249]},"properties":{"amenity":"drinking_water","fountain":"bubbler"}},
{"type":"Feature","geometry":{"type":"Point","coordinates":[34.7647596,32.0739243]},"properties":{"amenity":"drinking_water","bottle":"no","fee":"no","fountain":"bubbler","not:tourism:artwork":"yes"}},
{"type":"Feature","geometry":{"type":"Point","coordinates":[34.8146161,32.0900967]},"properties":{"access":"yes","amenity":"drinking_water","fee":"no","wheelchair":"yes"}},
{"type":"Feature","geometry":{"type":"Point","coordinates":[34.8278106,32.1118924]},"properties":{"amenity":"drinking_water","man_made":"drinking_fountain"}},
{"type":"Feature","geometry":{"type":"Point","coordinates":[34.7749134,32.0909249]},"properties":{"amenity":"drinking_water"}},
{"type":"Feature","geometry":{"type":"Point","coordinates":[34.7687742,32.0429237]},"properties":{"crossing":"marked","highway":"crossing"}},
{"type":"Feature","geometry":{"type":"Point","coordinates":[34.8118933,32.0820567]},"properties":{"amenity":"drinking_water"}},
{"type":"Feature","geometry":{"type":"Point","coordinates":[34.8129783,32.082065]},"properties":{"amenity":"drinking_water"}},
{"type":"Feature","geometry":{"type":"Point","coordinates":[34.8123317,32.0818117]},"properties":{"amenity":"drinking_water","fountain":"bubbler"}},
{"type":"Feature","geometry":{"type":"Point","coordinates":[34.8133545,32.0864076]},"properties":{"amenity":"drinking_water","fountain":"bubbler"}},
{"type":"Feature","geometry":{"type":"Point","coordinates":[34.8140323,32.0852851]},"properties":{"amenity":"drinking_water"}},
{"type":"Feature","geometry":{"type":"Point","coordinates":[34.7876883,32.072425]},"properties":{"amenity":"drinking_water"}},
{"type":"Feature","geometry":{"type":"Point","coordinates":[34.7864282,32.0725378]},"properties":{"amenity":"drinking_water","man_made":"water_tap"}},
{"type":"Feature","geometry":{"type":"Point","coordinates":[34.7875917,32.0718133]},"properties":{"amenity":"drinking_water","fountain":"bubbler"}},
{"type":"Feature","geometry":{"type":"Point","coordinates":[34.7872,32.07226]},"properties":{"amenity":"drinking_water","man_made":"water_tap"}},
{"type":"Feature","geometry":{"type":"Point","coordinates":[34.774795,32.1010683]},"properties":{"amenity":"drinking_water","fountain":"bubbler"}},
{"type":"Feature","geometry":{"type":"Point","coordinates":[34.7747433,32.09932]},"properties":{"amenity":"drinking_water"}},
{"type":"Feature","geometry":{"type":"Point","coordinates":[34.7749103,32.1001592]},"properties":{"amenity":"drinking_water"}},
{"type":"Feature","geometry":{"type":"Point","coordinates":[34.7629961,32.0478244]},"properties":{"crossing":"uncontrolled","highway":"crossing"}},
{"type":"Feature","geometry":{"type":"Point","coordinates":[34.7928798,32.1026256]},"properties":{"crossing":"traffic_signals","crossing:signals":"yes","highway":"crossing"}},
{"type":"Feature","geometry":{"type":"Point","coordinates":[34.8068531,32.1174333]},"properties":{"crossing":"marked","highway":"crossing","tactile_paving":"yes"}},
{"type":"Feature","geometry":{"type":"Point","coordinates":[34.8060344,32.1175284]},"properties":{"emergency":"fire_hydrant","fire_hydrant:type":"pillar"}},
{"type":"Feature","geometry":{"type":"Point","coordinates":[34.8069414,32.1174232]},"properties":{"highway":"street_lamp"}},
{"type":"Feature","geometry":{"type":"Point","coordinates":[34.8062669,32.1174913]},"properties":{"amenity":"bench"}},
{"type":"Feature","geometry":{"type":"Point","coordinates":[34.8054362,32.1176342]},"properties":{"amenity":"waste_basket"}},
{"type":"Feature","geometry":{"type":"Point","coordinates":[34.8071302,32.1173694]},"properties":{"amenity":"waste_basket"}},
{"type":"Feature","geometry":{"type":"Point","coordinates":[34.8061188,32.1175148]},"properties":{"amenity":"waste_basket"}},
{"type":"Feature","geometry":{"type":"Point","coordinates":[34.8064094,32.1174724]},"properties":{"amenity":"waste_disposal"}},
{"type":"Feature","geometry":{"type":"Point","coordinates":[34.8072685,32.1157706]},"properties":{"bicycle":"yes","crossing":"uncontrolled","crossing:island":"yes","highway":"crossing","tactile_paving":"yes"}},
{"type":"Feature","geometry":{"type":"Point","coordinates":[34.8073577,32.1157717]},"properties":{"crossing":"uncontrolled","crossing:island":"yes","highway":"crossing","supervised":"no","tactile_paving":"yes"}},
{"type":"Feature","geometry":{"type":"Point","coordinates":[34.8063098,32.1174846]},"properties":{"highway":"crossing"}},
{"type":"Feature","geometry":{"type":"Point","coordinates":[34.8362124,32.1090795]},"properties":{"bicycle":"designated","crossing":"traffic_signals","highway":"crossing"}},
{"type":"Feature","geometry":{"type":"Point","coordinates":[34.8363046,32.109001]},"properties":{"bicycle":"designated","crossing":"traffic_signals","highway":"crossing"}},
{"type":"Feature","geometry":{"type":"Point","coordinates":[34.7644224,32.0603095]},"properties":{"amenity":"toilets","opening_hours":"Mo-Su 09:00-18:00"}},
{"type":"Feature","geometry":{"type":"Point","coordinates":[34.7934538,32.0692228]},"properties":{"button_operated":"yes","crossing":"traffic_signals","highway":"crossing","traffic_signals:sound":"yes","traffic_signals:vibration":"yes"}},
{"type":"Feature","geometry":{"type":"Point","coordinates":[34.793916,32.070268]},"properties":{"crossing":"marked","crossing:markings":"yes","highway":"crossing"}},
{"type":"Feature","geometry":{"type":"Point","coordinates":[34.8343758,32.1189082]},"properties":{"crossing":"traffic_signals","highway":"crossing"}},
{"type":"Feature","geometry":{"type":"Point","coordinates":[34.8343524,32.1188067]},"properties":{"crossing":"traffic_signals","highway":"crossing"}},
{"type":"Feature","geometry":{"type":"Point","coordinates":[34.7826447,32.0750189]},"properties":{"access":"yes","amenity":"toilets","level":"0"}},
{"type":"Feature","geometry":{"type":"Point","coordinates":[34.7909189,32.0715885]},"properties":{"amenity":"drinking_water"}},
{"type":"Feature","geometry":{"type":"Point","coordinates":[34.7857447,32.0693154]},"properties":{"crossing":"marked","crossing:markings":"yes","highway":"crossing"}},
{"type":"Feature","geometry":{"type":"Point","coordinates":[34.7632359,32.0667878]},"properties":{"crossing":"traffic_signals","highway":"crossing","traffic_signals:sound":"no"}},
{"type":"Feature","geometry":{"type":"Point","coordinates":[34.7970417,32.0811646]},"properties":{"crossing":"traffic_signals","highway":"crossing"}},
{"type":"Feature","geometry":{"type":"Point","coordinates":[34.7641982,32.06637]},"properties":{"highway":"traffic_signals","traffic_signals":"signal"}},
{"type":"Feature","geometry":{"type":"Point","coordinates":[34.7664432,32.0411932]},"properties":{"highway":"crossing"}},
{"type":"Feature","geometry":{"type":"Point","coordinates":[34.7647893,32.0404011]},"properties":{"bicycle":"designated","crossing":"marked","crossing_ref":"zebra","foot":"designated","highway":"crossing","tactile_paving":"yes"}},
{"type":"Feature","geometry":{"type":"Point","coordinates":[34.7652774,32.0402961]},"properties":{"bicycle":"designated","crossing":"marked","crossing_ref":"zebra","foot":"designated","highway":"crossing","tactile_paving":"yes"}},
{"type":"Feature","geometry":{"type":"Point","coordinates":[34.7653688,32.0402765]},"properties":{"bicycle":"designated","crossing":"marked","crossing_ref":"zebra","foot":"designated","highway":"crossing","tactile_paving":"yes"}},
{"type":"Feature","geometry":{"type":"Point","coordinates":[34.7617556,32.039288]},"properties":{"crossing":"uncontrolled","highway":"crossing"}},
{"type":"Feature","geometry":{"type":"Point","coordinates":[34.7626988,32.0440125]},"properties":{"crossing":"uncontrolled","highway":"crossing"}},
{"type":"Feature","geometry":{"type":"Point","coordinates":[34.7626773,32.0441811]},"properties":{"crossing":"traffic_signals","highway":"crossing"}},
{"type":"Feature","geometry":{"type":"Point","coordinates":[34.7627008,32.0442961]},"properties":{"crossing":"traffic_signals","highway":"crossing"}},
{"type":"Feature","geometry":{"type":"Point","coordinates":[34.7630711,32.0468015]},"properties":{"crossing":"uncontrolled","highway":"crossing"}},
{"type":"Feature","geometry":{"type":"Point","coordinates":[34.7631591,32.0473409]},"properties":{"crossing":"uncontrolled","highway":"crossing"}},
{"type":"Feature","geometry":{"type":"Point","coordinates":[34.7636677,32.0485865]},"properties":{"crossing":"marked","highway":"crossing"}},
{"type":"Feature","geometry":{"type":"Point","coordinates":[34.7636825,32.048665]},"properties":{"button_operated":"yes","crossing":"traffic_signals","highway":"crossing"}},
{"type":"Feature","geometry":{"type":"Point","coordinates":[34.7638043,32.0488399]},"properties":{"button_operated":"yes","crossing":"traffic_signals","highway":"crossing"}},
{"type":"Feature","geometry":{"type":"Point","coordinates":[34.7643367,32.0497028]},"properties":{"button_operated":"no","crossing":"traffic_signals","highway":"crossing"}},
{"type":"Feature","geometry":{"type":"Point","coordinates":[34.7643807,32.0497781]},"properties":{"button_operated":"no","crossing":"traffic_signals","highway":"crossing"}},
{"type":"Feature","geometry":{"type":"Point","coordinates":[34.7646331,32.0502414]},"properties":{"crossing":"uncontrolled","highway":"crossing"}},
{"type":"Feature","geometry":{"type":"Point","coordinates":[34.7648961,32.0507227]},"properties":{"crossing":"uncontrolled","highway":"crossing"}},
{"type":"Feature","geometry":{"type":"Point","coordinates":[34.7651681,32.0512196]},"properties":{"crossing":"uncontrolled","highway":"crossing"}},
{"type":"Feature","geometry":{"type":"Point","coordinates":[34.7654141,32.0517202]},"properties":{"button_operated":"yes","crossing":"traffic_signals","highway":"crossing"}},
{"type":"Feature","geometry":{"type":"Point","coordinates":[34.7654839,32.0518989]},"properties":{"crossing":"uncontrolled","highway":"crossing"}},
{"type":"Feature","geometry":{"type":"Point","coordinates":[34.7622998,32.0442485]},"properties":{"crossing":"traffic_signals","highway":"crossing"}},
{"type":"Feature","geometry":{"type":"Point","coordinates":[34.7623312,32.0443711]},"properties":{"crossing":"traffic_signals","highway":"crossing"}},
{"type":"Feature","geometry":{"type":"Point","coordinates":[34.762733,32.0458281]},"properties":{"crossing":"uncontrolled","highway":"crossing"}},
{"type":"Feature","geometry":{"type":"Point","coordinates":[34.762824,32.046828]},"properties":{"crossing":"uncontrolled","highway":"crossing"}},
{"type":"Feature","geometry":{"type":"Point","coordinates":[34.7633388,32.048823]},"properties":{"button_operated":"yes","crossing":"traffic_signals","highway":"crossing"}},
{"type":"Feature","geometry":{"type":"Point","coordinates":[34.7634255,32.0489926]},"properties":{"crossing":"traffic_signals","highway":"crossing"}},
{"type":"Feature","geometry":{"type":"Point","coordinates":[34.763933,32.0498536]},"properties":{"button_operated":"no","crossing":"traffic_signals","highway":"crossing"}},
{"type":"Feature","geometry":{"type":"Point","coordinates":[34.7649806,32.0517419]},"properties":{"button_operated":"no","crossing":"traffic_signals","highway":"crossing"}},
{"type":"Feature","geometry":{"type":"Point","coordinates":[34.7768254,32.0653921]},"properties":{"button_operated":"no","crossing":"traffic_signals","highway":"crossing"}},
{"type":"Feature","geometry":{"type":"Point","coordinates":[34.7773392,32.0658933]},"properties":{"bicycle":"designated","crossing":"uncontrolled","highway":"crossing"}},
{"type":"Feature","geometry":{"type":"Point","coordinates":[34.7717604,32.0630872]},"properties":{"crossing":"marked","crossing:markings":"yes","highway":"crossing"}},
{"type":"Feature","geometry":{"type":"Point","coordinates":[34.7699915,32.0628854]},"properties":{"crossing":"traffic_signals","highway":"crossing"}},
{"type":"Feature","geometry":{"type":"Point","coordinates":[34.7767204,32.0746813]},"properties":{"crossing":"uncontrolled","highway":"crossing"}},
{"type":"Feature","geometry":{"type":"Point","coordinates":[34.8296683,32.0697456]},"properties":{"amenity":"drinking_water","fountain":"drinking","wheelchair":"yes"}},
{"type":"Feature","geometry":{"type":"Point","coordinates":[34.776625,32.0572839]},"properties":{"crossing":"traffic_signals","crossing:island":"yes","crossing_ref":"zebra","highway":"crossing"}},
{"type":"Feature","geometry":{"type":"Point","coordinates":[34.7703799,32.0610742]},"properties":{"button_operated":"no","crossing":"traffic_signals","highway":"crossing","kerb":"lowered","traffic_signals:sound":"yes","traffic_signals:vibration":"yes"}},
{"type":"Feature","geometry":{"type":"Point","coordinates":[34.8357867,32.119067]},"properties":{"crossing":"traffic_signals","highway":"crossing"}},
{"type":"Feature","geometry":{"type":"Point","coordinates":[34.7986028,32.0908072]},"properties":{"crossing":"marked","crossing:markings":"yes","highway":"crossing"}},
{"type":"Feature","geometry":{"type":"Point","coordinates":[34.7984687,32.0905239]},"properties":{"crossing":"marked","crossing:markings":"yes","highway":"crossing"}},
{"type":"Feature","geometry":{"type":"Point","coordinates":[34.7983339,32.0905758]},"properties":{"crossing":"marked","crossing:markings":"yes","highway":"crossing"}},
{"type":"Feature","geometry":{"type":"Point","coordinates":[34.8045067,32.0453401]},"properties":{"highway":"crossing"}},
{"type":"Feature","geometry":{"type":"Point","coordinates":[34.8044386,32.0488239]},"properties":{"highway":"crossing"}},
{"type":"Feature","geometry":{"type":"Point","coordinates":[34.8049389,32.0476317]},"properties":{"highway":"crossing"}},
{"type":"Feature","geometry":{"type":"Point","coordinates":[34.7963055,32.0535987]},"properties":{"crossing":"traffic_signals","highway":"crossing"}},
{"type":"Feature","geometry":{"type":"Point","coordinates":[34.7963134,32.0536692]},"properties":{"crossing":"traffic_signals","highway":"crossing"}},
{"type":"Feature","geometry":{"type":"Point","coordinates":[34.7947051,32.0668162]},"properties":{"crossing:island":"no","crossing:markings":"yes","crossing:signals":"no","highway":"crossing"}},
{"type":"Feature","geometry":{"type":"Point","coordinates":[34.7806474,32.0739042]},"properties":{"button_operated":"no","crossing":"traffic_signals","highway":"crossing"}},
{"type":"Feature","geometry":{"type":"Point","coordinates":[34.7755162,32.0612211]},"properties":{"crossing":"marked","crossing:island":"no","crossing:markings":"yes","highway":"crossing"}},
{"type":"Feature","geometry":{"type":"Point","coordinates":[34.7752866,32.0618099]},"properties":{"crossing":"marked","highway":"crossing"}},
{"type":"Feature","geometry":{"type":"Point","coordinates":[34.7791649,32.0582922]},"properties":{"highway":"crossing"}},
{"type":"Feature","geometry":{"type":"Point","coordinates":[34.7796199,32.0576484]},"properties":{"crossing":"marked","crossing:markings":"yes","highway":"crossing"}},
{"type":"Feature","geometry":{"type":"Point","coordinates":[34.7850313,32.0591235]},"properties":{"crossing":"uncontrolled","highway":"crossing"}},
{"type":"Feature","geometry":{"type":"Point","coordinates":[34.7716318,32.0427131]},"properties":{"crossing":"traffic_signals","highway":"crossing"}},
{"type":"Feature","geometry":{"type":"Point","coordinates":[34.7709896,32.0430775]},"properties":{"crossing":"traffic_signals","highway":"crossing"}},
{"type":"Feature","geometry":{"type":"Point","coordinates":[34.7687685,32.044669]},"properties":{"highway":"crossing"}},
{"type":"Feature","geometry":{"type":"Point","coordinates":[34.7511771,32.0503847]},"properties":{"crossing":"marked","crossing:island":"yes","crossing:markings":"yes","highway":"crossing","kerb":"flush","tactile_paving":"yes"}},
{"type":"Feature","geometry":{"type":"Point","coordinates":[34.7570883,32.0497391]},"properties":{"crossing":"marked","crossing:island":"yes","crossing:markings":"yes","highway":"crossing","kerb":"lowered","tactile_paving":"yes"}},
{"type":"Feature","geometry":{"type":"Point","coordinates":[34.7634383,32.0490971]},"properties":{"crossing":"marked","highway":"crossing"}},
{"type":"Feature","geometry":{"type":"Point","coordinates":[34.7560284,32.0392542]},"properties":{"crossing":"traffic_signals","crossing:markings":"yes","highway":"crossing"}},
{"type":"Feature","geometry":{"type":"Point","coordinates":[34.7988185,32.0468535]},"properties":{"crossing":"uncontrolled","crossing:markings":"yes","highway":"crossing"}},
{"type":"Feature","geometry":{"type":"Point","coordinates":[34.7979709,32.0443842]},"properties":{"crossing":"uncontrolled","highway":"crossing"}},
{"type":"Feature","geometry":{"type":"Point","coordinates":[34.7979316,32.0442891]},"properties":{"crossing":"uncontrolled","highway":"crossing"}},
{"type":"Feature","geometry":{"type":"Point","coordinates":[34.8312905,32.1101686]},"properties":{"highway":"crossing"}},
{"type":"Feature","geometry":{"type":"Point","coordinates":[34.7872851,32.1180474]},"properties":{"crossing":"uncontrolled","crossing:island":"yes","crossing_ref":"zebra","highway":"crossing"}},
{"type":"Feature","geometry":{"type":"Point","coordinates":[34.7872231,32.1180481]},"properties":{"crossing":"uncontrolled","crossing:island":"yes","crossing_ref":"zebra","highway":"crossing"}},
{"type":"Feature","geometry":{"type":"Point","coordinates":[34.7751048,32.0629096]},"properties":{"crossing":"traffic_signals","highway":"crossing"}},
{"type":"Feature","geometry":{"type":"Point","coordinates":[34.7751594,32.0628602]},"properties":{"crossing":"traffic_signals","highway":"crossing"}},
{"type":"Feature","geometry":{"type":"Point","coordinates":[34.7745774,32.0625568]},"properties":{"crossing":"traffic_signals","highway":"crossing"}},
{"type":"Feature","geometry":{"type":"Point","coordinates":[34.774622,32.0625058]},"properties":{"crossing":"traffic_signals","highway":"crossing"}},
{"type":"Feature","geometry":{"type":"Point","coordinates":[34.7743879,32.0624563]},"properties":{"crossing":"traffic_signals","highway":"crossing"}},
{"type":"Feature","geometry":{"type":"Point","coordinates":[34.7744313,32.0623987]},"properties":{"crossing":"traffic_signals","highway":"crossing"}},
{"type":"Feature","geometry":{"type":"Point","coordinates":[34.8292837,32.0382551]},"properties":{"crossing":"traffic_signals","highway":"crossing"}},
{"type":"Feature","geometry":{"type":"Point","coordinates":[34.8292775,32.0380967]},"properties":{"crossing":"traffic_signals","highway":"crossing"}},
{"type":"Feature","geometry":{"type":"Point","coordinates":[34.8293092,32.0379574]},"properties":{"crossing":"traffic_signals","highway":"crossing"}},
{"type":"Feature","geometry":{"type":"Point","coordinates":[34.831089,32.037612]},"properties":{"crossing":"traffic_signals","highway":"crossing"}},
{"type":"Feature","geometry":{"type":"Point","coordinates":[34.7656716,32.0524784]},"properties":{"crossing":"uncontrolled","highway":"crossing"}},
{"type":"Feature","geometry":{"type":"Point","coordinates":[34.7980574,32.0441623]},"properties":{"crossing":"uncontrolled","highway":"crossing"}},
{"type":"Feature","geometry":{"type":"Point","coordinates":[34.794086,32.0727944]},"properties":{"button_operated":"yes","crossing":"traffic_signals","highway":"crossing","traffic_signals:sound":"yes","traffic_signals:vibration":"yes"}},
{"type":"Feature","geometry":{"type":"Point","coordinates":[34.7925263,32.0733203]},"properties":{"crossing":"traffic_signals","highway":"crossing"}},
{"type":"Feature","geometry":{"type":"Point","coordinates":[34.7765052,32.0634541]},"properties":{"crossing":"marked","crossing:markings":"yes","highway":"crossing"}},
{"type":"Feature","geometry":{"type":"Point","coordinates":[34.8216185,32.0470024]},"properties":{"access":"yes","amenity":"drinking_water","bottle":"yes","fee":"no","wheelchair":"yes"}},
{"type":"Feature","geometry":{"type":"Point","coordinates":[34.7970607,32.0807376]},"properties":{"crossing":"marked","crossing:markings":"yes","highway":"crossing"}},
{"type":"Feature","geometry":{"type":"Point","coordinates":[34.7940506,32.0725182]},"properties":{"button_operated":"no","crossing":"traffic_signals","highway":"crossing","traffic_signals:sound":"no","traffic_signals:vibration":"yes"}},
{"type":"Feature","geometry":{"type":"Point","coordinates":[34.7946895,32.0723287]},"properties":{"crossing":"traffic_signals","highway":"crossing"}},
{"type":"Feature","geometry":{"type":"Point","coordinates":[34.7945455,32.0723595]},"properties":{"crossing":"traffic_signals","highway":"crossing"}},
{"type":"Feature","geometry":{"type":"Point","coordinates":[34.7945196,32.0724191]},"properties":{"crossing":"traffic_signals","highway":"crossing"}},
{"type":"Feature","geometry":{"type":"Point","coordinates":[34.7945784,32.0725464]},"properties":{"button_operated":"yes","crossing":"traffic_signals","highway":"crossing"}},
{"type":"Feature","geometry":{"type":"Point","coordinates":[34.794553,32.0726135]},"properties":{"crossing":"traffic_signals","highway":"crossing"}},
{"type":"Feature","geometry":{"type":"Point","coordinates":[34.7737785,32.0895748]},"properties":{"crossing":"traffic_signals","highway":"crossing"}},
{"type":"Feature","geometry":{"type":"Point","coordinates":[34.7746084,32.0924693]},"properties":{"highway":"traffic_signals","traffic_signals":"signal"}},
{"type":"Feature","geometry":{"type":"Point","coordinates":[34.7746192,32.0925147]},"properties":{"highway":"traffic_signals","traffic_signals":"signal"}},
{"type":"Feature","geometry":{"type":"Point","coordinates":[34.77466,32.092663]},"properties":{"highway":"traffic_signals","traffic_signals":"signal"}},
{"type":"Feature","geometry":{"type":"Point","coordinates":[34.7753437,32.0947731]},"properties":{"crossing":"traffic_signals","highway":"crossing"}},
{"type":"Feature","geometry":{"type":"Point","coordinates":[34.7759931,32.095904]},"properties":{"crossing":"traffic_signals","highway":"crossing"}},
{"type":"Feature","geometry":{"type":"Point","coordinates":[34.7760456,32.095856]},"properties":{"crossing":"traffic_signals","highway":"crossing"}},
{"type":"Feature","geometry":{"type":"Point","coordinates":[34.7746306,32.096279]},"properties":{"crossing":"marked","crossing:markings":"yes","highway":"crossing"}},
{"type":"Feature","geometry":{"type":"Point","coordinates":[34.7745265,32.096299]},"properties":{"crossing":"marked","crossing:markings":"yes","highway":"crossing"}},
{"type":"Feature","geometry":{"type":"Point","coordinates":[34.775954,32.0963217]},"properties":{"crossing":"marked","crossing:markings":"yes","highway":"crossing"}},
{"type":"Feature","geometry":{"type":"Point","coordinates":[34.775961,32.0962786]},"properties":{"crossing":"marked","crossing:markings":"yes","highway":"crossing"}},
{"type":"Feature","geometry":{"type":"Point","coordinates":[34.7747545,32.0925831]},"properties":{"highway":"traffic_signals","traffic_signals":"signal"}},
{"type":"Feature","geometry":{"type":"Point","coordinates":[34.7746803,32.092595]},"properties":{"highway":"traffic_signals","traffic_signals":"signal"}},
{"type":"Feature","geometry":{"type":"Point","coordinates":[34.7746425,32.0925992]},"properties":{"highway":"traffic_signals","traffic_signals":"signal"}},
{"type":"Feature","geometry":{"type":"Point","coordinates":[34.7746308,32.092557]},"properties":{"crossing":"marked","crossing:markings":"yes","highway":"crossing"}},
{"type":"Feature","geometry":{"type":"Point","coordinates":[34.7750576,32.0939401]},"properties":{"crossing":"marked","crossing:markings":"yes","highway":"crossing"}},
{"type":"Feature","geometry":{"type":"Point","coordinates":[34.7750357,32.093873]},"properties":{"crossing":"marked","crossing:markings":"yes","highway":"crossing"}},
{"type":"Feature","geometry":{"type":"Point","coordinates":[34.7744146,32.0918736]},"properties":{"crossing":"marked","crossing:markings":"yes","highway":"crossing"}},
{"type":"Feature","geometry":{"type":"Point","coordinates":[34.7743812,32.0917595]},"properties":{"crossing":"marked","crossing:markings":"yes","highway":"crossing"}},
{"type":"Feature","geometry":{"type":"Point","coordinates":[34.7736669,32.089277]},"properties":{"crossing":"marked","crossing:markings":"yes","highway":"crossing"}},
{"type":"Feature","geometry":{"type":"Point","coordinates":[34.7736188,32.0891305]},"properties":{"crossing":"marked","crossing:markings":"yes","highway":"crossing"}},
{"type":"Feature","geometry":{"type":"Point","coordinates":[34.7982559,32.0906665]},"properties":{"crossing":"marked","crossing:markings":"yes","highway":"crossing"}},
{"type":"Feature","geometry":{"type":"Point","coordinates":[34.7983702,32.0907926]},"properties":{"crossing":"marked","crossing:markings":"yes","highway":"crossing"}},
{"type":"Feature","geometry":{"type":"Point","coordinates":[34.7931341,32.0998814]},"properties":{"crossing":"traffic_signals","highway":"crossing"}},
{"type":"Feature","geometry":{"type":"Point","coordinates":[34.7931882,32.0995494]},"properties":{"crossing":"marked","crossing:markings":"yes","highway":"crossing"}},
{"type":"Feature","geometry":{"type":"Point","coordinates":[34.7757394,32.0972935]},"properties":{"crossing":"traffic_signals","highway":"crossing"}},
{"type":"Feature","geometry":{"type":"Point","coordinates":[34.7806405,32.0621364]},"properties":{"crossing":"traffic_signals","highway":"crossing"}},
{"type":"Feature","geometry":{"type":"Point","coordinates":[34.7921372,32.0734124]},"properties":{"crossing":"marked","crossing:markings":"yes","highway":"crossing"}},
{"type":"Feature","geometry":{"type":"Point","coordinates":[34.7920199,32.0734561]},"properties":{"crossing":"marked","crossing:markings":"yes","highway":"crossing"}},
{"type":"Feature","geometry":{"type":"Point","coordinates":[34.7873553,32.0600957]},"properties":{"crossing":"unmarked","crossing:markings":"no","highway":"crossing"}},
{"type":"Feature","geometry":{"type":"Point","coordinates":[34.7873522,32.0693278]},"properties":{"crossing":"traffic_signals","highway":"crossing"}},
{"type":"Feature","geometry":{"type":"Point","coordinates":[34.7799707,32.074033]},"properties":{"crossing":"traffic_signals","highway":"crossing"}},
{"type":"Feature","geometry":{"type":"Point","coordinates":[34.7797817,32.0740729]},"properties":{"crossing":"traffic_signals","highway":"crossing"}},
{"type":"Feature","geometry":{"type":"Point","coordinates":[34.7790187,32.0742236]},"properties":{"crossing":"traffic_signals","highway":"crossing"}},
{"type":"Feature","geometry":{"type":"Point","coordinates":[34.7719213,32.0875748]},"properties":{"bicycle":"yes","crossing":"marked","crossing:markings":"yes","highway":"crossing"}},
{"type":"Feature","geometry":{"type":"Point","coordinates":[34.7710965,32.0877673]},"properties":{"bicycle":"yes","crossing":"marked","crossing:markings":"yes","highway":"crossing"}},
{"type":"Feature","geometry":{"type":"Point","coordinates":[34.771013,32.0878133]},"properties":{"bicycle":"yes","crossing":"marked","crossing:markings":"yes","highway":"crossing"}},
{"type":"Feature","geometry":{"type":"Point","coordinates":[34.7649396,32.0516686]},"properties":{"button_operated":"no","crossing":"traffic_signals","highway":"crossing"}},
{"type":"Feature","geometry":{"type":"Point","coordinates":[34.765184,32.0514936]},"properties":{"button_operated":"yes","crossing":"traffic_signals","highway":"crossing"}},
{"type":"Feature","geometry":{"type":"Point","coordinates":[34.7753696,32.0947169]},"properties":{"crossing":"traffic_signals","highway":"crossing"}},
{"type":"Feature","geometry":{"type":"Point","coordinates":[34.7754408,32.094718]},"properties":{"crossing":"traffic_signals","highway":"crossing"}},
{"type":"Feature","geometry":{"type":"Point","coordinates":[34.7807272,32.0471812]},"properties":{"crossing":"marked","highway":"crossing"}},
{"type":"Feature","geometry":{"type":"Point","coordinates":[34.7808537,32.0471562]},"properties":{"crossing":"marked","highway":"crossing"}},
{"type":"Feature","geometry":{"type":"Point","coordinates":[34.7759687,32.0484176]},"properties":{"crossing":"marked","highway":"crossing"}},
{"type":"Feature","geometry":{"type":"Point","coordinates":[34.7758656,32.0484531]},"properties":{"crossing":"marked","highway":"crossing"}},
{"type":"Feature","geometry":{"type":"Point","coordinates":[34.7757773,32.0484819]},"properties":{"crossing":"marked","highway":"crossing"}},
{"type":"Feature","geometry":{"type":"Point","coordinates":[34.7756475,32.0485059]},"properties":{"crossing":"marked","highway":"crossing"}},
{"type":"Feature","geometry":{"type":"Point","coordinates":[34.774215,32.0490511]},"properties":{"crossing":"marked","crossing:markings":"yes","highway":"crossing"}},
{"type":"Feature","geometry":{"type":"Point","coordinates":[34.7735802,32.0492541]},"properties":{"crossing":"marked","highway":"crossing"}},
{"type":"Feature","geometry":{"type":"Point","coordinates":[34.7734475,32.0493693]},"properties":{"crossing":"marked","highway":"crossing"}},
{"type":"Feature","geometry":{"type":"Point","coordinates":[34.7733283,32.0494346]},"properties":{"crossing":"marked","highway":"crossing"}},
{"type":"Feature","geometry":{"type":"Point","coordinates":[34.7906244,32.0732011]},"properties":{"button_operated":"no","crossing":"traffic_signals","highway":"crossing"}},
{"type":"Feature","geometry":{"type":"Point","coordinates":[34.7901119,32.0731972]},"properties":{"button_operated":"no","crossing":"traffic_signals","highway":"crossing","traffic_signals:sound":"yes","traffic_signals:vibration":"no"}},
{"type":"Feature","geometry":{"type":"Point","coordinates":[34.7990817,32.0468303]},"properties":{"crossing":"traffic_signals","highway":"crossing"}},
{"type":"Feature","geometry":{"type":"Point","coordinates":[34.7989841,32.0470302]},"properties":{"crossing":"traffic_signals","highway":"crossing"}},
{"type":"Feature","geometry":{"type":"Point","coordinates":[34.7680421,32.0451163]},"properties":{"crossing":"marked","crossing:markings":"yes","highway":"crossing"}},
{"type":"Feature","geometry":{"type":"Point","coordinates":[34.8011458,32.0895243]},"properties":{"crossing":"traffic_signals","crossing:markings":"yes","highway":"crossing"}},
{"type":"Feature","geometry":{"type":"Point","coordinates":[34.7974314,32.0592105]},"properties":{"crossing":"traffic_signals","highway":"crossing"}},
{"type":"Feature","geometry":{"type":"Point","coordinates":[34.8004735,32.0592798]},"properties":{"crossing":"traffic_signals","highway":"crossing"}},
{"type":"Feature","geometry":{"type":"Point","coordinates":[34.7601553,32.0527623]},"properties":{"crossing":"marked","highway":"crossing","tactile_paving":"yes"}},
{"type":"Feature","geometry":{"type":"Point","coordinates":[34.7755793,32.0641902]},"properties":{"button_operated":"no","crossing":"traffic_signals","highway":"crossing","kerb":"flush","traffic_signals:sound":"no","traffic_signals:vibration":"no"}},
{"type":"Feature","geometry":{"type":"Point","coordinates":[34.7759675,32.0635077]},"properties":{"crossing":"traffic_signals","highway":"crossing"}},
{"type":"Feature","geometry":{"type":"Point","coordinates":[34.7760237,32.0634442]},"properties":{"crossing":"traffic_signals","highway":"crossing"}},
{"type":"Feature","geometry":{"type":"Point","coordinates":[34.7753665,32.0739847]},"properties":{"crossing":"traffic_signals","highway":"crossing"}},
{"type":"Feature","geometry":{"type":"Point","coordinates":[34.7747649,32.0743036]},"properties":{"crossing":"marked","crossing:markings":"yes","highway":"crossing"}},
{"type":"Feature","geometry":{"type":"Point","coordinates":[34.7741527,32.0746294]},"properties":{"crossing":"marked","highway":"crossing"}},
{"type":"Feature","geometry":{"type":"Point","coordinates":[34.7734977,32.0749539]},"properties":{"crossing":"traffic_signals","highway":"crossing"}},
{"type":"Feature","geometry":{"type":"Point","coordinates":[34.7724471,32.0755039]},"properties":{"crossing":"marked","crossing:markings":"yes","highway":"crossing"}},
{"type":"Feature","geometry":{"type":"Point","coordinates":[34.771735,32.0758683]},"properties":{"crossing":"traffic_signals","highway":"crossing"}},
{"type":"Feature","geometry":{"type":"Point","coordinates":[34.7707082,32.0764127]},"properties":{"crossing":"traffic_signals","crossing:markings":"yes","highway":"crossing"}},
{"type":"Feature","geometry":{"type":"Point","coordinates":[34.7700246,32.0767483]},"properties":{"button_operated":"no","crossing":"traffic_signals","highway":"crossing"}},
{"type":"Feature","geometry":{"type":"Point","coordinates":[34.7695537,32.077014]},"properties":{"crossing":"traffic_signals","highway":"crossing"}},
{"type":"Feature","geometry":{"type":"Point","coordinates":[34.7753092,32.0740068]},"properties":{"crossing":"traffic_signals","highway":"crossing"}},
{"type":"Feature","geometry":{"type":"Point","coordinates":[34.7718035,32.075872]},"properties":{"crossing":"traffic_signals","highway":"crossing"}},
{"type":"Feature","geometry":{"type":"Point","coordinates":[34.7805653,32.0738372]},"properties":{"crossing":"traffic_signals","highway":"crossing"}},
{"type":"Feature","geometry":{"type":"Point","coordinates":[34.7805682,32.0738739]},"properties":{"crossing":"traffic_signals","highway":"crossing"}},
{"type":"Feature","geometry":{"type":"Point","coordinates":[34.7762195,32.0635348]},"properties":{"crossing":"traffic_signals","highway":"crossing"}},
{"type":"Feature","geometry":{"type":"Point","coordinates":[34.7612316,32.0384712]},"properties":{"amenity":"drinking_water","drinking_water":"yes"}},
{"type":"Feature","geometry":{"type":"Point","coordinates":[34.7612721,32.0385241]},"properties":{"crossing":"uncontrolled","highway":"crossing"}},
{"type":"Feature","geometry":{"type":"Point","coordinates":[34.7612089,32.0385312]},"properties":{"crossing":"traffic_signals","highway":"crossing"}},
{"type":"Feature","geometry":{"type":"Point","coordinates":[34.7657195,32.0414567]},"properties":{"highway":"crossing"}},
{"type":"Feature","geometry":{"type":"Point","coordinates":[34.7656357,32.0414628]},"properties":{"highway":"crossing"}},
{"type":"Feature","geometry":{"type":"Point","coordinates":[34.790652,32.0911606]},"properties":{"button_operated":"no","crossing":"traffic_signals","highway":"crossing","traffic_signals:sound":"no","traffic_signals:vibration":"no"}},
{"type":"Feature","geometry":{"type":"Point","coordinates":[34.7904977,32.0911511]},"properties":{"button_operated":"no","crossing":"traffic_signals","highway":"crossing","traffic_signals:sound":"no","traffic_signals:vibration":"no"}},
{"type":"Feature","geometry":{"type":"Point","coordinates":[34.7762168,32.0636092]},"properties":{"crossing":"traffic_signals","highway":"crossing"}},
{"type":"Feature","geometry":{"type":"Point","coordinates":[34.8118255,32.0867423]},"properties":{"crossing":"marked","highway":"crossing"}},
{"type":"Feature","geometry":{"type":"Point","coordinates":[34.8116157,32.0866071]},"properties":{"crossing":"marked","highway":"crossing"}},
{"type":"Feature","geometry":{"type":"Point","coordinates":[34.7742967,32.057838]},"properties":{"amenity":"drinking_water"}},
{"type":"Feature","geometry":{"type":"Point","coordinates":[34.7749991,32.0467179]},"properties":{"amenity":"drinking_water"}},
{"type":"Feature","geometry":{"type":"Point","coordinates":[34.81185,32.0880171]},"properties":{"amenity":"drinking_water"}},
{"type":"Feature","geometry":{"type":"Point","coordinates":[34.7555919,32.0498763]},"properties":{"crossing":"marked","crossing:island":"yes","crossing:markings":"yes","crossing_ref":"zebra","highway":"crossing","tactile_paving":"yes"}},
{"type":"Feature","geometry":{"type":"Point","coordinates":[34.7519073,32.037564]},"properties":{"crossing":"marked","crossing_ref":"zebra","highway":"crossing"}},
{"type":"Feature","geometry":{"type":"Point","coordinates":[34.769168,32.0351857]},"properties":{"crossing":"marked","crossing:markings":"yes","crossing_ref":"zebra","highway":"crossing","tactile_paving":"yes"}},
{"type":"Feature","geometry":{"type":"Point","coordinates":[34.7692152,32.0351035]},"properties":{"crossing":"traffic_signals","crossing_ref":"zebra","highway":"crossing","tactile_paving":"yes"}},
{"type":"Feature","geometry":{"type":"Point","coordinates":[34.7692312,32.0350048]},"properties":{"crossing":"traffic_signals","crossing_ref":"zebra","highway":"crossing","tactile_paving":"yes"}},
{"type":"Feature","geometry":{"type":"Point","coordinates":[34.7692618,32.0348899]},"properties":{"crossing":"traffic_signals","crossing:markings":"yes","crossing_ref":"zebra","highway":"crossing","tactile_paving":"yes"}},
{"type":"Feature","geometry":{"type":"Point","coordinates":[34.769304,32.0386904]},"properties":{"crossing":"traffic_signals","crossing:island":"yes","crossing_ref":"zebra","highway":"crossing","tactile_paving":"yes"}},
{"type":"Feature","geometry":{"type":"Point","coordinates":[34.7660061,32.0401474]},"properties":{"bicycle":"designated","crossing":"marked","crossing_ref":"zebra","foot":"designated","highway":"crossing","tactile_paving":"yes"}},
{"type":"Feature","geometry":{"type":"Point","coordinates":[34.7655316,32.0526238]},"properties":{"crossing":"traffic_signals","highway":"crossing"}},
{"type":"Feature","geometry":{"type":"Point","coordinates":[34.7918024,32.1036107]},"properties":{"amenity":"drinking_water"}},
{"type":"Feature","geometry":{"type":"Point","coordinates":[34.7658025,32.041165]},"properties":{"crossing":"marked","crossing:markings":"yes","crossing_ref":"zebra","highway":"crossing"}},
{"type":"Feature","geometry":{"type":"Point","coordinates":[34.7658329,32.0412545]},"properties":{"crossing":"marked","crossing:markings":"yes","crossing_ref":"zebra","highway":"crossing"}},
{"type":"Feature","geometry":{"type":"Point","coordinates":[34.7834486,32.0676684]},"properties":{"crossing":"marked","crossing:markings":"yes","highway":"crossing"}},
{"type":"Feature","geometry":{"type":"Point","coordinates":[34.7684363,32.0775868]},"properties":{"crossing":"traffic_signals","highway":"crossing"}},
{"type":"Feature","geometry":{"type":"Point","coordinates":[34.7742267,32.0843056]},"properties":{"crossing":"traffic_signals","highway":"crossing"}},
{"type":"Feature","geometry":{"type":"Point","coordinates":[34.7639172,32.0489221]},"properties":{"crossing":"marked","highway":"crossing"}},
{"type":"Feature","geometry":{"type":"Point","coordinates":[34.7934578,32.0759632]},"properties":{"crossing":"marked","crossing:markings":"yes","highway":"crossing"}},
{"type":"Feature","geometry":{"type":"Point","coordinates":[34.7739828,32.07937]},"properties":{"highway":"crossing"}},
{"type":"Feature","geometry":{"type":"Point","coordinates":[34.7739927,32.079314]},"properties":{"highway":"crossing"}},
{"type":"Feature","geometry":{"type":"Point","coordinates":[34.7757695,32.0972126]},"properties":{"crossing":"traffic_signals","highway":"crossing"}},
{"type":"Feature","geometry":{"type":"Point","coordinates":[34.7758136,32.0979145]},"properties":{"crossing":"marked","crossing:island":"no","crossing:markings":"yes","highway":"crossing"}},
{"type":"Feature","geometry":{"type":"Point","coordinates":[34.7937465,32.0417631]},"properties":{"amenity":"drinking_water"}},
{"type":"Feature","geometry":{"type":"Point","coordinates":[34.8213747,32.0968936]},"properties":{"crossing":"marked","crossing:markings":"yes","highway":"crossing"}},
{"type":"Feature","geometry":{"type":"Point","coordinates":[34.8354915,32.0475136]},"properties":{"amenity":"drinking_water"}},
{"type":"Feature","geometry":{"type":"Point","coordinates":[34.8040037,32.0878551]},"properties":{"highway":"crossing"}},
{"type":"Feature","geometry":{"type":"Point","coordinates":[34.7838882,32.0659767]},"properties":{"button_operated":"no","crossing":"traffic_signals","highway":"crossing","traffic_signals":"signal"}},
{"type":"Feature","geometry":{"type":"Point","coordinates":[34.7691133,32.0406605]},"properties":{"highway":"crossing"}},
{"type":"Feature","geometry":{"type":"Point","coordinates":[34.8090509,32.0996805]},"properties":{"amenity":"drinking_water","bottle":"yes","survey:date":"2021-08-22"}},
{"type":"Feature","geometry":{"type":"Point","coordinates":[34.7954233,32.0856585]},"properties":{"bicycle":"yes","crossing":"traffic_signals","crossing:island":"yes","crossing:markings":"yes","crossing_ref":"zebra","highway":"crossing"}},
{"type":"Feature","geometry":{"type":"Point","coordinates":[34.7967241,32.0808712]},"properties":{"crossing":"traffic_signals","highway":"crossing"}},
{"type":"Feature","geometry":{"type":"Point","coordinates":[34.7968359,32.080745]},"properties":{"crossing":"traffic_signals","highway":"crossing"}},
{"type":"Feature","geometry":{"type":"Point","coordinates":[34.7700122,32.051456]},"properties":{"crossing":"traffic_signals","highway":"crossing"}},
{"type":"Feature","geometry":{"type":"Point","coordinates":[34.7744005,32.0768709]},"properties":{"crossing":"traffic_signals","highway":"crossing"}},
{"type":"Feature","geometry":{"type":"Point","coordinates":[34.7621547,32.0608169]},"properties":{"amenity":"drinking_water","fountain":"bubbler"}},
{"type":"Feature","geometry":{"type":"Point","coordinates":[34.7888129,32.0647609]},"properties":{"crossing:island":"no","crossing:signals":"yes","highway":"crossing"}},
{"type":"Feature","geometry":{"type":"Point","coordinates":[34.8020575,32.0777479]},"properties":{"crossing":"marked","crossing:markings":"yes","highway":"crossing"}},
{"type":"Feature","geometry":{"type":"Point","coordinates":[34.7858989,32.0855952]},"properties":{"crossing":"unmarked","crossing:markings":"no","highway":"crossing"}},
{"type":"Feature","geometry":{"type":"Point","coordinates":[34.7831806,32.0880439]},"properties":{"crossing":"marked","crossing:markings":"yes","highway":"crossing"}},
{"type":"Feature","geometry":{"type":"Point","coordinates":[34.783697,32.087844]},"properties":{"crossing":"marked","crossing:markings":"yes","highway":"crossing"}},
{"type":"Feature","geometry":{"type":"Point","coordinates":[34.7837081,32.0879096]},"properties":{"crossing":"marked","crossing:markings":"yes","highway":"crossing"}},
{"type":"Feature","geometry":{"type":"Point","coordinates":[34.7681322,32.0451877]},"properties":{"crossing":"marked","crossing:markings":"yes","highway":"crossing"}},
{"type":"Feature","geometry":{"type":"Point","coordinates":[34.8079046,32.1200025]},"properties":{"highway":"traffic_signals"}},
{"type":"Feature","geometry":{"type":"Point","coordinates":[34.8078434,32.1198824]},"properties":{"highway":"traffic_signals"}},
{"type":"Feature","geometry":{"type":"Point","coordinates":[34.7700859,32.0512108]},"properties":{"crossing":"traffic_signals","highway":"crossing"}},
{"type":"Feature","geometry":{"type":"Point","coordinates":[34.7984906,32.0908472]},"properties":{"crossing":"marked","crossing:markings":"yes","highway":"crossing"}},
{"type":"Feature","geometry":{"type":"Point","coordinates":[34.7985868,32.0905376]},"properties":{"crossing":"marked","crossing:markings":"yes","highway":"crossing"}},
{"type":"Feature","geometry":{"type":"Point","coordinates":[34.7986464,32.090689]},"properties":{"crossing":"marked","crossing:markings":"yes","highway":"crossing"}},
{"type":"Feature","geometry":{"type":"Point","coordinates":[34.7855454,32.0677033]},"properties":{"crossing":"marked","crossing:markings":"yes","highway":"crossing"}},
{"type":"Feature","geometry":{"type":"Point","coordinates":[34.8018741,32.0495174]},"properties":{"highway":"crossing"}},
{"type":"Feature","geometry":{"type":"Point","coordinates":[34.8135823,32.0447419]},"properties":{"crossing":"uncontrolled","crossing:markings":"yes","highway":"crossing"}},
{"type":"Feature","geometry":{"type":"Point","coordinates":[34.7812008,32.0670797]},"properties":{"crossing":"marked","crossing:markings":"yes","highway":"crossing"}},
{"type":"Feature","geometry":{"type":"Point","coordinates":[34.7822917,32.0664788]},"properties":{"button_operated":"no","crossing":"traffic_signals","crossing:island":"no","highway":"crossing"}},
{"type":"Feature","geometry":{"type":"Point","coordinates":[34.7938277,32.076921]},"properties":{"crossing":"marked","crossing:markings":"yes","highway":"crossing"}},
{"type":"Feature","geometry":{"type":"Point","coordinates":[34.7934891,32.0760455]},"properties":{"crossing":"marked","crossing:markings":"yes","highway":"crossing"}},
{"type":"Feature","geometry":{"type":"Point","coordinates":[34.7730917,32.0449944]},"properties":{"highway":"crossing"}},
{"type":"Feature","geometry":{"type":"Point","coordinates":[34.7965658,32.0853647]},"properties":{"bicycle":"yes","crossing":"marked","crossing:island":"yes","crossing:markings":"yes","crossing_ref":"zebra","highway":"crossing"}},
{"type":"Feature","geometry":{"type":"Point","coordinates":[34.8229247,32.05423]},"properties":{"crossing:island":"no","crossing:markings":"yes","crossing:signals":"no","highway":"crossing"}},
{"type":"Feature","geometry":{"type":"Point","coordinates":[34.8222456,32.0555599]},"properties":{"crossing":"marked","crossing:markings":"yes","highway":"crossing"}},
{"type":"Feature","geometry":{"type":"Point","coordinates":[34.7746734,32.0760645]},"properties":{"crossing":"traffic_signals","highway":"crossing"}},
{"type":"Feature","geometry":{"type":"Point","coordinates":[34.7746964,32.0760193]},"properties":{"crossing":"traffic_signals","highway":"crossing"}},
{"type":"Feature","geometry":{"type":"Point","coordinates":[34.7747653,32.0759014]},"properties":{"crossing":"traffic_signals","highway":"crossing"}},
{"type":"Feature","geometry":{"type":"Point","coordinates":[34.7748819,32.0760613]},"properties":{"button_operated":"yes","crossing":"traffic_signals","highway":"crossing"}},
{"type":"Feature","geometry":{"type":"Point","coordinates":[34.7745516,32.076925]},"properties":{"crossing":"traffic_signals","highway":"crossing"}},
{"type":"Feature","geometry":{"type":"Point","coordinates":[34.7811388,32.0815839]},"properties":{"bicycle":"designated","button_operated":"yes","crossing":"traffic_signals","highway":"crossing","traffic_signals:sound":"yes"}},
{"type":"Feature","geometry":{"type":"Point","coordinates":[34.7827277,32.0907018]},"properties":{"crossing":"traffic_signals","crossing:markings":"yes","highway":"crossing"}},
{"type":"Feature","geometry":{"type":"Point","coordinates":[34.7828452,32.0906862]},"properties":{"crossing":"traffic_signals","highway":"crossing"}},
{"type":"Feature","geometry":{"type":"Point","coordinates":[34.7826476,32.0908538]},"properties":{"crossing":"traffic_signals","crossing:island":"no","crossing:markings":"yes","highway":"crossing"}},
{"type":"Feature","geometry":{"type":"Point","coordinates":[34.7786994,32.059934]},"properties":{"crossing":"marked","highway":"crossing"}},
{"type":"Feature","geometry":{"type":"Point","coordinates":[34.7824862,32.0879583]},"properties":{"crossing":"marked","crossing:markings":"yes","highway":"crossing"}},
{"type":"Feature","geometry":{"type":"Point","coordinates":[34.778816,32.0600636]},"properties":{"crossing":"marked","highway":"crossing"}},
{"type":"Feature","geometry":{"type":"Point","coordinates":[34.7492009,32.0502219]},"properties":{"crossing":"marked","highway":"crossing"}},
{"type":"Feature","geometry":{"type":"Point","coordinates":[34.8021195,32.1216354]},"properties":{"crossing":"uncontrolled","crossing:markings":"yes","highway":"crossing"}},
{"type":"Feature","geometry":{"type":"Point","coordinates":[34.8021362,32.1215624]},"properties":{"crossing":"traffic_signals","highway":"crossing"}},
{"type":"Feature","geometry":{"type":"Point","coordinates":[34.8021034,32.1214056]},"properties":{"crossing":"traffic_signals","highway":"crossing"}},
{"type":"Feature","geometry":{"type":"Point","coordinates":[34.8020898,32.121368]},"properties":{"crossing":"traffic_signals","highway":"crossing"}},
{"type":"Feature","geometry":{"type":"Point","coordinates":[34.8023761,32.121287]},"properties":{"crossing":"uncontrolled","crossing:markings":"yes","highway":"crossing"}},
{"type":"Feature","geometry":{"type":"Point","coordinates":[34.802482,32.1212641]},"properties":{"crossing":"marked","highway":"crossing"}},
{"type":"Feature","geometry":{"type":"Point","coordinates":[34.7963279,32.0768976]},"properties":{"crossing":"traffic_signals","highway":"crossing"}},
{"type":"Feature","geometry":{"type":"Point","coordinates":[34.7973951,32.0783478]},"properties":{"crossing":"uncontrolled","crossing:markings":"yes","highway":"crossing"}},
{"type":"Feature","geometry":{"type":"Point","coordinates":[34.7819287,32.0712681]},"properties":{"button_operated":"no","crossing":"traffic_signals","highway":"crossing","traffic_signals:sound":"yes","traffic_signals:vibration":"yes"}},
{"type":"Feature","geometry":{"type":"Point","coordinates":[34.7582239,32.045316]},"properties":{"crossing":"traffic_signals","highway":"crossing"}},
{"type":"Feature","geometry":{"type":"Point","coordinates":[34.7575573,32.0435721]},"properties":{"crossing":"unmarked","crossing:markings":"no","highway":"crossing"}},
{"type":"Feature","geometry":{"type":"Point","coordinates":[34.7568495,32.0415706]},"properties":{"crossing":"traffic_signals","crossing:markings":"yes","highway":"crossing"}},
{"type":"Feature","geometry":{"type":"Point","coordinates":[34.7561132,32.0391291]},"properties":{"crossing":"traffic_signals","crossing:markings":"yes","highway":"crossing"}},
{"type":"Feature","geometry":{"type":"Point","coordinates":[34.7778283,32.0635138]},"properties":{"crossing":"traffic_signals","highway":"crossing"}},
{"type":"Feature","geometry":{"type":"Point","coordinates":[34.7779397,32.0636946]},"properties":{"crossing":"traffic_signals","highway":"crossing"}},
{"type":"Feature","geometry":{"type":"Point","coordinates":[34.7779551,32.0637638]},"properties":{"crossing":"traffic_signals","highway":"crossing"}},
{"type":"Feature","geometry":{"type":"Point","coordinates":[34.7887542,32.0703909]},"properties":{"button_operated":"yes","crossing":"traffic_signals","highway":"crossing"}},
{"type":"Feature","geometry":{"type":"Point","coordinates":[34.7631378,32.0691841]},"properties":{"amenity":"drinking_water","man_made":"water_tap"}},
{"type":"Feature","geometry":{"type":"Point","coordinates":[34.7582736,32.0455073]},"properties":{"crossing":"unmarked","crossing:markings":"no","highway":"crossing"}},
{"type":"Feature","geometry":{"type":"Point","coordinates":[34.7837044,32.0661754]},"properties":{"crossing":"traffic_signals","highway":"crossing"}},
{"type":"Feature","geometry":{"type":"Point","coordinates":[34.7835879,32.0660741]},"properties":{"crossing":"traffic_signals","highway":"crossing"}},
{"type":"Feature","geometry":{"type":"Point","coordinates":[34.7834863,32.0659819]},"properties":{"crossing":"traffic_signals","highway":"crossing"}},
{"type":"Feature","geometry":{"type":"Point","coordinates":[34.7882676,32.0697423]},"properties":{"crossing":"marked","crossing:island":"no","crossing:markings":"yes","highway":"crossing"}},
{"type":"Feature","geometry":{"type":"Point","coordinates":[34.7837829,32.0658646]},"properties":{"button_operated":"no","crossing":"traffic_signals","highway":"crossing"}},
{"type":"Feature","geometry":{"type":"Point","coordinates":[34.8228524,32.052506]},"properties":{"amenity":"drinking_water","drinking_water":"yes"}},
{"type":"Feature","geometry":{"type":"Point","coordinates":[34.779592,32.0631784]},"properties":{"crossing":"uncontrolled","highway":"crossing"}},
{"type":"Feature","geometry":{"type":"Point","coordinates":[34.7806945,32.0638364]},"properties":{"crossing":"traffic_signals","highway":"crossing"}},
{"type":"Feature","geometry":{"type":"Point","coordinates":[34.7961191,32.0819824]},"properties":{"crossing":"traffic_signals","highway":"crossing"}},
{"type":"Feature","geometry":{"type":"Point","coordinates":[34.7962131,32.0818693]},"properties":{"button_operated":"no","crossing":"traffic_signals","highway":"crossing"}},
{"type":"Feature","geometry":{"type":"Point","coordinates":[34.7757618,32.0984183]},"properties":{"crossing":"marked","crossing:markings":"yes","highway":"crossing"}},
{"type":"Feature","geometry":{"type":"Point","coordinates":[34.7757123,32.0984042]},"properties":{"crossing":"marked","crossing:markings":"yes","highway":"crossing"}},
{"type":"Feature","geometry":{"type":"Point","coordinates":[34.7847441,32.0704342]},"properties":{"crossing":"marked","crossing:markings":"yes","highway":"crossing"}},
{"type":"Feature","geometry":{"type":"Point","coordinates":[34.7654851,32.0749453]},"properties":{"amenity":"drinking_water"}},
{"type":"Feature","geometry":{"type":"Point","coordinates":[34.7975651,32.0855056]},"properties":{"amenity":"drinking_water","fountain":"bubbler"}},
{"type":"Feature","geometry":{"type":"Point","coordinates":[34.792704,32.0773042]},"properties":{"crossing":"marked","crossing:markings":"yes","highway":"crossing"}},
{"type":"Feature","geometry":{"type":"Point","coordinates":[34.7921483,32.0764647]},"properties":{"button_operated":"no","crossing":"traffic_signals","highway":"crossing","traffic_signals:sound":"no","traffic_signals:vibration":"no"}},
{"type":"Feature","geometry":{"type":"Point","coordinates":[34.8194666,32.105695]},"properties":{"crossing":"traffic_signals","highway":"crossing"}},
{"type":"Feature","geometry":{"type":"Point","coordinates":[34.764323,32.0725288]},"properties":{"access":"yes","amenity":"drinking_water"}},
{"type":"Feature","geometry":{"type":"Point","coordinates":[34.7971722,32.1156598]},"properties":{"amenity":"drinking_water"}},
{"type":"Feature","geometry":{"type":"Point","coordinates":[34.7944969,32.1143727]},"properties":{"amenity":"drinking_water"}},
{"type":"Feature","geometry":{"type":"Point","coordinates":[34.7968266,32.1149012]},"properties":{"amenity":"drinking_water"}},
{"type":"Feature","geometry":{"type":"Point","coordinates":[34.7950677,32.0972212]},"properties":{"crossing":"uncontrolled","crossing:island":"yes","crossing_ref":"zebra","highway":"crossing"}},
{"type":"Feature","geometry":{"type":"Point","coordinates":[34.7972411,32.1220378]},"properties":{"amenity":"drinking_water"}},
{"type":"Feature","geometry":{"type":"Point","coordinates":[34.7912349,32.122986]},"properties":{"access":"yes","amenity":"drinking_water","drinking_water":"yes","man_made":"water_tap"}},
{"type":"Feature","geometry":{"type":"Point","coordinates":[34.7955331,32.0862483]},"properties":{"crossing":"unmarked","crossing:markings":"no","highway":"crossing"}},
{"type":"Feature","geometry":{"type":"Point","coordinates":[34.7976809,32.0853987]},"properties":{"crossing":"traffic_signals","crossing:markings":"yes","highway":"crossing"}},
{"type":"Feature","geometry":{"type":"Point","coordinates":[34.7977779,32.0853831]},"properties":{"crossing":"traffic_signals","crossing:markings":"yes","highway":"crossing"}},
{"type":"Feature","geometry":{"type":"Point","coordinates":[34.7983153,32.0852826]},"properties":{"crossing":"traffic_signals","highway":"crossing"}},
{"type":"Feature","geometry":{"type":"Point","coordinates":[34.7704609,32.0605238]},"properties":{"highway":"traffic_signals"}},
{"type":"Feature","geometry":{"type":"Point","coordinates":[34.7837007,32.0878102]},"properties":{"highway":"crossing"}},
{"type":"Feature","geometry":{"type":"Point","coordinates":[34.7824938,32.0881356]},"properties":{"crossing":"traffic_signals","highway":"crossing"}},
{"type":"Feature","geometry":{"type":"Point","coordinates":[34.7989386,32.0564371]},"properties":{"highway":"crossing"}},
{"type":"Feature","geometry":{"type":"Point","coordinates":[34.7883472,32.0703298]},"properties":{"button_operated":"no","crossing":"traffic_signals","highway":"crossing"}},
{"type":"Feature","geometry":{"type":"Point","coordinates":[34.788496,32.0705012]},"properties":{"button_operated":"no","crossing":"traffic_signals","crossing:island":"no","highway":"crossing"}},
{"type":"Feature","geometry":{"type":"Point","coordinates":[34.7554835,32.0532221]},"properties":{"access":"yes","amenity":"toilets"}},
{"type":"Feature","geometry":{"type":"Point","coordinates":[34.823073,32.0489833]},"properties":{"access":"yes","amenity":"toilets","fee":"no"}},
{"type":"Feature","geometry":{"type":"Point","coordinates":[34.8295286,32.1036846]},"properties":{"access":"yes","amenity":"toilets"}},
{"type":"Feature","geometry":{"type":"Point","coordinates":[34.7836124,32.0856313]},"properties":{"amenity":"toilets"}},
{"type":"Feature","geometry":{"type":"Point","coordinates":[34.7823239,32.1209994]},"properties":{"amenity":"toilets","wheelchair":"yes"}},
{"type":"Feature","geometry":{"type":"Point","coordinates":[34.7707553,32.0536962]},"properties":{"crossing":"marked","crossing:island":"yes","crossing:markings":"yes","highway":"crossing"}},
{"type":"Feature","geometry":{"type":"Point","coordinates":[34.8210613,32.0467427]},"properties":{"highway":"crossing"}},
{"type":"Feature","geometry":{"type":"Point","coordinates":[34.7926515,32.0772297]},"properties":{"crossing":"marked","crossing:markings":"yes","highway":"crossing"}},
{"type":"Feature","geometry":{"type":"Point","coordinates":[34.7938209,32.07691]},"properties":{"crossing":"marked","crossing:markings":"yes","highway":"crossing"}},
{"type":"Feature","geometry":{"type":"Point","coordinates":[34.7937743,32.0768305]},"properties":{"crossing":"marked","crossing:markings":"yes","highway":"crossing"}},
{"type":"Feature","geometry":{"type":"Point","coordinates":[34.7937673,32.0768193]},"properties":{"crossing":"marked","crossing:markings":"yes","highway":"crossing"}},
{"type":"Feature","geometry":{"type":"Point","coordinates":[34.793516,32.0764125]},"properties":{"crossing":"marked","crossing:markings":"yes","highway":"crossing"}},
{"type":"Feature","geometry":{"type":"Point","coordinates":[34.7888398,32.0703375]},"properties":{"button_operated":"no","crossing":"traffic_signals","highway":"crossing"}},
{"type":"Feature","geometry":{"type":"Point","coordinates":[34.7888578,32.0702843]},"properties":{"crossing":"marked","crossing:island":"yes","crossing:markings":"yes","highway":"crossing"}},
{"type":"Feature","geometry":{"type":"Point","coordinates":[34.7886411,32.0701107]},"properties":{"crossing":"marked","crossing:island":"no","crossing:markings":"yes","highway":"crossing"}},
{"type":"Feature","geometry":{"type":"Point","coordinates":[34.7881542,32.0696285]},"properties":{"crossing":"marked","crossing:island":"no","crossing:markings":"yes","highway":"crossing"}},
{"type":"Feature","geometry":{"type":"Point","coordinates":[34.7884965,32.0699797]},"properties":{"crossing":"marked","crossing:island":"no","crossing:markings":"yes","highway":"crossing"}},
{"type":"Feature","geometry":{"type":"Point","coordinates":[34.7883798,32.0698587]},"properties":{"crossing":"marked","crossing:island":"no","crossing:markings":"yes","highway":"crossing"}},
{"type":"Feature","geometry":{"type":"Point","coordinates":[34.7889171,32.0702932]},"properties":{"crossing":"marked","crossing:island":"yes","crossing:markings":"yes","highway":"crossing"}},
{"type":"Feature","geometry":{"type":"Point","coordinates":[34.7853697,32.0673011]},"properties":{"crossing":"traffic_signals","crossing:island":"no","highway":"crossing"}},
{"type":"Feature","geometry":{"type":"Point","coordinates":[34.78475,32.0667555]},"properties":{"button_operated":"no","crossing":"traffic_signals","highway":"crossing"}},
{"type":"Feature","geometry":{"type":"Point","coordinates":[34.7805473,32.0674036]},"properties":{"crossing":"marked","crossing:markings":"yes","highway":"crossing"}},
{"type":"Feature","geometry":{"type":"Point","coordinates":[34.783064,32.0639125]},"properties":{"crossing":"traffic_signals","crossing:markings":"yes","highway":"crossing"}},
{"type":"Feature","geometry":{"type":"Point","coordinates":[34.7831982,32.0640401]},"properties":{"crossing":"traffic_signals","crossing:island":"no","crossing:markings":"yes","highway":"crossing"}},
{"type":"Feature","geometry":{"type":"Point","coordinates":[34.785425,32.0632093]},"properties":{"crossing":"uncontrolled","crossing:markings":"yes","highway":"crossing"}},
{"type":"Feature","geometry":{"type":"Point","coordinates":[34.7600491,32.0576902]},"properties":{"crossing":"uncontrolled","crossing:markings":"yes","highway":"crossing"}},
{"type":"Feature","geometry":{"type":"Point","coordinates":[34.7784921,32.0724196]},"properties":{"crossing":"traffic_signals","highway":"crossing"}},
{"type":"Feature","geometry":{"type":"Point","coordinates":[34.7784237,32.072437]},"properties":{"crossing":"marked","crossing:markings":"yes","highway":"crossing"}},
{"type":"Feature","geometry":{"type":"Point","coordinates":[34.7785409,32.0724061]},"properties":{"crossing":"traffic_signals","highway":"crossing"}},
{"type":"Feature","geometry":{"type":"Point","coordinates":[34.778443,32.0724446]},"properties":{"crossing":"marked","crossing:markings":"yes","highway":"crossing"}},
{"type":"Feature","geometry":{"type":"Point","coordinates":[34.7749315,32.075961]},"properties":{"crossing":"traffic_signals","highway":"crossing"}},
{"type":"Feature","geometry":{"type":"Point","coordinates":[34.8060136,32.0431735]},"properties":{"amenity":"drinking_water","fountain":"drinking"}},
{"type":"Feature","geometry":{"type":"Point","coordinates":[34.797158,32.0852484]},"properties":{"highway":"crossing"}},
{"type":"Feature","geometry":{"type":"Point","coordinates":[34.8007887,32.0434036]},"properties":{"crossing":"uncontrolled","highway":"crossing"}},
{"type":"Feature","geometry":{"type":"Point","coordinates":[34.8001638,32.0434622]},"properties":{"crossing":"uncontrolled","highway":"crossing"}},
{"type":"Feature","geometry":{"type":"Point","coordinates":[34.7963767,32.0817774]},"properties":{"crossing":"traffic_signals","highway":"crossing"}},
{"type":"Feature","geometry":{"type":"Point","coordinates":[34.7695843,32.0642436]},"properties":{"amenity":"toilets"}},
{"type":"Feature","geometry":{"type":"Point","coordinates":[34.7627405,32.0688371]},"properties":{"amenity":"toilets","fee":"no","opening_hours":"24/7"}},
{"type":"Feature","geometry":{"type":"Point","coordinates":[34.7560328,32.0391464]},"properties":{"crossing":"traffic_signals","crossing:markings":"yes","highway":"crossing"}},
{"type":"Feature","geometry":{"type":"Point","coordinates":[34.7810591,32.0642439]},"properties":{"crossing":"uncontrolled","highway":"crossing"}},
{"type":"Feature","geometry":{"type":"Point","coordinates":[34.7876259,32.0691349]},"properties":{"crossing":"traffic_signals","highway":"crossing"}},
{"type":"Feature","geometry":{"type":"Point","coordinates":[34.8023966,32.0888707]},"properties":{"crossing":"traffic_signals","highway":"crossing"}},
{"type":"Feature","geometry":{"type":"Point","coordinates":[34.7547554,32.0361069]},"properties":{"crossing":"traffic_signals","crossing:markings":"yes","highway":"crossing"}},
{"type":"Feature","geometry":{"type":"Point","coordinates":[34.7649269,32.051552]},"properties":{"crossing":"uncontrolled","highway":"crossing"}},
{"type":"Feature","geometry":{"type":"Point","coordinates":[34.7653312,32.0529701]},"properties":{"crossing":"traffic_signals","highway":"crossing"}},
{"type":"Feature","geometry":{"type":"Point","coordinates":[34.7654892,32.0529342]},"properties":{"crossing":"traffic_signals","highway":"crossing"}},
{"type":"Feature","geometry":{"type":"Point","coordinates":[34.765029,32.0515503]},"properties":{"button_operated":"yes","crossing":"traffic_signals","highway":"crossing"}},
{"type":"Feature","geometry":{"type":"Point","coordinates":[34.763996,32.0497688]},"properties":{"button_operated":"yes","crossing":"traffic_signals","highway":"crossing"}},
{"type":"Feature","geometry":{"type":"Point","coordinates":[34.7641962,32.0496904]},"properties":{"button_operated":"yes","crossing":"traffic_signals","highway":"crossing"}},
{"type":"Feature","geometry":{"type":"Point","coordinates":[34.7640969,32.0499404]},"properties":{"button_operated":"yes","crossing":"traffic_signals","highway":"crossing"}},
{"type":"Feature","geometry":{"type":"Point","coordinates":[34.7642983,32.0498672]},"properties":{"button_operated":"yes","crossing":"traffic_signals","highway":"crossing"}},
{"type":"Feature","geometry":{"type":"Point","coordinates":[34.7827453,32.0651931]},"properties":{"crossing":"traffic_signals","highway":"crossing"}},
{"type":"Feature","geometry":{"type":"Point","coordinates":[34.7827845,32.0651579]},"properties":{"crossing":"traffic_signals","highway":"crossing"}},
{"type":"Feature","geometry":{"type":"Point","coordinates":[34.7734232,32.0736471]},"properties":{"amenity":"drinking_water"}},
{"type":"Feature","geometry":{"type":"Point","coordinates":[34.797965,32.0441853]},"properties":{"crossing":"uncontrolled","highway":"crossing"}},
{"type":"Feature","geometry":{"type":"Point","coordinates":[34.7706622,32.0698525]},"properties":{"crossing":"uncontrolled","crossing:markings":"yes","highway":"crossing"}},
{"type":"Feature","geometry":{"type":"Point","coordinates":[34.7745273,32.0770043]},"properties":{"button_operated":"yes","crossing":"traffic_signals","highway":"crossing"}},
{"type":"Feature","geometry":{"type":"Point","coordinates":[34.7743752,32.076967]},"properties":{"button_operated":"yes","crossing":"traffic_signals","highway":"crossing"}},
{"type":"Feature","geometry":{"type":"Point","coordinates":[34.7745659,32.0768807]},"properties":{"button_operated":"yes","crossing":"traffic_signals","highway":"crossing"}},
{"type":"Feature","geometry":{"type":"Point","coordinates":[34.7744105,32.0768413]},"properties":{"crossing":"traffic_signals","highway":"crossing"}},
{"type":"Feature","geometry":{"type":"Point","coordinates":[34.8357328,32.1190715]},"properties":{"crossing":"traffic_signals","crossing:island":"yes","crossing_ref":"zebra","highway":"crossing"}},
{"type":"Feature","geometry":{"type":"Point","coordinates":[34.7763148,32.0631307]},"properties":{"amenity":"toilets","fee":"no","survey:date":"2023-02-16"}},
{"type":"Feature","geometry":{"type":"Point","coordinates":[34.7969353,32.0810701]},"properties":{"crossing":"traffic_signals","highway":"crossing"}},
{"type":"Feature","geometry":{"type":"Point","coordinates":[34.7854936,32.1155103]},"properties":{"amenity":"drinking_water"}},
{"type":"Feature","geometry":{"type":"Point","coordinates":[34.777634,32.038253]},"properties":{"crossing":"traffic_signals","highway":"crossing"}},
{"type":"Feature","geometry":{"type":"Point","coordinates":[34.7778441,32.0382717]},"properties":{"crossing":"traffic_signals","highway":"crossing"}},
{"type":"Feature","geometry":{"type":"Point","coordinates":[34.7778491,32.0373932]},"properties":{"crossing":"traffic_signals","highway":"crossing"}},
{"type":"Feature","geometry":{"type":"Point","coordinates":[34.8016843,32.1234785]},"properties":{"amenity":"drinking_water","fee":"no"}},
{"type":"Feature","geometry":{"type":"Point","coordinates":[34.8033981,32.1227393]},"properties":{"amenity":"drinking_water"}},
{"type":"Feature","geometry":{"type":"Point","coordinates":[34.8017998,32.1234105]},"properties":{"amenity":"drinking_water"}},
{"type":"Feature","geometry":{"type":"Point","coordinates":[34.7873993,32.0728346]},"properties":{"amenity":"drinking_water","fountain":"bubbler"}},
{"type":"Feature","geometry":{"type":"Point","coordinates":[34.7799891,32.0807548]},"properties":{"crossing":"uncontrolled","crossing:markings":"yes","highway":"crossing"}},
{"type":"Feature","geometry":{"type":"Point","coordinates":[34.7950832,32.083572]},"properties":{"crossing":"marked","crossing:island":"no","crossing:markings":"yes","highway":"crossing"}},
{"type":"Feature","geometry":{"type":"Point","coordinates":[34.7854604,32.0674889]},"properties":{"crossing":"traffic_signals","highway":"crossing"}},
{"type":"Feature","geometry":{"type":"Point","coordinates":[34.7642679,32.0578899]},"properties":{"crossing:signals":"yes","highway":"crossing"}},
{"type":"Feature","geometry":{"type":"Point","coordinates":[34.7925077,32.0779013]},"properties":{"amenity":"drinking_water"}},
{"type":"Feature","geometry":{"type":"Point","coordinates":[34.7902755,32.0745971]},"properties":{"amenity":"drinking_water","fountain":"bubbler"}},
{"type":"Feature","geometry":{"type":"Point","coordinates":[34.7857178,32.0728819]},"properties":{"amenity":"drinking_water"}},
{"type":"Feature","geometry":{"type":"Point","coordinates":[34.7818722,32.0681544]},"properties":{"amenity":"drinking_water"}},
{"type":"Feature","geometry":{"type":"Point","coordinates":[34.7823035,32.0650076]},"properties":{"amenity":"drinking_water"}},
{"type":"Feature","geometry":{"type":"Point","coordinates":[34.7888346,32.0703903]},"properties":{"amenity":"drinking_water"}},
{"type":"Feature","geometry":{"type":"Point","coordinates":[34.7996245,32.0900194]},"properties":{"amenity":"drinking_water"}},
{"type":"Feature","geometry":{"type":"Point","coordinates":[34.7995882,32.0798441]},"properties":{"amenity":"drinking_water"}},
{"type":"Feature","geometry":{"type":"Point","coordinates":[34.7740245,32.0781467]},"properties":{"amenity":"drinking_water","fountain":"bubbler"}},
{"type":"Feature","geometry":{"type":"Point","coordinates":[34.7728282,32.0732143]},"properties":{"amenity":"drinking_water","fountain":"bubbler"}},
{"type":"Feature","geometry":{"type":"Point","coordinates":[34.787374,32.0691388]},"properties":{"crossing":"traffic_signals","highway":"crossing"}},
{"type":"Feature","geometry":{"type":"Point","coordinates":[34.7508879,32.0503193]},"properties":{"amenity":"toilets"}},
{"type":"Feature","geometry":{"type":"Point","coordinates":[34.7631439,32.041906]},"properties":{"amenity":"drinking_water"}},
{"type":"Feature","geometry":{"type":"Point","coordinates":[34.7846221,32.0541407]},"properties":{"amenity":"drinking_water","fountain":"bubbler"}},
{"type":"Feature","geometry":{"type":"Point","coordinates":[34.7833798,32.0800718]},"properties":{"crossing":"uncontrolled","crossing:markings":"yes","highway":"crossing"}},
{"type":"Feature","geometry":{"type":"Point","coordinates":[34.7867456,32.0711746]},"properties":{"access":"yes","amenity":"toilets","female":"yes","toilets:disposal":"flush"}},
{"type":"Feature","geometry":{"type":"Point","coordinates":[34.7671589,32.0802389]},"properties":{"amenity":"drinking_water"}},
{"type":"Feature","geometry":{"type":"Point","coordinates":[34.7640331,32.058911]},"properties":{"amenity":"drinking_water","fountain":"bubbler"}},
{"type":"Feature","geometry":{"type":"Point","coordinates":[34.8280797,32.0795688]},"properties":{"amenity":"drinking_water"}},
{"type":"Feature","geometry":{"type":"Point","coordinates":[34.7688613,32.061011]},"properties":{"access":"yes","amenity":"drinking_water","fountain":"bubbler"}},
{"type":"Feature","geometry":{"type":"Point","coordinates":[34.7989376,32.1201462]},"properties":{"amenity":"drinking_water"}},
{"type":"Feature","geometry":{"type":"Point","coordinates":[34.7907242,32.0752061]},"properties":{"highway":"crossing"}},
{"type":"Feature","geometry":{"type":"Point","coordinates":[34.7756351,32.1007079]},"properties":{"crossing":"marked","crossing:markings":"yes","highway":"crossing"}},
{"type":"Feature","geometry":{"type":"Point","coordinates":[34.7737969,32.096442]},"properties":{"highway":"crossing"}},
{"type":"Feature","geometry":{"type":"Point","coordinates":[34.7764011,32.0986333]},"properties":{"highway":"crossing"}},
{"type":"Feature","geometry":{"type":"Point","coordinates":[34.7854407,32.1230506]},"properties":{"bicycle":"yes","crossing":"uncontrolled","crossing_ref":"tiger","highway":"crossing"}},
{"type":"Feature","geometry":{"type":"Point","coordinates":[34.7854047,32.1230625]},"properties":{"bicycle":"yes","crossing":"uncontrolled","crossing_ref":"tiger","highway":"crossing"}},
{"type":"Feature","geometry":{"type":"Point","coordinates":[34.7853585,32.123078]},"properties":{"crossing":"uncontrolled","highway":"crossing"}},
{"type":"Feature","geometry":{"type":"Point","coordinates":[34.7884318,32.1236097]},"properties":{"crossing":"traffic_signals","crossing:markings":"yes","highway":"crossing"}},
{"type":"Feature","geometry":{"type":"Point","coordinates":[34.7747852,32.1004284]},"properties":{"amenity":"toilets","fee":"no","male":"yes"}},
{"type":"Feature","geometry":{"type":"Point","coordinates":[34.7850368,32.0985184]},"properties":{"highway":"crossing"}},
{"type":"Feature","geometry":{"type":"Point","coordinates":[34.7835276,32.0987757]},"properties":{"barrier":"kerb","kerb":"flush"}},
{"type":"Feature","geometry":{"type":"Point","coordinates":[34.7849537,32.0984466]},"properties":{"highway":"crossing"}},
{"type":"Feature","geometry":{"type":"Point","coordinates":[34.7848864,32.0984246]},"properties":{"highway":"crossing"}},
{"type":"Feature","geometry":{"type":"Point","coordinates":[34.7710353,32.0907137]},"properties":{"amenity":"toilets"}},
{"type":"Feature","geometry":{"type":"Point","coordinates":[34.7826655,32.0955709]},"properties":{"highway":"crossing"}},
{"type":"Feature","geometry":{"type":"Point","coordinates":[34.7871345,32.0956372]},"properties":{"crossing":"uncontrolled","highway":"crossing"}},
{"type":"Feature","geometry":{"type":"Point","coordinates":[34.7871507,32.095584]},"properties":{"crossing":"uncontrolled","highway":"crossing"}},
{"type":"Feature","geometry":{"type":"Point","coordinates":[34.7844603,32.0953969]},"properties":{"highway":"crossing"}},
{"type":"Feature","geometry":{"type":"Point","coordinates":[34.7826317,32.0955198]},"properties":{"crossing":"uncontrolled","highway":"crossing"}},
{"type":"Feature","geometry":{"type":"Point","coordinates":[34.7939851,32.0980602]},"properties":{"highway":"crossing"}},
{"type":"Feature","geometry":{"type":"Point","coordinates":[34.8015891,32.1002423]},"properties":{"highway":"crossing"}},
{"type":"Feature","geometry":{"type":"Point","coordinates":[34.7970074,32.0993455]},"properties":{"highway":"crossing"}},
{"type":"Feature","geometry":{"type":"Point","coordinates":[34.7963767,32.0988633]},"properties":{"highway":"crossing"}},
{"type":"Feature","geometry":{"type":"Point","coordinates":[34.8094182,32.0951439]},"properties":{"highway":"crossing"}},
{"type":"Feature","geometry":{"type":"Point","coordinates":[34.76434,32.05665]},"properties":{"amenity":"drinking_water","fountain":"bubbler"}},
{"type":"Feature","geometry":{"type":"Point","coordinates":[34.76055,32.05216]},"properties":{"amenity":"drinking_water"}},
{"type":"Feature","geometry":{"type":"Point","coordinates":[34.827914,32.105348]},"properties":{"access":"no","barrier":"gate","locked":"yes","note":"Temporary fence due to construction"}},
{"type":"Feature","geometry":{"type":"Point","coordinates":[34.8306464,32.1037255]},"properties":{"crossing":"uncontrolled","highway":"crossing"}},
{"type":"Feature","geometry":{"type":"Point","coordinates":[34.8306549,32.1037954]},"properties":{"crossing":"uncontrolled","highway":"crossing"}},
{"type":"Feature","geometry":{"type":"Point","coordinates":[34.830358,32.1038648]},"properties":{"highway":"crossing"}},
{"type":"Feature","geometry":{"type":"Point","coordinates":[34.7967291,32.0691032]},"properties":{"amenity":"drinking_water","fountain":"bubbler"}},
{"type":"Feature","geometry":{"type":"Point","coordinates":[34.7973627,32.0709525]},"properties":{"amenity":"drinking_water","fountain":"bubbler"}},
{"type":"Feature","geometry":{"type":"Point","coordinates":[34.7831732,32.096885]},"properties":{"crossing":"uncontrolled","crossing:markings":"yes","highway":"crossing"}},
{"type":"Feature","geometry":{"type":"Point","coordinates":[34.7693534,32.049598]},"properties":{"crossing:markings":"no","highway":"crossing"}},
{"type":"Feature","geometry":{"type":"Point","coordinates":[34.7557289,32.0548357]},"properties":{"amenity":"drinking_water","mapillary":"834004100865717","name":"סביל סולימאן","name:en":"Sabil Suleiman","name:he":"סביל סולימאן"}},
{"type":"Feature","geometry":{"type":"Point","coordinates":[34.8222165,32.0556011]},"properties":{"crossing":"marked","crossing:markings":"yes","highway":"crossing"}},
{"type":"Feature","geometry":{"type":"Point","coordinates":[34.7588545,32.0495228]},"properties":{"crossing":"unmarked","crossing:island":"yes","crossing:markings":"no","highway":"crossing"}},
{"type":"Feature","geometry":{"type":"Point","coordinates":[34.7588776,32.0497051]},"properties":{"crossing":"unmarked","crossing:island":"yes","crossing:markings":"no","highway":"crossing"}},
{"type":"Feature","geometry":{"type":"Point","coordinates":[34.7590268,32.0508428]},"properties":{"crossing":"unmarked","crossing:markings":"no","highway":"crossing"}},
{"type":"Feature","geometry":{"type":"Point","coordinates":[34.7594335,32.0538466]},"properties":{"crossing":"unmarked","crossing:markings":"no","highway":"crossing"}},
{"type":"Feature","geometry":{"type":"Point","coordinates":[34.7595834,32.0549244]},"properties":{"crossing":"unmarked","crossing:island":"yes","crossing:markings":"no","highway":"crossing"}},
{"type":"Feature","geometry":{"type":"Point","coordinates":[34.7596563,32.0551146]},"properties":{"crossing":"traffic_signals","highway":"crossing","tactile_paving":"yes"}},
{"type":"Feature","geometry":{"type":"Point","coordinates":[34.7596024,32.0550831]},"properties":{"crossing":"unmarked","crossing:island":"yes","crossing:markings":"no","highway":"crossing"}},
{"type":"Feature","geometry":{"type":"Point","coordinates":[34.7595857,32.0549452]},"properties":{"crossing":"traffic_signals","crossing:island":"no","highway":"crossing","tactile_paving":"yes"}},
{"type":"Feature","geometry":{"type":"Point","coordinates":[34.7599728,32.0570202]},"properties":{"button_operated":"yes","crossing":"traffic_signals","crossing:markings":"yes","highway":"crossing","traffic_signals:sound":"yes"}},
{"type":"Feature","geometry":{"type":"Point","coordinates":[34.8319889,32.105876]},"properties":{"access":"no","barrier":"gate","note":"construction area at the south bank. Temporary blocked with fence"}},
{"type":"Feature","geometry":{"type":"Point","coordinates":[34.7697213,32.0462105]},"properties":{"access":"yes","amenity":"toilets","operator":"WC"}},
{"type":"Feature","geometry":{"type":"Point","coordinates":[34.8173331,32.1144343]},"properties":{"amenity":"drinking_water"}},
{"type":"Feature","geometry":{"type":"Point","coordinates":[34.8355595,32.1054537]},"properties":{"amenity":"drinking_water"}},
{"type":"Feature","geometry":{"type":"Point","coordinates":[34.7878004,32.1283393]},"properties":{"highway":"crossing"}},
{"type":"Feature","geometry":{"type":"Point","coordinates":[34.7814191,32.0803189]},"properties":{"bicycle":"designated","button_operated":"yes","crossing":"traffic_signals","highway":"crossing","traffic_signals:sound":"yes"}},
{"type":"Feature","geometry":{"type":"Point","coordinates":[34.7896621,32.0833979]},"properties":{"amenity":"drinking_water"}},
{"type":"Feature","geometry":{"type":"Point","coordinates":[34.787639,32.0784943]},"properties":{"amenity":"drinking_water","fountain":"bubbler"}},
{"type":"Feature","geometry":{"type":"Point","coordinates":[34.7749382,32.0641215]},"properties":{"amenity":"drinking_water"}},
{"type":"Feature","geometry":{"type":"Point","coordinates":[34.7797119,32.062563]},"properties":{"highway":"crossing"}},
{"type":"Feature","geometry":{"type":"Point","coordinates":[34.7959798,32.1387663]},"properties":{"crossing":"traffic_signals","crossing:markings":"yes","highway":"crossing"}},
{"type":"Feature","geometry":{"type":"Point","coordinates":[34.7884707,32.123734]},"properties":{"crossing":"traffic_signals","crossing:markings":"yes","highway":"crossing"}},
{"type":"Feature","geometry":{"type":"Point","coordinates":[34.7886185,32.1238304]},"properties":{"crossing":"traffic_signals","crossing:markings":"yes","highway":"crossing"}},
{"type":"Feature","geometry":{"type":"Point","coordinates":[34.7888293,32.1238075]},"properties":{"crossing":"traffic_signals","crossing:markings":"yes","highway":"crossing"}},
{"type":"Feature","geometry":{"type":"Point","coordinates":[34.7889857,32.123794]},"properties":{"crossing":"uncontrolled","crossing:markings":"yes","highway":"crossing"}},
{"type":"Feature","geometry":{"type":"Point","coordinates":[34.7889057,32.1237004]},"properties":{"crossing":"traffic_signals","crossing:markings":"yes","highway":"crossing"}},
{"type":"Feature","geometry":{"type":"Point","coordinates":[34.7888527,32.1235684]},"properties":{"crossing":"traffic_signals","crossing:markings":"yes","highway":"crossing"}},
{"type":"Feature","geometry":{"type":"Point","coordinates":[34.7899778,32.1275057]},"properties":{"crossing":"uncontrolled","crossing:markings":"yes","highway":"crossing"}},
{"type":"Feature","geometry":{"type":"Point","coordinates":[34.79145,32.1230554]},"properties":{"crossing":"traffic_signals","crossing:markings":"yes","highway":"crossing"}},
{"type":"Feature","geometry":{"type":"Point","coordinates":[34.7916467,32.1230243]},"properties":{"crossing":"traffic_signals","crossing:markings":"yes","highway":"crossing"}},
{"type":"Feature","geometry":{"type":"Point","coordinates":[34.7854636,32.1249094]},"properties":{"amenity":"drinking_water"}},
{"type":"Feature","geometry":{"type":"Point","coordinates":[34.7970737,32.0718255]},"properties":{"crossing:signals":"yes","highway":"crossing"}},
{"type":"Feature","geometry":{"type":"Point","coordinates":[34.8147218,32.1080009]},"properties":{"highway":"crossing"}},
{"type":"Feature","geometry":{"type":"Point","coordinates":[34.8151364,32.1077367]},"properties":{"highway":"crossing"}},
{"type":"Feature","geometry":{"type":"Point","coordinates":[34.792493,32.0795812]},"properties":{"amenity":"drinking_water","fountain":"bubbler"}},
{"type":"Feature","geometry":{"type":"Point","coordinates":[34.8160087,32.1047714]},"properties":{"barrier":"bollard"}},
{"type":"Feature","geometry":{"type":"Point","coordinates":[34.7652262,32.0671195]},"properties":{"access":"yes","amenity":"toilets","check_date":"2023-12-15","fee":"no","source":"survey"}},
{"type":"Feature","geometry":{"type":"Point","coordinates":[34.7817434,32.1021426]},"properties":{"bicycle":"yes","highway":"crossing"}},
{"type":"Feature","geometry":{"type":"Point","coordinates":[34.7848853,32.1024778]},"properties":{"highway":"crossing"}},
{"type":"Feature","geometry":{"type":"Point","coordinates":[34.822769,32.099795]},"properties":{"amenity":"drinking_water"}},
{"type":"Feature","geometry":{"type":"Point","coordinates":[34.7748611,32.0925254]},"properties":{"amenity":"toilets"}},
{"type":"Feature","geometry":{"type":"Point","coordinates":[34.7939981,32.112477]},"properties":{"crossing":"uncontrolled","crossing:markings":"yes","highway":"crossing"}},
{"type":"Feature","geometry":{"type":"Point","coordinates":[34.7977498,32.1122316]},"properties":{"crossing":"uncontrolled","crossing:markings":"yes","highway":"crossing"}},
{"type":"Feature","geometry":{"type":"Point","coordinates":[34.7848949,32.0733371]},"properties":{"crossing":"traffic_signals","highway":"crossing"}},
{"type":"Feature","geometry":{"type":"Point","coordinates":[34.8075733,32.1134061]},"properties":{"highway":"crossing"}},
{"type":"Feature","geometry":{"type":"Point","coordinates":[34.8074228,32.1147456]},"properties":{"highway":"crossing"}},
{"type":"Feature","geometry":{"type":"Point","coordinates":[34.8075368,32.111755]},"properties":{"highway":"crossing"}},
{"type":"Feature","geometry":{"type":"Point","coordinates":[34.8074582,32.1144226]},"properties":{"highway":"crossing"}},
{"type":"Feature","geometry":{"type":"Point","coordinates":[34.839545,32.0630694]},"properties":{"highway":"crossing"}},
{"type":"Feature","geometry":{"type":"Point","coordinates":[34.8397633,32.0488422]},"properties":{"highway":"crossing"}},
{"type":"Feature","geometry":{"type":"Point","coordinates":[34.7834539,32.1023369]},"properties":{"highway":"crossing"}},
{"type":"Feature","geometry":{"type":"Point","coordinates":[34.8248361,32.1078785]},"properties":{"highway":"crossing"}},
{"type":"Feature","geometry":{"type":"Point","coordinates":[34.7799844,32.0761881]},"properties":{"amenity":"toilets"}},
{"type":"Feature","geometry":{"type":"Point","coordinates":[34.7818033,32.0646668]},"properties":{"crossing":"traffic_signals","highway":"crossing"}},
{"type":"Feature","geometry":{"type":"Point","coordinates":[34.8065405,32.0579555]},"properties":{"amenity":"toilets"}},
{"type":"Feature","geometry":{"type":"Point","coordinates":[34.8140094,32.1057206]},"properties":{"highway":"crossing"}},
{"type":"Feature","geometry":{"type":"Point","coordinates":[34.7980959,32.0834562]},"properties":{"amenity":"drinking_water"}},
{"type":"Feature","geometry":{"type":"Point","coordinates":[34.8046067,32.1036669]},"properties":{"access":"customers","amenity":"toilets","check_date":"2024-05-30","source":"survey;local knowledge","wheelchair":"yes"}},
{"type":"Feature","geometry":{"type":"Point","coordinates":[34.8283115,32.0671228]},"properties":{"highway":"traffic_signals","traffic_signals":"signal"}},
{"type":"Feature","geometry":{"type":"Point","coordinates":[34.7836511,32.0877708]},"properties":{"highway":"crossing"}},
{"type":"Feature","geometry":{"type":"Point","coordinates":[34.7795879,32.0746872]},"properties":{"amenity":"drinking_water"}},
{"type":"Feature","geometry":{"type":"Point","coordinates":[34.7838119,32.0877915]},"properties":{"crossing:signals":"yes","highway":"crossing"}},
{"type":"Feature","geometry":{"type":"Point","coordinates":[34.7771283,32.0863473]},"properties":{"highway":"traffic_signals"}},
{"type":"Feature","geometry":{"type":"Point","coordinates":[34.7784531,32.0396631]},"properties":{"access":"yes","amenity":"drinking_water","fee":"no","wheelchair":"yes"}},
{"type":"Feature","geometry":{"type":"Point","coordinates":[34.7786094,32.0397167]},"properties":{"access":"yes","amenity":"drinking_water","fee":"no","wheelchair":"yes"}},
{"type":"Feature","geometry":{"type":"Point","coordinates":[34.7781411,32.0392599]},"properties":{"amenity":"drinking_water","shop":"water"}},
{"type":"Feature","geometry":{"type":"Point","coordinates":[34.7750508,32.0441349]},"properties":{"access":"yes","amenity":"drinking_water","fee":"no","wheelchair":"yes"}},
{"type":"Feature","geometry":{"type":"Point","coordinates":[34.830241,32.1028553]},"properties":{"amenity":"drinking_water"}},
{"type":"Feature","geometry":{"type":"Point","coordinates":[34.7768355,32.0732676]},"properties":{"access":"yes","amenity":"drinking_water","fee":"no","fountain":"bubbler","wheelchair":"yes"}},
{"type":"Feature","geometry":{"type":"Point","coordinates":[34.7736845,32.0706822]},"properties":{"amenity":"drinking_water"}},
{"type":"Feature","geometry":{"type":"Point","coordinates":[34.7820868,32.0710668]},"properties":{"crossing":"traffic_signals","highway":"crossing"}},
{"type":"Feature","geometry":{"type":"Point","coordinates":[34.7876078,32.0693465]},"properties":{"crossing:signals":"yes","highway":"crossing"}},
{"type":"Feature","geometry":{"type":"Point","coordinates":[34.7865997,32.0664305]},"properties":{"crossing:signals":"yes","highway":"crossing"}},
{"type":"Feature","geometry":{"type":"Point","coordinates":[34.7869161,32.0674642]},"properties":{"crossing":"traffic_signals","highway":"crossing"}},
{"type":"Feature","geometry":{"type":"Point","coordinates":[34.7865681,32.0663324]},"properties":{"crossing":"traffic_signals","crossing:markings":"yes","highway":"crossing"}},
{"type":"Feature","geometry":{"type":"Point","coordinates":[34.7842228,32.0637979]},"properties":{"highway":"crossing"}},
{"type":"Feature","geometry":{"type":"Point","coordinates":[34.7830999,32.0639958]},"properties":{"crossing":"traffic_signals","crossing:markings":"yes","highway":"crossing"}},
{"type":"Feature","geometry":{"type":"Point","coordinates":[34.7835513,32.0852703]},"properties":{"access":"yes","amenity":"drinking_water","covered":"no","fee":"no","indoor":"no","lit":"yes","source":"survey;local knowledge","wheelchair":"yes"}},
{"type":"Feature","geometry":{"type":"Point","coordinates":[34.7789735,32.0819037]},"properties":{"access":"yes","amenity":"drinking_water","covered":"no","fee":"no","fountain":"bubbler","indoor":"no","lit":"yes","wheelchair":"yes"}},
{"type":"Feature","geometry":{"type":"Point","coordinates":[34.7957523,32.083578]},"properties":{"access":"yes","amenity":"drinking_water","fee":"no"}},
{"type":"Feature","geometry":{"type":"Point","coordinates":[34.7710174,32.0586044]},"properties":{"amenity":"drinking_water","fountain":"bubbler"}},
{"type":"Feature","geometry":{"type":"Point","coordinates":[34.8072513,32.0956655]},"properties":{"amenity":"drinking_water"}},
{"type":"Feature","geometry":{"type":"Point","coordinates":[34.7835461,32.0782802]},"properties":{"amenity":"drinking_water"}},
{"type":"Feature","geometry":{"type":"Point","coordinates":[34.7835724,32.0779223]},"properties":{"amenity":"drinking_water"}},
{"type":"Feature","geometry":{"type":"Point","coordinates":[34.8255151,32.0481844]},"properties":{"amenity":"drinking_water"}},
{"type":"Feature","geometry":{"type":"Point","coordinates":[34.8226934,32.0479231]},"properties":{"amenity":"drinking_water"}},
{"type":"Feature","geometry":{"type":"Point","coordinates":[34.8234131,32.0494228]},"properties":{"amenity":"drinking_water"}},
{"type":"Feature","geometry":{"type":"Point","coordinates":[34.8132829,32.0988221]},"properties":{"amenity":"drinking_water"}},
{"type":"Feature","geometry":{"type":"Point","coordinates":[34.8130409,32.1000863]},"properties":{"amenity":"drinking_water"}},
{"type":"Feature","geometry":{"type":"Point","coordinates":[34.813091,32.1000964]},"properties":{"amenity":"toilets"}},
{"type":"Feature","geometry":{"type":"Point","coordinates":[34.8106192,32.1011727]},"properties":{"amenity":"drinking_water"}},
{"type":"Feature","geometry":{"type":"Point","coordinates":[34.8117957,32.1012642]},"properties":{"amenity":"drinking_water"}},
{"type":"Feature","geometry":{"type":"Point","coordinates":[34.8096544,32.1017559]},"properties":{"amenity":"drinking_water"}},
{"type":"Feature","geometry":{"type":"Point","coordinates":[34.8090482,32.1014748]},"properties":{"amenity":"drinking_water"}},
{"type":"Feature","geometry":{"type":"Point","coordinates":[34.8089468,32.1014343]},"properties":{"amenity":"toilets"}},
{"type":"Feature","geometry":{"type":"Point","coordinates":[34.7850364,32.0623292]},"properties":{"crossing":"traffic_signals","highway":"crossing"}},
{"type":"Feature","geometry":{"type":"Point","coordinates":[34.7644338,32.0571508]},"properties":{"crossing":"uncontrolled","crossing:markings":"yes","highway":"crossing"}},
{"type":"Feature","geometry":{"type":"Point","coordinates":[34.7644144,32.0572749]},"properties":{"crossing":"uncontrolled","crossing:markings":"yes","highway":"crossing"}},
{"type":"Feature","geometry":{"type":"Point","coordinates":[34.7645643,32.0573141]},"properties":{"crossing":"uncontrolled","crossing:markings":"yes","highway":"crossing"}},
{"type":"Feature","geometry":{"type":"Point","coordinates":[34.7703467,32.0531162]},"properties":{"highway":"crossing"}},
{"type":"Feature","geometry":{"type":"Point","coordinates":[34.7715102,32.0850689]},"properties":{"access":"yes","amenity":"toilets","fee":"no","opening_hours":"24/7","supervised":"no","toilets:disposal":"flush","unisex":"yes","wheelchair":"yes"}},
{"type":"Feature","geometry":{"type":"Point","coordinates":[34.7651792,32.0547576]},"properties":{"crossing":"traffic_signals","highway":"crossing"}},
{"type":"Feature","geometry":{"type":"Point","coordinates":[34.7651573,32.0548198]},"properties":{"crossing":"traffic_signals","highway":"crossing"}},
{"type":"Feature","geometry":{"type":"Point","coordinates":[34.7648797,32.0546985]},"properties":{"crossing":"traffic_signals","highway":"crossing"}},
{"type":"Feature","geometry":{"type":"Point","coordinates":[34.7923472,32.1127743]},"properties":{"crossing":"uncontrolled","crossing:markings":"yes","highway":"crossing"}},
{"type":"Feature","geometry":{"type":"Point","coordinates":[34.7749281,32.0870389]},"properties":{"crossing":"traffic_signals","highway":"crossing"}},
{"type":"Feature","geometry":{"type":"Point","coordinates":[34.777046,32.0656685]},"properties":{"amenity":"toilets"}},
{"type":"Feature","geometry":{"type":"Point","coordinates":[34.7938785,32.0795046]},"properties":{"button_operated":"no","crossing":"traffic_signals","highway":"crossing","traffic_signals:sound":"no","traffic_signals:vibration":"no"}},
{"type":"Feature","geometry":{"type":"Point","coordinates":[34.7938267,32.0792591]},"properties":{"crossing":"traffic_signals","highway":"crossing"}},
{"type":"Feature","geometry":{"type":"Point","coordinates":[34.7693991,32.0718638]},"properties":{"highway":"crossing"}},
{"type":"Feature","geometry":{"type":"Point","coordinates":[34.7700299,32.0708472]},"properties":{"highway":"crossing"}},
{"type":"Feature","geometry":{"type":"Point","coordinates":[34.7699674,32.07098]},"properties":{"highway":"crossing"}},
{"type":"Feature","geometry":{"type":"Point","coordinates":[34.8378449,32.0518128]},"properties":{"crossing":"traffic_signals","highway":"crossing"}},
{"type":"Feature","geometry":{"type":"Point","coordinates":[34.7737297,32.0613376]},"properties":{"crossing:markings":"yes","crossing:signals":"no","highway":"crossing"}},
{"type":"Feature","geometry":{"type":"Point","coordinates":[34.7859867,32.0646623]},"properties":{"crossing":"traffic_signals","crossing:island":"no","crossing:markings":"zebra","highway":"crossing"}},
{"type":"Feature","geometry":{"type":"Point","coordinates":[34.7860954,32.0646909]},"properties":{"crossing":"traffic_signals","crossing:island":"no","crossing:markings":"zebra","highway":"crossing"}},
{"type":"Feature","geometry":{"type":"Point","coordinates":[34.7724599,32.0712131]},"properties":{"crossing":"uncontrolled","crossing:markings":"yes","highway":"crossing"}},
{"type":"Feature","geometry":{"type":"Point","coordinates":[34.7730168,32.0716621]},"properties":{"crossing":"traffic_signals","highway":"crossing"}},
{"type":"Feature","geometry":{"type":"Point","coordinates":[34.7730936,32.0717217]},"properties":{"crossing":"traffic_signals","highway":"crossing"}},
{"type":"Feature","geometry":{"type":"Point","coordinates":[34.7691105,32.0443342]},"properties":{"highway":"crossing"}},
{"type":"Feature","geometry":{"type":"Point","coordinates":[34.8165728,32.0603981]},"properties":{"access":"yes","amenity":"drinking_water","fee":"no"}},
{"type":"Feature","geometry":{"type":"Point","coordinates":[34.7625911,32.0511322]},"properties":{"amenity":"drinking_water","fountain":"bubbler"}},
{"type":"Feature","geometry":{"type":"Point","coordinates":[34.7783815,32.1023483]},"properties":{"amenity":"toilets"}},
{"type":"Feature","geometry":{"type":"Point","coordinates":[34.8026308,32.0925941]},"properties":{"highway":"crossing"}},
{"type":"Feature","geometry":{"type":"Point","coordinates":[34.802655,32.0926046]},"properties":{"highway":"crossing"}},
{"type":"Feature","geometry":{"type":"Point","coordinates":[34.8012656,32.0896644]},"properties":{"crossing":"traffic_signals","highway":"crossing"}},
{"type":"Feature","geometry":{"type":"Point","coordinates":[34.8012387,32.0895518]},"properties":{"crossing":"traffic_signals","highway":"crossing"}},
{"type":"Feature","geometry":{"type":"Point","coordinates":[34.8166438,32.1078652]},"properties":{"amenity":"drinking_water"}},
{"type":"Feature","geometry":{"type":"Point","coordinates":[34.7643398,32.0562634]},"properties":{"amenity":"drinking_water"}},
{"type":"Feature","geometry":{"type":"Point","coordinates":[34.7779278,32.0561907]},"properties":{"crossing:markings":"yes","highway":"crossing"}},
{"type":"Feature","geometry":{"type":"Point","coordinates":[34.7636896,32.0507897]},"properties":{"amenity":"drinking_water"}},
{"type":"Feature","geometry":{"type":"Point","coordinates":[34.7637771,32.0512486]},"properties":{"amenity":"drinking_water"}},
{"type":"Feature","geometry":{"type":"Point","coordinates":[34.7636427,32.0518476]},"properties":{"amenity":"toilets"}},
{"type":"Feature","geometry":{"type":"Point","coordinates":[34.7849397,32.064723]},"properties":{"amenity":"drinking_water"}},
{"type":"Feature","geometry":{"type":"Point","coordinates":[34.7937223,32.0796918]},"properties":{"crossing":"traffic_signals","highway":"crossing"}},
{"type":"Feature","geometry":{"type":"Point","coordinates":[34.8184511,32.109456]},"properties":{"amenity":"drinking_water"}},
{"type":"Feature","geometry":{"type":"Point","coordinates":[34.7587963,32.0508174]},"properties":{"access":"yes","amenity":"toilets","fee":"no","opening_hours":"24/7","unisex":"yes"}},
{"type":"Feature","geometry":{"type":"Point","coordinates":[34.7740217,32.0790689]},"properties":{"crossing:signals":"no","highway":"crossing"}},
{"type":"Feature","geometry":{"type":"Point","coordinates":[34.7789753,32.0713858]},"properties":{"amenity":"drinking_water","fountain":"bubbler"}},
{"type":"Feature","geometry":{"type":"Point","coordinates":[34.8062207,32.0946741]},"properties":{"amenity":"drinking_water"}},
{"type":"Feature","geometry":{"type":"Point","coordinates":[34.7788166,32.0705324]},"properties":{"amenity":"drinking_water","fountain":"bubbler"}},
{"type":"Feature","geometry":{"type":"Point","coordinates":[34.7645805,32.0565218]},"properties":{"highway":"crossing"}},
{"type":"Feature","geometry":{"type":"Point","coordinates":[34.7647295,32.0565375]},"properties":{"highway":"crossing"}},
{"type":"Feature","geometry":{"type":"Point","coordinates":[34.7647724,32.0562949]},"properties":{"crossing:signals":"yes","highway":"crossing"}},
{"type":"Feature","geometry":{"type":"Point","coordinates":[34.7848794,32.079999]},"properties":{"access":"yes","amenity":"toilets","drinking_water":"yes","entrance":"yes","fee":"no","opening_hours":"24/7","supervised":"no","toilets:disposal":"flush","unisex":"yes","wheelchair":"yes"}},
{"type":"Feature","geometry":{"type":"Point","coordinates":[34.7673773,32.0729844]},"properties":{"highway":"crossing"}},
{"type":"Feature","geometry":{"type":"Point","coordinates":[34.8385099,32.1065144]},"properties":{"amenity":"drinking_water"}},
{"type":"Feature","geometry":{"type":"Point","coordinates":[34.793653,32.0997085]},"properties":{"crossing":"marked","crossing:markings":"yes","highway":"crossing"}},
{"type":"Feature","geometry":{"type":"Point","coordinates":[34.7723469,32.0849268]},"properties":{"crossing":"traffic_signals","crossing:island":"yes","highway":"crossing"}},
{"type":"Feature","geometry":{"type":"Point","coordinates":[34.7846253,32.0616975]},"properties":{"crossing":"traffic_signals","highway":"crossing"}},
{"type":"Feature","geometry":{"type":"Point","coordinates":[34.7848799,32.0624185]},"properties":{"crossing":"traffic_signals","highway":"crossing"}},
{"type":"Feature","geometry":{"type":"Point","coordinates":[34.8001546,32.0934903]},"properties":{"highway":"crossing"}},
{"type":"Feature","geometry":{"type":"Point","coordinates":[34.7847028,32.0616078]},"properties":{"crossing":"traffic_signals","highway":"crossing"}},
{"type":"Feature","geometry":{"type":"Point","coordinates":[34.7650042,32.0546583]},"properties":{"crossing":"traffic_signals","highway":"crossing"}},
{"type":"Feature","geometry":{"type":"Point","coordinates":[34.765112,32.0546769]},"properties":{"crossing":"traffic_signals","highway":"crossing"}},
{"type":"Feature","geometry":{"type":"Point","coordinates":[34.764949,32.0548738]},"properties":{"crossing":"traffic_signals","highway":"crossing"}},
{"type":"Feature","geometry":{"type":"Point","coordinates":[34.7650598,32.0548945]},"properties":{"crossing":"traffic_signals","highway":"crossing"}},
{"type":"Feature","geometry":{"type":"Point","coordinates":[34.7762513,32.0364496]},"properties":{"highway":"crossing"}},
{"type":"Feature","geometry":{"type":"Point","coordinates":[34.7675784,32.0677824]},"properties":{"amenity":"toilets","check_date":"2025-09-14","opening_hours":"Mo-Th,Su 07:00-19:00; Fr 07:00-16:00; Sa off","survey:date":"2025-09-14"}},
{"type":"Feature","geometry":{"type":"Point","coordinates":[34.7686077,32.0682547]},"properties":{"amenity":"toilets","check_date":"2025-09-14"}},
{"type":"Feature","geometry":{"type":"Point","coordinates":[34.7877249,32.0650187]},"properties":{"highway":"crossing"}},
{"type":"Feature","geometry":{"type":"Point","coordinates":[34.7904905,32.0620176]},"properties":{"highway":"crossing"}},
{"type":"Feature","geometry":{"type":"Point","coordinates":[34.7904809,32.0619198]},"properties":{"highway":"crossing"}},
{"type":"Feature","geometry":{"type":"Point","coordinates":[34.7968005,32.0810003]},"properties":{"crossing":"traffic_signals","crossing:markings":"yes","highway":"crossing"}},
{"type":"Feature","geometry":{"type":"Point","coordinates":[34.8084974,32.1001842]},"properties":{"barrier":"gate","bicycle":"yes","foot":"yes","horse":"no","motor_vehicle":"no"}},
{"type":"Feature","geometry":{"type":"Point","coordinates":[34.7595929,32.055005]},"properties":{"crossing":"traffic_signals","crossing:island":"no","highway":"crossing","tactile_paving":"yes"}},
{"type":"Feature","geometry":{"type":"Point","coordinates":[34.7673818,32.0607353]},"properties":{"amenity":"drinking_water","fountain":"bubbler"}},
{"type":"Feature","geometry":{"type":"Point","coordinates":[34.7599931,32.0572232]},"properties":{"highway":"traffic_signals","traffic_signals":"signal"}},
{"type":"Feature","geometry":{"type":"Point","coordinates":[34.7946082,32.1009229]},"properties":{"amenity":"toilets"}},
{"type":"Feature","geometry":{"type":"Point","coordinates":[34.7818858,32.0644295]},"properties":{"crossing":"traffic_signals","highway":"crossing"}},
{"type":"Feature","geometry":{"type":"Point","coordinates":[34.7845669,32.0600853]},"properties":{"crossing":"traffic_signals","highway":"crossing"}},
{"type":"Feature","geometry":{"type":"Point","coordinates":[34.800484,32.0564974]},"properties":{"highway":"crossing"}},
{"type":"Feature","geometry":{"type":"Point","coordinates":[34.779453,32.0627686]},"properties":{"crossing":"uncontrolled","highway":"crossing","kerb":"lowered"}},
{"type":"Feature","geometry":{"type":"Point","coordinates":[34.7552903,32.0528847]},"properties":{"amenity":"drinking_water"}},
{"type":"Feature","geometry":{"type":"Point","coordinates":[34.7752505,32.0614273]},"properties":{"amenity":"drinking_water"}},
{"type":"Feature","geometry":{"type":"Point","coordinates":[34.779698,32.0890526]},"properties":{"amenity":"drinking_water"}},
{"type":"Feature","geometry":{"type":"Point","coordinates":[34.7870408,32.0971625]},"properties":{"amenity":"toilets"}},
{"type":"Feature","geometry":{"type":"Point","coordinates":[34.7527924,32.0475201]},"properties":{"amenity":"drinking_water","fountain":"bubbler"}},
{"type":"Feature","geometry":{"type":"Point","coordinates":[34.7690542,32.036111]},"properties":{"highway":"crossing"}},
{"type":"Feature","geometry":{"type":"Point","coordinates":[34.7691063,32.0356736]},"properties":{"crossing":"uncontrolled","crossing:markings":"yes","highway":"crossing"}},
{"type":"Feature","geometry":{"type":"Point","coordinates":[34.7776081,32.037277]},"properties":{"crossing":"traffic_signals","highway":"crossing"}},
{"type":"Feature","geometry":{"type":"Point","coordinates":[34.7938978,32.07954]},"properties":{"crossing":"traffic_signals","highway":"crossing"}},
{"type":"Feature","geometry":{"type":"Point","coordinates":[34.7960973,32.0801253]},"properties":{"highway":"crossing"}},
{"type":"Feature","geometry":{"type":"Point","coordinates":[34.7955396,32.0797933]},"properties":{"highway":"crossing"}},
{"type":"Feature","geometry":{"type":"Point","coordinates":[34.7953744,32.0796947]},"properties":{"highway":"crossing"}},
{"type":"Feature","geometry":{"type":"Point","coordinates":[34.7950872,32.0795231]},"properties":{"highway":"crossing"}},
{"type":"Feature","geometry":{"type":"Point","coordinates":[34.8028789,32.0927092]},"properties":{"amenity":"drinking_water"}},
{"type":"Feature","geometry":{"type":"Point","coordinates":[34.8109648,32.1093727]},"properties":{"access":"customers","amenity":"toilets"}},
{"type":"Feature","geometry":{"type":"Point","coordinates":[34.8048594,32.1038478]},"properties":{"access":"yes","amenity":"drinking_water","bottle":"yes","cold_water":"yes","dog":"no","fee":"no","fountain":"bubbler","indoor":"yes","level":"-1","material":"metal","seasonal":"no","wheelchair":"no"}},
{"type":"Feature","geometry":{"type":"Point","coordinates":[34.7741332,32.0725068]},"properties":{"crossing":"uncontrolled","crossing:markings":"yes","highway":"crossing"}},
{"type":"Feature","geometry":{"type":"Point","coordinates":[34.7749724,32.073403]},"properties":{"crossing":"uncontrolled","crossing:markings":"yes","highway":"crossing"}},
{"type":"Feature","geometry":{"type":"Point","coordinates":[34.774604,32.0729413]},"properties":{"crossing":"uncontrolled","crossing:markings":"yes","highway":"crossing"}},
{"type":"Feature","geometry":{"type":"Point","coordinates":[34.7736749,32.0721479]},"properties":{"crossing":"uncontrolled","crossing:markings":"yes","highway":"crossing"}},
{"type":"Feature","geometry":{"type":"Point","coordinates":[34.8058879,32.1134651]},"properties":{"amenity":"drinking_water"}},
{"type":"Feature","geometry":{"type":"Point","coordinates":[34.8268037,32.0550724]},"properties":{"amenity":"toilets"}},
{"type":"Feature","geometry":{"type":"Point","coordinates":[34.7798609,32.0719564]},"properties":{"amenity":"drinking_water"}},
{"type":"Feature","geometry":{"type":"Point","coordinates":[34.7604138,32.0547781]},"properties":{"amenity":"drinking_water","name":"מים","name:en":"Water","name:ru":"Вода"}},
{"type":"Feature","geometry":{"type":"Point","coordinates":[34.7816589,32.0685869]},"properties":{"amenity":"toilets"}},
{"type":"Feature","geometry":{"type":"Point","coordinates":[34.8138754,32.106056]},"properties":{"crossing":"uncontrolled","crossing:markings":"yes","highway":"crossing"}},
{"type":"Feature","geometry":{"type":"Point","coordinates":[34.8136778,32.1061897]},"properties":{"crossing":"uncontrolled","crossing:markings":"yes","highway":"crossing"}},
{"type":"Feature","geometry":{"type":"Point","coordinates":[34.8137994,32.1061074]},"properties":{"crossing":"uncontrolled","crossing:markings":"yes","highway":"crossing"}},
{"type":"Feature","geometry":{"type":"Point","coordinates":[34.803158,32.0808702]},"properties":{"access":"yes","amenity":"drinking_water","dog":"yes","fee":"no","wheelchair":"yes"}},
{"type":"Feature","geometry":{"type":"Point","coordinates":[34.8035109,32.0809248]},"properties":{"access":"yes","amenity":"drinking_water","dog":"no","fee":"no"}},
{"type":"Feature","geometry":{"type":"Point","coordinates":[34.8035087,32.0809287]},"properties":{"access":"yes","amenity":"drinking_water","dog":"yes","fee":"no"}},
{"type":"Feature","geometry":{"type":"Point","coordinates":[34.7738596,32.0610051]},"properties":{"amenity":"drinking_water"}},
{"type":"Feature","geometry":{"type":"Point","coordinates":[34.7837703,32.0916583]},"properties":{"highway":"crossing"}},
{"type":"Feature","geometry":{"type":"Point","coordinates":[34.7842105,32.0937922]},"properties":{"crossing":"uncontrolled","crossing:markings":"yes","highway":"crossing"}},
{"type":"Feature","geometry":{"type":"Point","coordinates":[34.8025937,32.0778786]},"properties":{"highway":"crossing"}},
{"type":"Feature","geometry":{"type":"Point","coordinates":[34.7921246,32.0751029]},"properties":{"amenity":"toilets","toilets:disposal":"flush"}},
{"type":"Feature","geometry":{"type":"Point","coordinates":[34.7916328,32.0746436]},"properties":{"amenity":"toilets"}},
{"type":"Feature","geometry":{"type":"Point","coordinates":[34.7944609,32.0791477]},"properties":{"crossing":"traffic_signals","highway":"crossing"}},
{"type":"Feature","geometry":{"type":"Point","coordinates":[34.7838726,32.0967596]},"properties":{"amenity":"drinking_water"}},
{"type":"Feature","geometry":{"type":"Point","coordinates":[34.7992016,32.0851209]},"properties":{"crossing":"traffic_signals","highway":"crossing"}},
{"type":"Feature","geometry":{"type":"Point","coordinates":[34.798141,32.0851206]},"properties":{"crossing":"traffic_signals","highway":"crossing","traffic_signals:sound":"yes"}},
{"type":"Feature","geometry":{"type":"Point","coordinates":[34.7981745,32.0852333]},"properties":{"crossing":"traffic_signals","highway":"crossing"}},
{"type":"Feature","geometry":{"type":"Point","coordinates":[34.7648599,32.0547583]},"properties":{"crossing":"traffic_signals","highway":"crossing"}},
{"type":"Feature","geometry":{"type":"Point","coordinates":[34.7883679,32.123506]},"properties":{"highway":"crossing"}},
{"type":"Feature","geometry":{"type":"Point","coordinates":[34.7889061,32.123451]},"properties":{"highway":"crossing"}},
{"type":"Feature","geometry":{"type":"Point","coordinates":[34.7739713,32.0782883]},"properties":{"crossing":"traffic_signals","highway":"crossing"}},
{"type":"Feature","geometry":{"type":"Point","coordinates":[34.7744031,32.0776816]},"properties":{"crossing":"traffic_signals","highway":"crossing"}},
{"type":"Feature","geometry":{"type":"Point","coordinates":[34.7742316,32.0783433]},"properties":{"crossing":"traffic_signals","crossing:markings":"yes","highway":"crossing"}},
{"type":"Feature","geometry":{"type":"Point","coordinates":[34.7741309,32.0776409]},"properties":{"crossing":"traffic_signals","highway":"crossing"}},
{"type":"Feature","geometry":{"type":"Point","coordinates":[34.8229923,32.0739748]},"properties":{"amenity":"toilets"}},
{"type":"Feature","geometry":{"type":"Point","coordinates":[34.784559,32.0600196]},"properties":{"crossing":"traffic_signals","highway":"crossing"}},
{"type":"Feature","geometry":{"type":"Point","coordinates":[34.7817645,32.0584302]},"properties":{"crossing":"uncontrolled","crossing:markings":"yes","highway":"crossing"}},
{"type":"Feature","geometry":{"type":"Point","coordinates":[34.7810816,32.0581757]},"properties":{"crossing":"uncontrolled","crossing:markings":"yes","highway":"crossing"}},
{"type":"Feature","geometry":{"type":"Point","coordinates":[34.7803849,32.0579161]},"properties":{"crossing":"uncontrolled","crossing:markings":"yes","highway":"crossing"}},
{"type":"Feature","geometry":{"type":"Point","coordinates":[34.7796623,32.0576468]},"properties":{"crossing":"uncontrolled","crossing:markings":"yes","highway":"crossing"}},
{"type":"Feature","geometry":{"type":"Point","coordinates":[34.7952768,32.0845706]},"properties":{"highway":"crossing"}},
{"type":"Feature","geometry":{"type":"Point","coordinates":[34.7951592,32.0835576]},"properties":{"highway":"crossing"}},
{"type":"Feature","geometry":{"type":"Point","coordinates":[34.7830386,32.0908818]},"properties":{"bicycle":"yes","button_operated":"no","crossing":"traffic_signals","highway":"crossing"}},
{"type":"Feature","geometry":{"type":"Point","coordinates":[34.8331135,32.1057313]},"properties":{"access":"no","barrier":"gate","locked":"yes"}},
{"type":"Feature","geometry":{"type":"Point","coordinates":[34.8333406,32.1057066]},"properties":{"access":"no","barrier":"gate","locked":"yes"}},
{"type":"Feature","geometry":{"type":"Point","coordinates":[34.7819538,32.0866957]},"properties":{"highway":"crossing"}},
{"type":"Feature","geometry":{"type":"Point","coordinates":[34.7773797,32.1033157]},"properties":{"access":"yes","amenity":"drinking_water","fee":"no","fountain":"bubbler","man_made":"drinking_fountain","seasonal":"no","wheelchair":"yes"}},
{"type":"Feature","geometry":{"type":"Point","coordinates":[34.8023234,32.0632132]},"properties":{"amenity":"drinking_water"}},
{"type":"Feature","geometry":{"type":"Point","coordinates":[34.7999818,32.0639283]},"properties":{"amenity":"drinking_water"}},
{"type":"Feature","geometry":{"type":"Point","coordinates":[34.8012795,32.0897241]},"properties":{"crossing":"traffic_signals","highway":"crossing"}},
{"type":"Feature","geometry":{"type":"Point","coordinates":[34.7854315,32.063422]},"properties":{"crossing":"traffic_signals","highway":"crossing"}},
{"type":"Feature","geometry":{"type":"Point","coordinates":[34.7965108,32.081773]},"properties":{"amenity":"drinking_water"}},
{"type":"Feature","geometry":{"type":"Point","coordinates":[34.7819058,32.064492]},"properties":{"crossing":"traffic_signals","highway":"crossing"}},
{"type":"Feature","geometry":{"type":"Point","coordinates":[34.7847676,32.0615961]},"properties":{"crossing":"traffic_signals","highway":"crossing"}},
{"type":"Feature","geometry":{"type":"Point","coordinates":[34.7819198,32.0646418]},"properties":{"crossing":"traffic_signals","highway":"crossing"}},
{"type":"Feature","geometry":{"type":"Point","coordinates":[34.7903924,32.0909553]},"properties":{"crossing":"traffic_signals","highway":"crossing"}},
{"type":"Feature","geometry":{"type":"Point","coordinates":[34.7903799,32.0910989]},"properties":{"crossing":"traffic_signals","highway":"crossing"}},
{"type":"Feature","geometry":{"type":"Point","coordinates":[34.7905044,32.0908982]},"properties":{"crossing":"traffic_signals","highway":"crossing"}},
{"type":"Feature","geometry":{"type":"Point","coordinates":[34.7906391,32.0908975]},"properties":{"crossing":"traffic_signals","highway":"crossing"}},
{"type":"Feature","geometry":{"type":"Point","coordinates":[34.8422708,32.0630903]},"properties":{"highway":"crossing"}},
{"type":"Feature","geometry":{"type":"Point","coordinates":[34.8398287,32.0627025]},"properties":{"highway":"crossing"}},
{"type":"Feature","geometry":{"type":"Point","coordinates":[34.8385577,32.061043]},"properties":{"highway":"crossing"}},
{"type":"Feature","geometry":{"type":"Point","coordinates":[34.8384489,32.061073]},"properties":{"highway":"crossing"}},
{"type":"Feature","geometry":{"type":"Point","coordinates":[34.8382122,32.0608535]},"properties":{"highway":"crossing"}},
{"type":"Feature","geometry":{"type":"Point","coordinates":[34.7806007,32.0622277]},"properties":{"crossing":"uncontrolled","crossing:markings":"yes","highway":"crossing"}},
{"type":"Feature","geometry":{"type":"Point","coordinates":[34.7524776,32.0548517]},"properties":{"amenity":"toilets"}},
{"type":"Feature","geometry":{"type":"Point","coordinates":[34.7827475,32.0916158]},"properties":{"crossing":"traffic_signals","highway":"crossing"}},
{"type":"Feature","geometry":{"type":"Point","coordinates":[34.7883788,32.1074905]},"properties":{"crossing":"uncontrolled","crossing:markings":"yes","highway":"crossing"}},
{"type":"Feature","geometry":{"type":"Point","coordinates":[34.7883128,32.1071779]},"properties":{"crossing":"uncontrolled","crossing:markings":"yes","highway":"crossing"}},
{"type":"Feature","geometry":{"type":"Point","coordinates":[34.7919192,32.0770614]},"properties":{"amenity":"drinking_water"}},
{"type":"Feature","geometry":{"type":"Point","coordinates":[34.7816357,32.0736341]},"properties":{"bicycle":"designated","button_operated":"no","crossing":"traffic_signals","crossing:island":"no","highway":"crossing","traffic_signals:sound":"no","traffic_signals:vibration":"no"}},
{"type":"Feature","geometry":{"type":"Point","coordinates":[34.7907234,32.090976]},"properties":{"crossing":"traffic_signals","highway":"crossing"}},
{"type":"Feature","geometry":{"type":"Point","coordinates":[34.7907191,32.091117]},"properties":{"crossing":"traffic_signals","highway":"crossing"}},
{"type":"Feature","geometry":{"type":"Point","coordinates":[34.7831384,32.0878633]},"properties":{"highway":"crossing"}},
{"type":"Feature","geometry":{"type":"Point","coordinates":[34.7883574,32.1073964]},"properties":{"crossing":"uncontrolled","crossing:markings":"yes","highway":"crossing"}},
{"type":"Feature","geometry":{"type":"Point","coordinates":[34.7883339,32.1072785]},"properties":{"crossing":"uncontrolled","crossing:markings":"yes","highway":"crossing"}},
{"type":"Feature","geometry":{"type":"LineString","coordinates":[[34.7516896,32.0502815],[34.7524706,32.0501467],[34.7527474,32.0501154]]},"properties":{"cycleway":"lane","highway":"tertiary","lanes":"2","maxspeed:type":"IL:urban","name":"יהודה הימית","name:ar":"يهودا هيميت","name:en":"Yehuda HaYamit","name:he":"יהודה הימית","name:ro":"Yehuda HaYamit","oneway":"no","parking:right":"yes","parking:type":"paid","parking_zone":"1","surface":"asphalt"}},
{"type":"Feature","geometry":{"type":"LineString","coordinates":[[34.7700915,32.0855363],[34.770237,32.0854924]]},"properties":{"bicycle":"designated","bridge":"yes","foot":"designated","highway":"path","lit":"yes","segregated":"yes","surface":"concrete"}},
{"type":"Feature","geometry":{"type":"LineString","coordinates":[[34.815203,32.1077968],[34.8151563,32.1078531],[34.8151464,32.1078719],[34.8151481,32.1078977],[34.8151804,32.1079458],[34.8152908,32.1080942],[34.8153961,32.1082344],[34.815433,32.1082712],[34.8155621,32.1083838],[34.8157113,32.1085533],[34.8157768,32.1086756],[34.8158405,32.1088633],[34.8158802,32.1089442],[34.8160242,32.1091898],[34.8162064,32.109542],[34.8163295,32.1098124],[34.8164046,32.1099942],[34.8166092,32.1107475],[34.8166284,32.110813],[34.8166348,32.1108631],[34.8167485,32.1117604],[34.8168485,32.11255],[34.817016,32.1135659],[34.8170229,32.113608],[34.8170277,32.1136338],[34.8170405,32.113703],[34.8170286,32.1138252],[34.817083,32.1142396],[34.8171348,32.114542],[34.8171779,32.1147078],[34.8172128,32.1148643],[34.8172027,32.1149714],[34.8172592,32.1152621],[34.8173329,32.1155074],[34.8174234,32.1158358],[34.8174046,32.1159021],[34.8174697,32.116093],[34.8174928,32.1161608],[34.8175236,32.1162503],[34.8175356,32.1162671],[34.8177324,32.1167517],[34.8179959,32.1173644],[34.8181102,32.1176118],[34.8183783,32.1181613],[34.81842,32.1182467],[34.8184427,32.1182945],[34.818504,32.1184011],[34.8185521,32.1184952],[34.8191285,32.1193501],[34.8196164,32.1200102],[34.8200506,32.1204545],[34.8202532,32.120647],[34.8209039,32.1210597],[34.8218463,32.1215992],[34.8222753,32.1218448],[34.8224028,32.1219178]]},"properties":{"bicycle":"designated","foot":"designated","highway":"path","oneway":"no","segregated":"yes","surface":"asphalt"}},
{"type":"Feature","geometry":{"type":"LineString","coordinates":[[34.7846531,32.0733508],[34.7847713,32.0733498],[34.7848949,32.0733371],[34.7849109,32.0733355],[34.785275,32.0733024],[34.7857267,32.0732809],[34.7861336,32.0732758],[34.7864808,32.0732588],[34.7866177,32.0732517],[34.7868539,32.0732476],[34.7871029,32.0732433],[34.7875002,32.0732385],[34.7878274,32.0732351],[34.7879532,32.0732336],[34.788092,32.073208],[34.7884416,32.0732101],[34.7885653,32.0732108],[34.7889724,32.0732133],[34.7890488,32.0732138],[34.7893629,32.0732157],[34.7899128,32.0732346],[34.7899808,32.0732346],[34.7900415,32.0732346],[34.7900844,32.0732324],[34.7901119,32.0731972]]},"properties":{"foot":"yes","highway":"cycleway","oneway":"no","segregated":"yes","surface":"asphalt"}},
{"type":"Feature","geometry":{"type":"LineString","coordinates":[[34.7763927,32.1018327],[34.7763364,32.1017991]]},"properties":{"bicycle":"designated","foot":"designated","highway":"path","name":"יוסף יקותיאלי","name:en":"Yosef Yekuteli","name:he":"יוסף יקותיאלי","oneway":"no","segregated":"yes","surface":"concrete"}},
{"type":"Feature","geometry":{"type":"LineString","coordinates":[[34.777438,32.1025031],[34.7774168,32.1024899],[34.7763927,32.1018327]]},"properties":{"alt_name":"גשר רדינג","alt_name:en":"Reading Bridge","alt_name:he":"גשר רדינג","bicycle":"designated","bridge":"yes","foot":"designated","highway":"path","layer":"1","motor_vehicle":"no","name":"גשר ווקופ","name:en":"Wokop Bridge","name:he":"גשר ווקופ","oneway":"no","segregated":"yes","surface":"wood","wikidata":"Q12405019","wikipedia":"he:גשר ווקופ","wikipedia:he":"גשר ווקופ"}},
{"type":"Feature","geometry":{"type":"LineString","coordinates":[[34.777438,32.1025031],[34.7774811,32.1025324],[34.7774875,32.1025395],[34.777506,32.10256],[34.7775264,32.1025826]]},"properties":{"bicycle":"designated","foot":"designated","highway":"path","oneway":"no","segregated":"yes"}},
{"type":"Feature","geometry":{"type":"LineString","coordinates":[[34.8138782,32.101607],[34.8137651,32.1014814],[34.8132883,32.1010533],[34.8132309,32.1010215],[34.813109,32.100954],[34.8128684,32.100861],[34.8124425,32.100658],[34.8122583,32.1006081],[34.8120958,32.1006216],[34.811417,32.10077],[34.8108351,32.1006405],[34.8106635,32.1006761],[34.8105007,32.1007761],[34.8100175,32.1009028],[34.809928,32.100863],[34.809468,32.100673],[34.8092687,32.1004967],[34.809113,32.100359],[34.8089036,32.1002348]]},"properties":{"bicycle":"designated","foot":"designated","highway":"path","oneway":"no","segregated":"yes","surface":"asphalt"}},
{"type":"Feature","geometry":{"type":"LineString","coordinates":[[34.7832284,32.0968867],[34.7831732,32.096885],[34.7831379,32.0968839],[34.7830528,32.0968814],[34.7820501,32.0968509],[34.7819936,32.0967263],[34.7819381,32.0966798],[34.7818422,32.0966378],[34.7816523,32.0966115],[34.7812743,32.0966255],[34.7810774,32.0966276],[34.7807505,32.0965949],[34.7806851,32.0965882],[34.7798322,32.0965095],[34.7797756,32.0965083],[34.7795581,32.0965023],[34.7792816,32.0965031],[34.7790756,32.0965188],[34.7788732,32.0965341],[34.778633,32.0965745],[34.7784706,32.0966562]]},"properties":{"bicycle":"designated","check_date:surface":"2023-10-05","cycleway:surface":"asphalt","foot":"designated","footway:surface":"asphalt","highway":"path","oneway":"no","segregated":"yes","surface":"asphalt"}},
{"type":"Feature","geometry":{"type":"LineString","coordinates":[[34.7838127,32.0984309],[34.7838691,32.0984311],[34.7842309,32.0984379],[34.7848299,32.098448],[34.7848864,32.0984246],[34.7849372,32.0984035],[34.7849537,32.0984466],[34.7849579,32.0984574],[34.7849804,32.0984877],[34.7850079,32.0985053],[34.7850368,32.0985184],[34.7853135,32.0985198],[34.7858706,32.0985436],[34.7889978,32.0987431],[34.7890549,32.0987478],[34.7893595,32.0987902],[34.7901386,32.098911],[34.7906525,32.0990062],[34.7907737,32.0990261],[34.7916725,32.099208],[34.7918234,32.0992177],[34.791887,32.0992191],[34.7921722,32.099275],[34.7924146,32.0993589],[34.7930028,32.0994638],[34.7930836,32.0994719]]},"properties":{"highway":"cycleway","surface":"asphalt"}},
{"type":"Feature","geometry":{"type":"LineString","coordinates":[[34.7838544,32.0953971],[34.7843116,32.0953946],[34.7844603,32.0953969],[34.784611,32.0953993],[34.7851953,32.0953981],[34.7854579,32.0954118],[34.7855628,32.0954191]]},"properties":{"bicycle":"designated","foot":"designated","highway":"path","segregated":"yes","surface":"asphalt"}},
{"type":"Feature","geometry":{"type":"LineString","coordinates":[[34.7780292,32.0734661],[34.7781178,32.0737591],[34.7781267,32.073793],[34.7781297,32.0738122],[34.7781291,32.0738246],[34.778121,32.0738417],[34.7781104,32.0738525],[34.7780917,32.0738656],[34.7780731,32.0738746],[34.7770155,32.0740789],[34.7768491,32.0741129]]},"properties":{"alt_name:en":"Hissin","cycleway":"no","highway":"residential","int_name":"Hisin","name":"חיסין","name:en":"Hisin","name:he":"חיסין","oneway":"yes","parking:both:zone":"6","sidewalk":"both","surface":"asphalt"}},
{"type":"Feature","geometry":{"type":"LineString","coordinates":[[34.7883107,32.0870449],[34.788394,32.0870344],[34.7884328,32.0870295]]},"properties":{"bicycle":"designated","highway":"path","lit":"yes","mtb:name":"שביל כיכר המדינה","mtb:name:he":"שביל כיכר המדינה","segregated":"yes","surface":"asphalt"}},
{"type":"Feature","geometry":{"type":"LineString","coordinates":[[34.8138782,32.101607],[34.813989,32.101534],[34.814429,32.100994],[34.8148552,32.1005833],[34.814922,32.100519],[34.815216,32.1003762],[34.8152758,32.1003576],[34.8154179,32.1003325],[34.8157335,32.1002881],[34.8159601,32.1002768],[34.816975,32.100334],[34.817463,32.100413],[34.8178567,32.1005432],[34.8180074,32.1006004],[34.8185139,32.1007929],[34.8185922,32.1008212],[34.818637,32.1008489],[34.8186638,32.1008925],[34.8186685,32.1009399],[34.8186695,32.1014291],[34.818696,32.1014934],[34.8188138,32.1015362],[34.8189621,32.1015485],[34.8190741,32.1015759],[34.8191267,32.1016123],[34.8191727,32.1016803],[34.8194319,32.1023895],[34.8194868,32.1024787],[34.8193747,32.1025854],[34.8191821,32.1027597],[34.8187495,32.1030812],[34.8181412,32.1034165],[34.8177752,32.1035621],[34.817132,32.103725],[34.8167211,32.1037653],[34.8166851,32.1037688],[34.8164857,32.1037755],[34.8159713,32.1037844],[34.8155788,32.1037479],[34.8149514,32.1036198],[34.814919,32.1035948],[34.8145189,32.1032472],[34.8144086,32.1030808],[34.8141331,32.1021045],[34.8140472,32.1019015],[34.8138782,32.101607]]},"properties":{"bicycle":"designated","foot":"designated","highway":"path","oneway":"no","segregated":"yes","surface":"asphalt"}},
{"type":"Feature","geometry":{"type":"LineString","coordinates":[[34.8037398,32.0993747],[34.8030268,32.0996318],[34.8028057,32.0996878],[34.8024239,32.0997474]]},"properties":{"bicycle":"designated","foot":"designated","highway":"path","segregated":"yes","surface":"asphalt"}},
{"type":"Feature","geometry":{"type":"LineString","coordinates":[[34.8043877,32.0934635],[34.8044666,32.0934728],[34.804584,32.0934762],[34.8046877,32.0934761],[34.8048238,32.0935035],[34.8049354,32.0935345],[34.8050721,32.0935944],[34.8052442,32.0937266],[34.8053665,32.0938493],[34.8054644,32.0939967],[34.8055159,32.0941276],[34.8056103,32.0943457],[34.8056875,32.0945129],[34.8057718,32.0946715],[34.8058764,32.0948111],[34.8060137,32.094971],[34.8061338,32.0950946],[34.8061934,32.0951438],[34.806283,32.0952178],[34.8063019,32.0952361],[34.8065289,32.0953654]]},"properties":{"bicycle":"designated","foot":"designated","highway":"path","oneway":"no","segregated":"yes","surface":"paved"}},
{"type":"Feature","geometry":{"type":"LineString","coordinates":[[34.8383504,32.1065077],[34.8379259,32.1069547]]},"properties":{"bicycle":"designated","foot":"designated","highway":"path","segregated":"no","surface":"asphalt"}},
{"type":"Feature","geometry":{"type":"LineString","coordinates":[[34.7726045,32.0700381],[34.7724543,32.0694879],[34.7724419,32.0694492]]},"properties":{"bicycle":"designated","foot":"designated","highway":"path","name":"נפחא","name:en":"Nafha","name:he":"נפחא","segregated":"no","sidewalk":"both","surface":"paving_stones"}},
{"type":"Feature","geometry":{"type":"LineString","coordinates":[[34.7786591,32.0952991],[34.7788578,32.095683]]},"properties":{"bicycle":"designated","highway":"cycleway","oneway":"no","segregated":"yes","surface":"asphalt"}},
{"type":"Feature","geometry":{"type":"LineString","coordinates":[[34.7930836,32.0994719],[34.7931581,32.0992244],[34.7931729,32.0990992],[34.7931819,32.0990534],[34.7931905,32.0987273],[34.793218,32.0985211],[34.793217,32.098336],[34.7931881,32.0980926]]},"properties":{"bicycle":"designated","highway":"cycleway","smoothness":"good","surface":"asphalt"}},
{"type":"Feature","geometry":{"type":"LineString","coordinates":[[34.7950677,32.0972212],[34.7951056,32.0973854],[34.795126,32.0974438],[34.7951574,32.0975199],[34.7951815,32.0976119],[34.7951841,32.09767],[34.7951679,32.0977282]]},"properties":{"bicycle":"designated","foot":"designated","highway":"path"}},
{"type":"Feature","geometry":{"type":"LineString","coordinates":[[34.7772047,32.0971502],[34.7771791,32.09717],[34.7766634,32.0973601]]},"properties":{"bicycle":"designated","foot":"designated","highway":"path","segregated":"yes"}},
{"type":"Feature","geometry":{"type":"LineString","coordinates":[[34.8254286,32.1060496],[34.8253476,32.1063353],[34.825311,32.1064132]]},"properties":{"bicycle":"designated","foot":"destination","highway":"footway","surface":"asphalt"}},
{"type":"Feature","geometry":{"type":"LineString","coordinates":[[34.7855174,32.0956554],[34.7855614,32.095534]]},"properties":{"bicycle":"designated","highway":"footway"}},
{"type":"Feature","geometry":{"type":"LineString","coordinates":[[34.7737784,32.0722226],[34.7734286,32.0725238],[34.7733799,32.0725665],[34.773153,32.0727651],[34.7729543,32.0729391],[34.7727204,32.0731439],[34.7725491,32.0732909]]},"properties":{"bicycle":"designated","cycleway:surface":"concrete","foot":"designated","footway:surface":"concrete","highway":"path","lit":"yes","segregated":"yes","surface":"paved"}},
{"type":"Feature","geometry":{"type":"LineString","coordinates":[[34.8282193,32.1060258],[34.8281035,32.1065666],[34.8280765,32.1067911],[34.8280791,32.1069426],[34.8280023,32.1071041]]},"properties":{"bicycle":"designated","foot":"designated","highway":"path","segregated":"yes","surface":"asphalt"}},
{"type":"Feature","geometry":{"type":"LineString","coordinates":[[34.8089036,32.1002348],[34.8088277,32.1004514],[34.8088105,32.1005005],[34.808757,32.1006763],[34.8086024,32.1011747],[34.8085924,32.10121],[34.8084603,32.1016759],[34.8084018,32.1018568],[34.8083419,32.102097],[34.8083251,32.1021539],[34.8083162,32.1021921],[34.8083041,32.1022268],[34.8082852,32.102281],[34.8081274,32.1027768],[34.8081008,32.1028604]]},"properties":{"bicycle":"designated","foot":"designated","highway":"path","oneway":"no","segregated":"yes","surface":"paving_stones"}},
{"type":"Feature","geometry":{"type":"LineString","coordinates":[[34.8015988,32.1228527],[34.8015185,32.1224607],[34.801379,32.1217799],[34.8014221,32.1217333],[34.8018794,32.1216594],[34.8019537,32.1216548],[34.8020181,32.1216658],[34.802075,32.1216919]]},"properties":{"highway":"cycleway","oneway":"no","segregated":"yes"}},
{"type":"Feature","geometry":{"type":"LineString","coordinates":[[34.7836757,32.0959058],[34.7834982,32.095857],[34.783176,32.0957994],[34.7831304,32.0958193],[34.7830721,32.0958447],[34.7830276,32.0958494],[34.7828697,32.0958555],[34.7828112,32.0958808],[34.7827832,32.0959061],[34.7827686,32.0959756]]},"properties":{"bicycle":"designated","foot":"designated","highway":"path"}},
{"type":"Feature","geometry":{"type":"LineString","coordinates":[[34.833066,32.1067079],[34.8330532,32.1066339],[34.8330104,32.1066392],[34.8329761,32.1064407],[34.8329623,32.1063126],[34.8328612,32.1057763]]},"properties":{"bicycle":"designated","foot":"designated","highway":"path","segregated":"yes","surface":"asphalt"}},
{"type":"Feature","geometry":{"type":"LineString","coordinates":[[34.788523,32.1029514],[34.788616,32.1029781],[34.7886808,32.1030251],[34.7886985,32.1030734],[34.788691,32.1031492],[34.7884869,32.1041991],[34.7884561,32.1045098],[34.7884446,32.1045496],[34.7884153,32.1045833],[34.7884442,32.104638],[34.7884479,32.1046689],[34.7884302,32.1047577],[34.7884121,32.104851],[34.7883801,32.1048714],[34.7883479,32.1049062],[34.7883677,32.1049897],[34.7883697,32.105074],[34.7882233,32.1059522],[34.7881799,32.1062086],[34.7881808,32.1064735],[34.7882101,32.1066425],[34.7882969,32.1070946],[34.7883128,32.1071779],[34.7883339,32.1072785],[34.7883574,32.1073964],[34.7883788,32.1074905],[34.7883994,32.1075874],[34.7888829,32.110014],[34.7888915,32.1100871],[34.7888834,32.1101357],[34.7888653,32.1102047],[34.7889007,32.1102416],[34.7889314,32.1103048],[34.7889552,32.1103934],[34.7889294,32.1104682],[34.7889064,32.110512],[34.78898,32.1105917],[34.7890093,32.110657],[34.7890236,32.110715],[34.7892164,32.1115804],[34.7892415,32.1119889],[34.7891711,32.1120589],[34.7892446,32.1121207],[34.7892906,32.1121734]]},"properties":{"bicycle":"designated","foot":"designated","highway":"path","segregated":"yes"}},
{"type":"Feature","geometry":{"type":"LineString","coordinates":[[34.8091629,32.096929],[34.8091158,32.0969319],[34.8089523,32.0969413],[34.8088336,32.0969543],[34.8086961,32.0969693],[34.808385,32.0970054],[34.808247,32.0971218],[34.8082077,32.0971848],[34.8081191,32.0972547],[34.807886,32.0973761],[34.8078289,32.0974229],[34.8077508,32.0974869]]},"properties":{"bicycle":"designated","foot":"designated","highway":"path","segregated":"no","surface":"asphalt"}},
{"type":"Feature","geometry":{"type":"LineString","coordinates":[[34.7512265,32.0503934],[34.7511771,32.0503847],[34.7511163,32.0503862],[34.7510299,32.0504052],[34.7508993,32.050473],[34.7508115,32.0505417],[34.7507521,32.0506134],[34.7507096,32.0507308],[34.750692,32.0508025],[34.7506909,32.050916],[34.7507178,32.0510426],[34.7507987,32.0512202],[34.750867,32.0513703]]},"properties":{"cycleway":"lane","highway":"residential","lanes":"2","name":"יהודה הימית","name:ar":"يهودا هيميت","name:en":"Yehuda HaYamit","name:he":"יהודה הימית","name:ro":"Yehuda HaYamit","oneway":"no","parking:both":"no","parking_zone":"1","surface":"asphalt"}},
{"type":"Feature","geometry":{"type":"LineString","coordinates":[[34.77228,32.0466321],[34.7726882,32.0466275]]},"properties":{"bicycle":"designated","foot":"designated","highway":"path","layer":"-1","maxheight":"2","segregated":"yes","tunnel":"yes"}},
{"type":"Feature","geometry":{"type":"LineString","coordinates":[[34.7726882,32.0466275],[34.7732895,32.0466073]]},"properties":{"bicycle":"designated","foot":"designated","highway":"path","name":"עופר כהן","name:en":"Ofer Cohen","name:he":"עופר כהן","name:ro":"Ofer Cohen","segregated":"yes"}},
{"type":"Feature","geometry":{"type":"LineString","coordinates":[[34.8149827,32.1073942],[34.815035,32.107397],[34.8150922,32.1073928],[34.8151523,32.1073855],[34.8152114,32.1073711],[34.8152704,32.1073499],[34.8153545,32.107307],[34.8153966,32.1072813],[34.8154492,32.1072474],[34.8157086,32.10705],[34.8157444,32.1070145],[34.8157579,32.1069961],[34.8157625,32.1069791],[34.8158128,32.1069756],[34.8159069,32.1068969]]},"properties":{"bicycle":"designated","foot":"designated","highway":"path","segregated":"yes"}},
{"type":"Feature","geometry":{"type":"LineString","coordinates":[[34.8255331,32.1189284],[34.8262841,32.1189529],[34.8268234,32.1189645]]},"properties":{"bicycle":"designated","foot":"yes","highway":"path","surface":"paved"}},
{"type":"Feature","geometry":{"type":"LineString","coordinates":[[34.8074286,32.1004645],[34.8074117,32.1005825],[34.8074351,32.100696],[34.8074847,32.1007904],[34.8075092,32.1008221],[34.8075634,32.1008922],[34.8076378,32.1009536],[34.8077311,32.1010067],[34.8077962,32.1010542],[34.8078507,32.1011129],[34.8079129,32.1012273],[34.807972,32.1013745],[34.8079991,32.1015226],[34.8079881,32.1016222],[34.807987,32.1016465],[34.8079841,32.1017145],[34.8079807,32.1017449],[34.8079773,32.1017748],[34.8079877,32.101861],[34.8080224,32.1019522],[34.8080693,32.1020314],[34.808144,32.1020811],[34.8082561,32.1021293],[34.8083251,32.1021539]]},"properties":{"highway":"cycleway","oneway":"no","surface":"asphalt"}},
{"type":"Feature","geometry":{"type":"LineString","coordinates":[[34.7993,32.0407078],[34.7992168,32.0407612],[34.7991505,32.040837],[34.7990277,32.0409738],[34.7988091,32.0411011],[34.7987276,32.041129],[34.7985711,32.0411826],[34.7982968,32.0412091],[34.7979895,32.0411565],[34.7968126,32.0409986],[34.7964057,32.040944],[34.7961719,32.0409569],[34.796001,32.041033],[34.7958317,32.0410252],[34.795687,32.0409909],[34.7953672,32.041],[34.7949323,32.0414759],[34.7948343,32.0415309],[34.7946416,32.0416332],[34.7942619,32.0416937],[34.7938705,32.0417421],[34.7936988,32.0418034],[34.7935419,32.0418864],[34.7934099,32.0419624],[34.7932039,32.0421388],[34.7919451,32.0421423],[34.7918218,32.042139],[34.7918295,32.0422524],[34.7918296,32.0425435],[34.79182,32.0432126],[34.7917039,32.0433459]]},"properties":{"bicycle":"designated","foot":"designated","highway":"path","segregated":"yes","surface":"asphalt"}},
{"type":"Feature","geometry":{"type":"LineString","coordinates":[[34.8231635,32.1016839],[34.8232573,32.1016959],[34.8235044,32.1017847],[34.8238005,32.1019064],[34.8240211,32.1019774],[34.8242321,32.1020206],[34.8242814,32.1020396],[34.8243365,32.1020732],[34.8245643,32.1022138],[34.8246273,32.1022605],[34.8246756,32.1023087],[34.8247265,32.1023719],[34.8247561,32.1024333],[34.8247689,32.1024826],[34.8247743,32.1025837],[34.824777,32.1026373],[34.824759,32.1027436],[34.8247263,32.1028082],[34.8246353,32.1028802],[34.8242714,32.1029847],[34.8237929,32.1031031],[34.8235987,32.1031531],[34.8234766,32.1031913],[34.8233238,32.1032597],[34.8232073,32.1033163],[34.8231095,32.1034356],[34.8231035,32.1034952],[34.8231192,32.1035736],[34.8231525,32.1036321],[34.8232315,32.1036944],[34.8235195,32.1037936],[34.8235693,32.1038084],[34.8236854,32.1038527],[34.823841,32.1039426],[34.823977,32.1040318],[34.8240749,32.104083],[34.8241663,32.1041087],[34.824272,32.1041272],[34.8244542,32.1041482],[34.8245608,32.1041535],[34.8246387,32.1041652],[34.8247012,32.1041901],[34.8247955,32.1042375],[34.8250321,32.1043746],[34.8252495,32.1045166],[34.8253526,32.1045711],[34.8255501,32.1046406],[34.8257473,32.1046786],[34.826085,32.1046908],[34.8262281,32.1047118],[34.8263563,32.1047622],[34.8265304,32.1048803],[34.8266505,32.1049484],[34.8269278,32.1050507],[34.8269988,32.1051054],[34.8272565,32.1052241],[34.8274062,32.1052663],[34.8275628,32.1052988],[34.827914,32.105348]]},"properties":{"bicycle":"designated","foot":"designated","highway":"path","lit":"no","oneway":"no","surface":"asphalt"}},
{"type":"Feature","geometry":{"type":"LineString","coordinates":[[34.835643,32.1060066],[34.8354207,32.1057986],[34.8352465,32.1055585],[34.835209,32.1055293],[34.8351453,32.1055165]]},"properties":{"bicycle":"designated","foot":"designated","highway":"path","segregated":"yes","surface":"asphalt"}},
{"type":"Feature","geometry":{"type":"LineString","coordinates":[[34.7626461,32.0608733],[34.7620934,32.0605869],[34.7620704,32.0605755],[34.7620024,32.0605418],[34.7619196,32.0604939],[34.7617854,32.060422],[34.7617309,32.0603928],[34.7616187,32.0603328]]},"properties":{"bicycle":"designated","foot":"designated","highway":"path","lit":"yes","segregated":"no","surface":"asphalt"}},
{"type":"Feature","geometry":{"type":"LineString","coordinates":[[34.8048095,32.0434426],[34.8048492,32.0434139],[34.8049256,32.0433607],[34.8052574,32.0430427],[34.8053486,32.0428815],[34.8053088,32.0427135],[34.8052282,32.0426437],[34.8046556,32.0424229],[34.8044914,32.0423944]]},"properties":{"bicycle":"designated","foot":"designated","highway":"path","segregated":"no","surface":"asphalt"}},
{"type":"Feature","geometry":{"type":"LineString","coordinates":[[34.7990277,32.0409738],[34.7991136,32.0409613],[34.7993214,32.0409533],[34.7995105,32.0409886]]},"properties":{"bicycle":"designated","foot":"designated","highway":"path","segregated":"yes","surface":"paved"}},
{"type":"Feature","geometry":{"type":"LineString","coordinates":[[34.7993,32.0407078],[34.7993751,32.0408271],[34.7995105,32.0409886],[34.7997721,32.0412682],[34.8008015,32.0414795],[34.8010684,32.0413037],[34.8012878,32.0412677],[34.8024014,32.0417256],[34.8026704,32.0420066],[34.8027009,32.0420824],[34.8030309,32.042403],[34.8039919,32.0425583],[34.8042009,32.0425975],[34.8043794,32.0426108]]},"properties":{"bicycle":"designated","foot":"designated","highway":"pedestrian","lit":"yes","segregated":"yes","surface":"asphalt"}},
{"type":"Feature","geometry":{"type":"LineString","coordinates":[[34.7918496,32.0376527],[34.7921505,32.0382087],[34.7922149,32.0382996],[34.7922953,32.0383815],[34.7930625,32.0391136],[34.7931912,32.0391955],[34.7933146,32.0392546],[34.7934272,32.0392864],[34.7935399,32.0393046],[34.7936311,32.0393091],[34.7937606,32.0393023]]},"properties":{"bridge":"yes","highway":"cycleway","layer":"1"}},
{"type":"Feature","geometry":{"type":"LineString","coordinates":[[34.8131611,32.0447404],[34.8132771,32.0452164],[34.8134388,32.0458403],[34.8136136,32.0466726],[34.8137883,32.0479608],[34.8137358,32.0483384],[34.8137014,32.0484332],[34.813631,32.0486272],[34.8135874,32.0493823],[34.8136272,32.0494478],[34.8137067,32.049457],[34.8137508,32.0494648],[34.8137464,32.0495532],[34.8137407,32.049661],[34.8137314,32.049856]]},"properties":{"bicycle":"designated","cycleway:surface":"asphalt","foot":"designated","footway:surface":"asphalt","highway":"path","segregated":"yes","surface":"asphalt"}},
{"type":"Feature","geometry":{"type":"LineString","coordinates":[[34.8092277,32.0991154],[34.8092178,32.0991929],[34.8092056,32.0992627],[34.80913,32.0995084],[34.8090403,32.099785]]},"properties":{"bicycle":"designated","cycleway:surface":"paving_stones","foot":"designated","footway:surface":"paving_stones","highway":"path","segregated":"yes","surface":"paving_stones"}},
{"type":"Feature","geometry":{"type":"LineString","coordinates":[[34.7772509,32.099194],[34.777231,32.0991721],[34.7771958,32.0990893],[34.7771858,32.0990629],[34.7771561,32.0989841]]},"properties":{"bicycle":"designated","foot":"designated","highway":"path","name":"דוד רוטלוי","name:en":"David Rotlevy","name:he":"דוד רוטלוי","segregated":"no","surface":"paving_stones"}},
{"type":"Feature","geometry":{"type":"LineString","coordinates":[[34.7763348,32.1017081],[34.7765381,32.1014573],[34.7765698,32.1014309],[34.7766088,32.1013985],[34.7766999,32.1013563],[34.7767862,32.1013208],[34.7768442,32.1012751],[34.7768771,32.1012252],[34.7769454,32.1011187],[34.7769751,32.1010662],[34.7771615,32.1007364],[34.7772863,32.1005127],[34.7773752,32.1004171],[34.7774808,32.1003459],[34.7775722,32.1002293],[34.7775928,32.100165],[34.7775834,32.1000817],[34.7775781,32.100051],[34.7774269,32.0994941],[34.7773462,32.0993202],[34.7772961,32.0992522],[34.7772793,32.0992294]]},"properties":{"bicycle":"designated","foot":"designated","highway":"path","name":"דוד רוטלוי","name:en":"David Rotlevy","name:he":"דוד רוטלוי","oneway":"yes","segregated":"yes","surface":"asphalt"}},
{"type":"Feature","geometry":{"type":"LineString","coordinates":[[34.8077508,32.0974869],[34.8077287,32.0976478],[34.8077508,32.0978032],[34.8077662,32.0978911],[34.8077927,32.0980315],[34.8078745,32.0981269],[34.807965,32.0981737],[34.808049,32.0982018],[34.8081771,32.0982261],[34.8083671,32.0982598],[34.8085172,32.0982982],[34.8086718,32.0984011],[34.8087522,32.0984863],[34.808822,32.0986113],[34.8089272,32.0988449],[34.8089531,32.0988805],[34.8092277,32.0991154]]},"properties":{"bicycle":"designated","foot":"designated","highway":"path","segregated":"no","surface":"asphalt"}},
{"type":"Feature","geometry":{"type":"LineString","coordinates":[[34.8094282,32.0961173],[34.8098244,32.096148],[34.8101852,32.0961302],[34.8114435,32.0957284],[34.8116407,32.0955809],[34.8117865,32.0955175],[34.811868,32.0954709],[34.8120038,32.0954278],[34.8121108,32.0954142],[34.8124631,32.095454],[34.8125672,32.0954658],[34.8126425,32.0954875],[34.8129404,32.0955734],[34.8132125,32.0956439],[34.8138207,32.0958483],[34.814138,32.0960049],[34.8142613,32.0960657],[34.8146683,32.0964],[34.8149196,32.0966808],[34.8150105,32.0967906],[34.8158347,32.0978134],[34.8158789,32.097847],[34.8159247,32.097873],[34.8159796,32.0978906],[34.8160575,32.0978974],[34.8162557,32.0978568],[34.8165769,32.0977919],[34.8169056,32.097744],[34.817317,32.0976981],[34.8177943,32.0976898]]},"properties":{"bicycle":"designated","highway":"cycleway","name":"שביל יונתן","name:en":"Yonatan trail","name:he":"שביל יונתן","oneway":"no","segregated":"no","surface":"asphalt"}},
{"type":"Feature","geometry":{"type":"LineString","coordinates":[[34.8282193,32.1060258],[34.8278179,32.1059189],[34.8277782,32.1059032],[34.827473,32.1058133],[34.8273522,32.1058215],[34.8272938,32.1058579],[34.8272599,32.1059798],[34.827254,32.106029],[34.8272406,32.1061925],[34.8272509,32.1062645],[34.8272631,32.1063493]]},"properties":{"bicycle":"designated","foot":"designated","highway":"path","segregated":"yes","surface":"asphalt"}},
{"type":"Feature","geometry":{"type":"LineString","coordinates":[[34.8015988,32.1228527],[34.8017287,32.1234395],[34.8017367,32.1234754],[34.8018595,32.1240301],[34.8018908,32.1241714],[34.8019772,32.1242204],[34.8024792,32.1245051],[34.802642,32.1245824],[34.8026246,32.1243521],[34.8025816,32.1241038],[34.8023428,32.1227433],[34.802186,32.121804],[34.8021584,32.1217571],[34.802121,32.1217181],[34.802075,32.1216919]]},"properties":{"highway":"cycleway","segregated":"yes"}},
{"type":"Feature","geometry":{"type":"LineString","coordinates":[[34.7772047,32.0971502],[34.7772469,32.0970804],[34.7774457,32.0967585],[34.777473,32.096703],[34.7775142,32.0966574],[34.7776286,32.0965295],[34.7778619,32.0962769],[34.777958,32.096195],[34.7784314,32.0959035],[34.7786151,32.0957904],[34.7786642,32.0957659],[34.7787617,32.0957242],[34.7788578,32.095683],[34.7788789,32.0956746],[34.778966,32.09564],[34.7792518,32.0955605],[34.7796625,32.0955445],[34.7797205,32.095556],[34.780089,32.0955974],[34.7807732,32.0956725],[34.7811514,32.0957484],[34.7815225,32.0958503],[34.7816713,32.0958856],[34.7819356,32.0959122],[34.7824178,32.0959516],[34.7826848,32.0959649],[34.7827686,32.0959756],[34.7828322,32.0959838],[34.782859,32.0959879],[34.7830813,32.09603],[34.7831329,32.0960379],[34.783189,32.0960468],[34.7832974,32.0960333],[34.7833617,32.0960133],[34.783384,32.0959995],[34.7834269,32.095973],[34.7835007,32.095919],[34.7835429,32.0958985],[34.7836013,32.0958981],[34.7836757,32.0959058],[34.783744,32.0959116],[34.7841173,32.095956],[34.7844932,32.0960115],[34.785069,32.0960772],[34.7855912,32.0961282],[34.7867376,32.0961654],[34.7870796,32.0962141],[34.7879044,32.0963145],[34.7893125,32.0965392],[34.7898659,32.0966231],[34.7908849,32.09678],[34.7926507,32.0971423],[34.7928536,32.0971841],[34.7929927,32.0972161],[34.7931789,32.0972542],[34.7932953,32.0973013],[34.7933642,32.097431],[34.79341,32.0974819],[34.7934798,32.0975312],[34.7935538,32.0975634],[34.7940217,32.0976209],[34.7943962,32.0975955],[34.7947004,32.0976111],[34.7948583,32.0976266],[34.7950428,32.0976768],[34.7951679,32.0977282],[34.7955488,32.0978996],[34.7957275,32.0979586],[34.7959761,32.0979436],[34.7960664,32.0979626],[34.7963204,32.0980726],[34.7964107,32.0981007],[34.7965101,32.0981113],[34.7966744,32.0981162],[34.7967965,32.0981735],[34.796956,32.0983023],[34.7970882,32.0983743],[34.7971999,32.0984318],[34.7973585,32.0984829],[34.7974952,32.0985173],[34.7975786,32.0985418],[34.7978039,32.0986994],[34.798584,32.0990987],[34.7989548,32.0992922],[34.7996374,32.0996062],[34.7998134,32.099626],[34.8001744,32.0996831],[34.8004401,32.0997243]]},"properties":{"bicycle":"designated","foot":"designated","highway":"path","oneway":"no","segregated":"yes","surface":"asphalt"}},
{"type":"Feature","geometry":{"type":"LineString","coordinates":[[34.7871095,32.0957025],[34.7871606,32.0958189],[34.7871672,32.0958394],[34.7871825,32.0960171],[34.7871809,32.0960839],[34.7871657,32.0961243],[34.7871387,32.0961703],[34.7870796,32.0962141]]},"properties":{"bicycle":"designated","foot":"designated","highway":"path","segregated":"no"}},
{"type":"Feature","geometry":{"type":"LineString","coordinates":[[34.8128684,32.100861],[34.8127197,32.1011215],[34.812233,32.1020928],[34.8119024,32.1025203],[34.8116047,32.1029125],[34.8115103,32.1030368],[34.8113021,32.1032915]]},"properties":{"bicycle":"designated","foot":"designated","highway":"path","segregated":"yes","surface":"asphalt"}},
{"type":"Feature","geometry":{"type":"LineString","coordinates":[[34.814919,32.1035948],[34.8148965,32.1036127],[34.8148004,32.1036786],[34.8147486,32.1037103],[34.8149205,32.1039344],[34.8150901,32.104141],[34.8152468,32.1043275],[34.8153869,32.1044986],[34.8154714,32.1045984]]},"properties":{"bicycle":"designated","foot":"yes","highway":"footway","oneway":"no","surface":"asphalt"}},
{"type":"Feature","geometry":{"type":"LineString","coordinates":[[34.7811433,32.0970694],[34.7810469,32.0971618],[34.7810002,32.0972206],[34.7809623,32.0972901],[34.7809215,32.0973918],[34.7809242,32.0974872],[34.7809349,32.0975804],[34.7809666,32.0976745],[34.7809973,32.0977765],[34.7809923,32.0978928],[34.7809725,32.0979757],[34.780951,32.098053],[34.7809188,32.0981348],[34.7808222,32.0982484],[34.7807468,32.0983075]]},"properties":{"bicycle":"designated","highway":"footway","segregated":"no","surface":"asphalt"}},
{"type":"Feature","geometry":{"type":"LineString","coordinates":[[34.7616187,32.0603328],[34.7606917,32.0598819]]},"properties":{"bicycle":"designated","foot":"designated","highway":"path","seg":"no","segregated":"no","surface":"asphalt"}},
{"type":"Feature","geometry":{"type":"LineString","coordinates":[[34.8200147,32.1207198],[34.8199298,32.1207847],[34.8192605,32.1213689],[34.8190505,32.1215531],[34.8186597,32.12194],[34.8185742,32.1220236],[34.8183568,32.122187],[34.8181801,32.122244],[34.8180398,32.1222692],[34.8179263,32.1222683],[34.8179056,32.1222673],[34.8178432,32.1222644],[34.8177186,32.1223136],[34.8175912,32.1223722],[34.8174498,32.1224272],[34.8170079,32.1226991],[34.816963,32.1227267],[34.8169174,32.1227643],[34.8167078,32.1229258],[34.8164231,32.1231321]]},"properties":{"bicycle":"designated","highway":"footway","segregated":"yes"}},
{"type":"Feature","geometry":{"type":"LineString","coordinates":[[34.7798678,32.074025],[34.779871,32.0740531],[34.7800226,32.0757491],[34.7800206,32.0764172],[34.7800133,32.0770066],[34.780007,32.0776976],[34.7799871,32.0786266],[34.7799794,32.0794205]]},"properties":{"bicycle":"designated","foot":"designated","highway":"path","segregated":"yes","surface":"asphalt"}},
{"type":"Feature","geometry":{"type":"LineString","coordinates":[[34.785969,32.0761464],[34.7860264,32.0761643],[34.7866957,32.0763854],[34.7870565,32.0765098],[34.7875149,32.0766679],[34.7876755,32.0767258],[34.7886211,32.0770525]]},"properties":{"highway":"cycleway","oneway":"no","segregated":"yes","surface":"paved"}},
{"type":"Feature","geometry":{"type":"LineString","coordinates":[[34.8199647,32.1208186],[34.8199298,32.1207847],[34.8198895,32.1207462],[34.8192792,32.1201545],[34.8188434,32.1194604],[34.8183391,32.1187562],[34.8182898,32.1186857],[34.8182886,32.118684],[34.8182826,32.1186041]]},"properties":{"bicycle":"designated","foot":"designated","highway":"path","segregated":"yes"}},
{"type":"Feature","geometry":{"type":"LineString","coordinates":[[34.8007562,32.1067391],[34.7999847,32.1070108],[34.7997406,32.1071714],[34.7986848,32.1076504],[34.7983318,32.1077799],[34.797868,32.1079306],[34.7975519,32.1080102]]},"properties":{"bicycle":"designated","foot":"yes","highway":"path","lit":"yes","surface":"asphalt"}},
{"type":"Feature","geometry":{"type":"LineString","coordinates":[[34.816289,32.1232161],[34.816247,32.1232282],[34.8160447,32.1232987],[34.8157845,32.123368],[34.815695,32.1233793],[34.8154127,32.1234207],[34.815023,32.1234593],[34.8148035,32.1234573],[34.8147712,32.1234758]]},"properties":{"bicycle":"designated","foot":"designated","highway":"path","segregated":"yes"}},
{"type":"Feature","geometry":{"type":"LineString","coordinates":[[34.8164231,32.1231321],[34.816289,32.1232161]]},"properties":{"bicycle":"designated","bridge":"yes","foot":"designated","highway":"path","segregated":"yes"}},
{"type":"Feature","geometry":{"type":"LineString","coordinates":[[34.8268253,32.1187332],[34.8268319,32.1183291]]},"properties":{"bicycle":"designated","foot":"yes","highway":"path"}},
{"type":"Feature","geometry":{"type":"LineString","coordinates":[[34.8206308,32.1050284],[34.8207324,32.1049142],[34.8207674,32.1048547],[34.8207855,32.1047925],[34.8207871,32.1047246],[34.8207802,32.1046547],[34.8207676,32.1045848],[34.8207472,32.1045267],[34.8207251,32.1044742],[34.8206759,32.1043976],[34.8206258,32.104323],[34.8205366,32.1042193],[34.8205121,32.1041842],[34.8204519,32.1040871],[34.8204261,32.1040474],[34.8203841,32.1039887],[34.8202836,32.103809],[34.8201676,32.1035782],[34.8201518,32.1035517],[34.8201318,32.1035321],[34.8201092,32.1035223],[34.8200444,32.1035018],[34.8200342,32.1034818],[34.82002,32.1034535]]},"properties":{"bicycle":"designated","foot":"designated","highway":"path","oneway":"no","segregated":"yes","surface":"asphalt"}},
{"type":"Feature","geometry":{"type":"LineString","coordinates":[[34.8206308,32.1050284],[34.8205248,32.1051425],[34.8203967,32.1052885],[34.8203503,32.1053671],[34.8202796,32.1054812],[34.8202513,32.1055915],[34.8202455,32.1056143],[34.8202403,32.1056404],[34.8202392,32.1057033]]},"properties":{"bicycle":"designated","foot":"designated","highway":"path","segregated":"yes","surface":"asphalt"}},
{"type":"Feature","geometry":{"type":"LineString","coordinates":[[34.8149827,32.1073942],[34.8149752,32.1074458],[34.8149733,32.1075894],[34.8150609,32.1076685],[34.8151364,32.1077367],[34.815203,32.1077968]]},"properties":{"bicycle":"designated","foot":"designated","highway":"path","segregated":"no"}},
{"type":"Feature","geometry":{"type":"LineString","coordinates":[[34.8402863,32.1080842],[34.839763,32.1077454],[34.8396172,32.1076633],[34.8391174,32.1074507],[34.8379259,32.1069547],[34.8378221,32.1069132],[34.837468,32.1067521],[34.8371876,32.1066329],[34.8368869,32.1065073],[34.8361488,32.1062177],[34.8356935,32.1060319],[34.835643,32.1060066],[34.8354804,32.1059634],[34.8350414,32.1058944],[34.8346843,32.1058849],[34.8344065,32.1059006],[34.8341606,32.1059389],[34.8339355,32.1059821],[34.833747,32.106015],[34.8331246,32.1062573],[34.8329623,32.1063126],[34.832742,32.1063206],[34.8325569,32.1063173],[34.8323538,32.1063204],[34.8321837,32.1063164],[34.8319991,32.1063205],[34.8317836,32.1063376]]},"properties":{"bicycle":"designated","foot":"designated","highway":"path","surface":"asphalt"}},
{"type":"Feature","geometry":{"type":"LineString","coordinates":[[34.7995157,32.1207013],[34.8003183,32.1205915]]},"properties":{"highway":"cycleway"}},
{"type":"Feature","geometry":{"type":"LineString","coordinates":[[34.7779646,32.0971301],[34.777822,32.097385],[34.7777497,32.0975622],[34.777689,32.0979029],[34.7776869,32.0980727],[34.777683,32.0981554]]},"properties":{"bicycle":"designated","foot":"designated","highway":"path","maxheight":"2","oneway":"no","segregated":"yes","surface":"asphalt"}},
{"type":"Feature","geometry":{"type":"LineString","coordinates":[[34.7931881,32.0980926],[34.7932036,32.0980451],[34.7932724,32.0980005],[34.7933781,32.0979799],[34.7934564,32.0979772],[34.7939038,32.098034],[34.7939321,32.0980357],[34.7939851,32.0980602],[34.794257,32.0981629],[34.7944004,32.09821],[34.7948108,32.0983234],[34.79499,32.098386],[34.795227,32.098508],[34.7952812,32.0985385],[34.7953348,32.0985648],[34.7953838,32.0985867],[34.7954686,32.0986092],[34.7956927,32.0986435],[34.796129,32.098736],[34.796212,32.0987716],[34.796274,32.098809],[34.7963767,32.0988633],[34.7963909,32.0988708],[34.7964411,32.0988913],[34.7965185,32.0989292],[34.7966277,32.0989914],[34.7967558,32.0990644],[34.7968216,32.0991155],[34.7968953,32.0991837],[34.7969315,32.0992337],[34.7969563,32.0992712],[34.7969812,32.0993109],[34.7970074,32.0993455],[34.7970544,32.0993846],[34.7970946,32.0994026],[34.7971381,32.0994132],[34.7972735,32.0994325],[34.7974197,32.0994552],[34.7974867,32.0994711],[34.7975967,32.0995018],[34.7977013,32.0995325],[34.7977764,32.0995563],[34.7978314,32.0995779],[34.7978904,32.0996029],[34.7979588,32.0996347],[34.7980084,32.0996586],[34.7980594,32.0996858],[34.7981144,32.0997085],[34.798168,32.0997279],[34.7982351,32.0997472],[34.7983343,32.0997699],[34.7984108,32.0997881],[34.7985744,32.0998312],[34.7987072,32.0998744],[34.7987675,32.0998971],[34.7988372,32.0999244],[34.7988748,32.0999448],[34.7989097,32.0999721],[34.7989365,32.0999982],[34.7989673,32.1000369],[34.7989888,32.1000789],[34.7990062,32.1001243],[34.7990223,32.1001721],[34.7990465,32.1002175],[34.7990706,32.1002539],[34.799092,32.1002746]]},"properties":{"foot":"no","highway":"cycleway","surface":"paving_stones"}},
{"type":"Feature","geometry":{"type":"LineString","coordinates":[[34.7942955,32.0998831],[34.7943566,32.0998513],[34.7943891,32.0998373],[34.7944196,32.0998241],[34.7944669,32.0998024],[34.79455,32.0996377],[34.7945692,32.0996051],[34.7950303,32.0988409],[34.7950609,32.0987842],[34.7950623,32.0987577],[34.7950299,32.0986382],[34.7949637,32.0985363],[34.7948577,32.098387],[34.7948108,32.0983234],[34.7947835,32.0982794]]},"properties":{"bicycle":"designated","highway":"path","surface":"paving_stones"}},
{"type":"Feature","geometry":{"type":"LineString","coordinates":[[34.8063019,32.0952361],[34.8061508,32.095326],[34.8060814,32.0953823],[34.8059961,32.0954284],[34.8058785,32.095466],[34.805776,32.0954811],[34.8057142,32.0954938],[34.8056538,32.0954937],[34.8055736,32.0954764],[34.8054502,32.0954538],[34.8052973,32.0954477],[34.8050664,32.0954458],[34.8048307,32.0954663],[34.804636,32.0954959],[34.8045146,32.0955257]]},"properties":{"bicycle":"designated","cycleway:surface":"asphalt","foot":"designated","footway:surface":"asphalt","highway":"path","lit":"no","segregated":"yes","surface":"asphalt"}},
{"type":"Feature","geometry":{"type":"LineString","coordinates":[[34.802597,32.0925794],[34.8026308,32.0925941],[34.802655,32.0926046],[34.802825,32.0926784],[34.8028789,32.0927092],[34.8030979,32.0928344],[34.8040834,32.0932636],[34.8042515,32.0933525],[34.8043367,32.0934167],[34.8043877,32.0934635]]},"properties":{"bicycle":"designated","foot":"designated","highway":"path","oneway":"no","panoramax":"a3a621a8-7bc7-4ecf-a7ab-c573f83a1b3b","segregated":"yes","surface":"paved"}},
{"type":"Feature","geometry":{"type":"LineString","coordinates":[[34.7942327,32.1230032],[34.7939365,32.1230017],[34.7940187,32.1233535],[34.7943124,32.124358],[34.7943512,32.1246006],[34.7943842,32.1246974],[34.7943858,32.124775],[34.7943982,32.124855],[34.7944519,32.1250531],[34.7946343,32.12588],[34.7948006,32.1266387],[34.7948327,32.1268158],[34.7949186,32.1268885],[34.7949293,32.1269885],[34.7948649,32.1270975],[34.7951814,32.1286239],[34.7951645,32.1287099],[34.7950894,32.128778],[34.7950464,32.1288598],[34.7950848,32.1293322]]},"properties":{"highway":"cycleway"}},
{"type":"Feature","geometry":{"type":"LineString","coordinates":[[34.8140121,32.105084],[34.8140555,32.1050658],[34.8140575,32.1050226],[34.8140268,32.1049595],[34.8140103,32.1048974],[34.8140093,32.1048152],[34.8140244,32.1047453],[34.814059,32.1046653],[34.8141075,32.1046043],[34.8140955,32.1045612],[34.8140427,32.1044279],[34.8140255,32.1043487],[34.814028,32.1042763],[34.8140518,32.1042052],[34.814096,32.1041445],[34.8141459,32.1040706]]},"properties":{"bicycle":"designated","foot":"designated","highway":"footway"}},
{"type":"Feature","geometry":{"type":"LineString","coordinates":[[34.8113021,32.1032915],[34.811501,32.1033834],[34.8121768,32.10359],[34.8125883,32.1037831],[34.8129557,32.1039501],[34.8133416,32.1042298],[34.8135079,32.1043794],[34.8137679,32.1048231],[34.8138201,32.1049341],[34.8138679,32.1049957],[34.8139385,32.1050464],[34.8140121,32.105084],[34.8142784,32.1052724],[34.8143183,32.1053116],[34.8143453,32.1053448],[34.8143624,32.1053765],[34.8143722,32.1054094],[34.8143748,32.1054462],[34.8143633,32.1054701],[34.8143465,32.1054874],[34.8143226,32.1055046],[34.8141527,32.1056073],[34.8141148,32.1056245],[34.8140826,32.1056305],[34.8140481,32.1056382],[34.8140237,32.1056606],[34.8140094,32.1057206],[34.8139939,32.1057858],[34.8140008,32.1058109],[34.8139834,32.1058174],[34.8139664,32.1058269],[34.8139476,32.1058424],[34.813938,32.1058635],[34.8139324,32.1058885],[34.8139314,32.1059242],[34.8139309,32.1059466],[34.8139359,32.1059741],[34.8139359,32.1059952],[34.8139357,32.1060066],[34.8139314,32.1060181],[34.8138754,32.106056],[34.8137994,32.1061074],[34.8136778,32.1061897],[34.8136691,32.1061956],[34.8136166,32.1062417],[34.8135874,32.1062878]]},"properties":{"bicycle":"designated","foot":"designated","highway":"path","oneway":"no","surface":"asphalt"}},
{"type":"Feature","geometry":{"type":"LineString","coordinates":[[34.8056688,32.1001065],[34.8059085,32.1000881]]},"properties":{"bridge":"yes","highway":"cycleway","surface":"asphalt"}},
{"type":"Feature","geometry":{"type":"LineString","coordinates":[[34.8059085,32.1000881],[34.8062068,32.1000038],[34.8065508,32.099908],[34.8066158,32.0999074],[34.8066802,32.0999326],[34.80692,32.100022],[34.8071843,32.1002152],[34.8074286,32.1004645]]},"properties":{"highway":"cycleway","oneway":"no","surface":"asphalt"}},
{"type":"Feature","geometry":{"type":"LineString","coordinates":[[34.795439,32.1111323],[34.7947657,32.1110123],[34.793568,32.1107988],[34.793446,32.110777],[34.7933078,32.1107443]]},"properties":{"bicycle":"designated","foot":"yes","footway":"sidewalk","highway":"footway"}},
{"type":"Feature","geometry":{"type":"LineString","coordinates":[[34.7977259,32.1177733],[34.7977138,32.1178433],[34.7981195,32.1179516],[34.7981881,32.1179724],[34.7982482,32.1179906],[34.7983024,32.1185495],[34.7983185,32.118738],[34.7984094,32.1189681],[34.7984743,32.1191297],[34.7985072,32.1192038],[34.7985503,32.1193012],[34.7986927,32.1194591],[34.7986892,32.1195037],[34.7987435,32.1195829],[34.798893,32.1196435],[34.7990653,32.1197555],[34.7991363,32.1198062],[34.7991742,32.1198333],[34.7991705,32.1202002],[34.7992631,32.1203095],[34.7992987,32.1203515],[34.7993515,32.1206561],[34.7993889,32.1207293]]},"properties":{"bicycle":"designated","foot":"yes","highway":"path"}},
{"type":"Feature","geometry":{"type":"LineString","coordinates":[[34.8003222,32.1206071],[34.8004859,32.121572]]},"properties":{"highway":"cycleway"}},
{"type":"Feature","geometry":{"type":"LineString","coordinates":[[34.8083357,32.1005612],[34.8082924,32.1008361],[34.8082734,32.1009101],[34.8082673,32.1009253],[34.8082555,32.1009552],[34.8082146,32.1009958],[34.8080989,32.1010459],[34.8079373,32.1010853],[34.807899,32.1010975],[34.8078507,32.1011129]]},"properties":{"highway":"cycleway","oneway":"yes"}},
{"type":"Feature","geometry":{"type":"LineString","coordinates":[[34.815203,32.1077968],[34.8152358,32.1077802],[34.815313,32.1077556],[34.8154405,32.1077366],[34.8158455,32.1077741],[34.815867,32.1077773],[34.8161832,32.1078241],[34.8163076,32.107838]]},"properties":{"bicycle":"designated","foot":"designated","highway":"path"}},
{"type":"Feature","geometry":{"type":"LineString","coordinates":[[34.8301736,32.1089753],[34.8302757,32.1089547],[34.8303642,32.1088669],[34.8303667,32.1088645],[34.8302531,32.1084988],[34.8302855,32.1083912],[34.8303059,32.1080149],[34.8303292,32.1078709],[34.830317,32.1077813]]},"properties":{"bicycle":"yes","highway":"cycleway"}},
{"type":"Feature","geometry":{"type":"LineString","coordinates":[[34.839074,32.1159025],[34.8390971,32.1159622],[34.8391236,32.1160305]]},"properties":{"bicycle":"designated","highway":"footway"}},
{"type":"Feature","geometry":{"type":"LineString","coordinates":[[34.8160087,32.1047714],[34.8159153,32.1046544],[34.8158644,32.1046736],[34.8154714,32.1045984]]},"properties":{"bicycle":"designated","highway":"cycleway","oneway":"no","surface":"asphalt"}},
{"type":"Feature","geometry":{"type":"LineString","coordinates":[[34.8268234,32.1189645],[34.8268299,32.1189136],[34.8268275,32.118789],[34.8268253,32.1187332]]},"properties":{"bicycle":"designated","foot":"yes","highway":"path","surface":"paved"}},
{"type":"Feature","geometry":{"type":"LineString","coordinates":[[34.7593867,32.0590972],[34.7593531,32.0591479],[34.759311,32.0592115],[34.7592952,32.0592729],[34.7592887,32.0593252],[34.7592992,32.0593843],[34.7593244,32.059448],[34.7597305,32.0601066],[34.7598021,32.060204],[34.7598742,32.0603071],[34.7599692,32.0603723],[34.7600476,32.0604293],[34.7601125,32.060484],[34.7601562,32.0605409],[34.7601728,32.0605943],[34.7601679,32.0606595],[34.7601396,32.0607524],[34.7601282,32.0607985],[34.7601275,32.0608468],[34.7601368,32.0608938],[34.7602983,32.0612826],[34.7603552,32.0614146],[34.7603897,32.0615207],[34.7603986,32.0615481],[34.7604386,32.0616817],[34.7604548,32.0617451],[34.7604586,32.0618163],[34.7604687,32.061867],[34.760485,32.0619151],[34.7605438,32.0619839],[34.7605729,32.0620097],[34.7606244,32.062067],[34.7606698,32.0621269],[34.7607119,32.0622159],[34.7608497,32.0625695],[34.7612649,32.0635751],[34.7614602,32.0640481],[34.7618774,32.0650584],[34.762075,32.0655373],[34.7621002,32.0655985],[34.7624495,32.0664454],[34.762487,32.0665574],[34.7625411,32.0667185],[34.7625796,32.0668699],[34.7626083,32.066981],[34.7626183,32.0670207],[34.7626545,32.0671868],[34.7626833,32.0673252],[34.7627014,32.0673969],[34.7627329,32.0675219],[34.7628142,32.0677439],[34.762907,32.0679953],[34.7629482,32.0680913],[34.7629656,32.0681318],[34.763012,32.0682398],[34.7630184,32.0682777]]},"properties":{"bicycle":"designated","cycleway:surface":"asphalt","cycleway:width":"3","foot":"designated","footway:surface":"concrete","highway":"path","lit":"yes","oneway":"no","segregated":"yes"}},
{"type":"Feature","geometry":{"type":"LineString","coordinates":[[34.8004401,32.0997243],[34.8005877,32.0997388],[34.8009603,32.0997375],[34.8013149,32.0996208],[34.8015065,32.099495]]},"properties":{"bicycle":"designated","foot":"designated","highway":"path","segregated":"yes","surface":"asphalt"}},
{"type":"Feature","geometry":{"type":"LineString","coordinates":[[34.7931881,32.0980926],[34.7931646,32.0980967],[34.7931298,32.0980856],[34.7918527,32.0976934],[34.7910065,32.0974902],[34.7904184,32.0973494],[34.789508,32.0972332],[34.7893993,32.0972238],[34.7889447,32.0971844],[34.7885851,32.0971613],[34.7885435,32.0971589],[34.788313,32.0971216],[34.7882304,32.0971085],[34.7879931,32.0970665],[34.7871482,32.0969167],[34.7864953,32.0968337],[34.7862843,32.0968075],[34.7841694,32.0968168]]},"properties":{"cycleway:surface":"asphalt","foot":"no","highway":"cycleway","segregated":"yes","smoothness":"good","surface":"asphalt"}},
{"type":"Feature","geometry":{"type":"LineString","coordinates":[[34.7954632,32.0854878],[34.7954829,32.0854969],[34.795546,32.0855188],[34.7955968,32.085531],[34.7956476,32.0855367],[34.7957429,32.0855315],[34.7962918,32.085435],[34.7963436,32.0854199],[34.7963705,32.0854064],[34.7964014,32.085398],[34.7964719,32.0853776],[34.7965658,32.0853647],[34.797158,32.0852484],[34.7974742,32.0851856],[34.7974933,32.0851855],[34.7975101,32.0851894],[34.7975379,32.085203],[34.7975509,32.085259],[34.7975709,32.0853456],[34.7975864,32.0854126],[34.7976048,32.0854995],[34.7976551,32.085574],[34.797693,32.0856537],[34.7979438,32.086775],[34.7980406,32.0871436],[34.7983284,32.0880354],[34.7983802,32.0884328],[34.7983804,32.0885141],[34.7983729,32.0885965],[34.7983477,32.0886856],[34.7982564,32.0888779],[34.7981491,32.0889915],[34.7981862,32.0890275],[34.7982067,32.089078],[34.7981859,32.0891547],[34.7981106,32.0893966],[34.7980828,32.0894794],[34.7980891,32.0895559],[34.7980726,32.0897237],[34.7980552,32.0900053],[34.7980712,32.0901636],[34.7981139,32.0903456],[34.7981293,32.0904523],[34.7981199,32.0905345],[34.798167,32.0905524],[34.7982076,32.0906029]]},"properties":{"bicycle":"designated","cycleway:surface":"asphalt","cycleway:width":"2.2","foot":"designated","footway:surface":"paving_stones","highway":"path","oneway":"no","segregated":"yes","surface":"paved"}},
{"type":"Feature","geometry":{"type":"LineString","coordinates":[[34.7817638,32.0712719],[34.7818482,32.0712692],[34.7819287,32.0712681],[34.7819703,32.0712625],[34.7820341,32.0712285]]},"properties":{"bicycle":"designated","cycleway:surface":"asphalt","foot":"designated","footway:surface":"asphalt","highway":"path","lit":"yes","oneway":"no","segregated":"yes"}},
{"type":"Feature","geometry":{"type":"LineString","coordinates":[[34.7886474,32.0770823],[34.788717,32.077103],[34.7888201,32.0771365],[34.7888663,32.0771551],[34.7889153,32.0772095],[34.7889234,32.0772236],[34.7889355,32.0772448]]},"properties":{"bicycle":"designated","cycleway":"crossing","foot":"designated","highway":"path","segregated":"yes"}},
{"type":"Feature","geometry":{"type":"LineString","coordinates":[[34.7811426,32.0794914],[34.7811479,32.079464],[34.7811595,32.0794471],[34.7811784,32.0794333],[34.7811761,32.079329],[34.7811587,32.078531],[34.7811693,32.0781555],[34.7811822,32.0776806],[34.7811822,32.0775544],[34.7812339,32.0772399],[34.7813485,32.076561]]},"properties":{"bicycle":"designated","foot":"designated","highway":"path","oneway":"yes","segregated":"yes","surface":"paved"}},
{"type":"Feature","geometry":{"type":"LineString","coordinates":[[34.7914078,32.0779806],[34.7906619,32.0777197],[34.7903333,32.0775893],[34.7901058,32.0775085],[34.789672,32.0773484]]},"properties":{"bicycle":"designated","highway":"cycleway","oneway":"no","segregated":"yes","surface":"paved"}},
{"type":"Feature","geometry":{"type":"LineString","coordinates":[[34.7871959,32.0908641],[34.7872971,32.0908392],[34.7879384,32.0908403],[34.7880164,32.0908682],[34.7881032,32.0908365],[34.7887756,32.0908536],[34.7888784,32.0908569],[34.7899445,32.0908908],[34.7903974,32.0908977],[34.7904484,32.0908985]]},"properties":{"foot":"no","highway":"cycleway","oneway":"yes","surface":"asphalt"}},
{"type":"Feature","geometry":{"type":"LineString","coordinates":[[34.8251401,32.105663],[34.8251279,32.1054856],[34.8251006,32.10531],[34.825085,32.1052456],[34.8250427,32.1051816],[34.8249917,32.1051465],[34.8249243,32.1050985],[34.824831,32.105045],[34.824532,32.104942],[34.823809,32.104575],[34.8237328,32.1045517],[34.8235439,32.1044938],[34.823403,32.1044771],[34.8233248,32.1044306],[34.8232796,32.1043695],[34.82324,32.104294],[34.8228119,32.1039959],[34.8227136,32.1039044],[34.8226456,32.1038147],[34.822606,32.1037574],[34.8225862,32.1036976],[34.8225723,32.1036172],[34.8225717,32.1035178],[34.8225781,32.1034622],[34.8225964,32.1033981],[34.8226389,32.1033177],[34.8226737,32.1032638],[34.8227196,32.1032154],[34.8227761,32.1031809],[34.8228271,32.1031488],[34.8229105,32.1030769],[34.8230114,32.1030199],[34.8231831,32.1029357],[34.8234499,32.1028256],[34.823565,32.1027781],[34.8235903,32.1027526],[34.8236108,32.102719],[34.8236238,32.1026857],[34.8236306,32.1026554],[34.8236321,32.1025931],[34.823616,32.1025156],[34.8236001,32.102469],[34.8235702,32.102403],[34.8235482,32.1023707],[34.8235043,32.1023347],[34.8234607,32.1023159],[34.8234176,32.1023079],[34.8233557,32.1023022],[34.8232505,32.1022946],[34.8230795,32.1022806],[34.8228564,32.1022614],[34.8226837,32.102233],[34.822394,32.102165],[34.8215315,32.1018694],[34.821491,32.101855],[34.8212119,32.101726],[34.821162,32.1016932],[34.8211212,32.1016501],[34.8210982,32.1016147],[34.820908,32.1012527],[34.820889,32.1011831],[34.8208817,32.1011138],[34.8208805,32.1010241],[34.8208843,32.1009739],[34.8208996,32.1008933],[34.8209185,32.100811],[34.8209361,32.1007582],[34.8209776,32.1006697],[34.821024,32.1006063],[34.8212275,32.100389],[34.8213306,32.1002414],[34.8214141,32.1001622],[34.8215526,32.1000125],[34.8216144,32.0999391],[34.8216715,32.0998676],[34.8217017,32.0998341],[34.8217261,32.0997771],[34.8217751,32.0996396],[34.8218268,32.0995072],[34.8218859,32.0993641],[34.82191,32.0992686],[34.8219034,32.0991823],[34.8218819,32.0990957],[34.8218309,32.0990044],[34.8217759,32.098946],[34.8217004,32.0988671],[34.8216176,32.0987665],[34.8215738,32.0987004],[34.8215224,32.0986245],[34.8213966,32.0984118],[34.8212732,32.0982333],[34.8211258,32.0980628],[34.8210779,32.0980074],[34.8210224,32.0979723],[34.820966,32.0979564],[34.8209072,32.0979357],[34.820797,32.0977884],[34.8207613,32.0977123],[34.8206239,32.0975497],[34.8202929,32.0971549],[34.8201711,32.0968307],[34.8201343,32.0967775],[34.8198463,32.0965613],[34.8196968,32.0964991],[34.8195519,32.0964664],[34.8194397,32.0964598],[34.8193791,32.0964681],[34.8193233,32.0964934],[34.8192759,32.0965349],[34.8192244,32.0966008],[34.819154,32.0967614],[34.8191363,32.0971591],[34.8190243,32.09764],[34.8189769,32.0977485],[34.8188681,32.0978475],[34.8186862,32.0980058],[34.8184636,32.0981172],[34.8183102,32.098181],[34.8181963,32.0982272],[34.8180944,32.0982681],[34.8179709,32.0982986],[34.8178525,32.0983103],[34.8177236,32.0983126],[34.8175886,32.0983092],[34.817394,32.098323],[34.8171464,32.0983433],[34.8169737,32.0983575],[34.8159625,32.0985363],[34.815848,32.0985404],[34.8157156,32.0985332],[34.8156008,32.0985145],[34.8154941,32.0984817],[34.8153871,32.0984344],[34.8153264,32.0984003],[34.8152359,32.0983382],[34.8151721,32.0983032],[34.8151404,32.0982626],[34.8150534,32.0981776],[34.814961,32.0980548],[34.8149528,32.098002],[34.8149127,32.0978928],[34.8148087,32.0976526],[34.8147029,32.0974231],[34.8144513,32.0970704],[34.81426,32.0968597],[34.81405,32.096656],[34.813652,32.096341],[34.813497,32.096274],[34.813089,32.096213],[34.8126543,32.0962143],[34.8125082,32.0962207],[34.8121332,32.0962792],[34.8118451,32.0963099],[34.8116069,32.096392],[34.8115256,32.0964047],[34.8111831,32.0963778]]},"properties":{"bicycle":"designated","foot":"designated","highway":"path","oneway":"no","segregated":"yes","surface":"asphalt"}},
{"type":"Feature","geometry":{"type":"LineString","coordinates":[[34.777683,32.0981554],[34.7777238,32.098264],[34.7777347,32.0983399],[34.7777623,32.0984044],[34.7780372,32.0989455]]},"properties":{"highway":"cycleway","oneway":"no","surface":"asphalt"}},
{"type":"Feature","geometry":{"type":"LineString","coordinates":[[34.7775264,32.1025826],[34.7775012,32.1026821],[34.7774574,32.1029153],[34.7774426,32.1029696]]},"properties":{"bicycle":"designated","foot":"designated","highway":"path","oneway":"no","segregated":"yes","surface":"concrete"}},
{"type":"Feature","geometry":{"type":"LineString","coordinates":[[34.7780372,32.0989455],[34.7783476,32.0995489],[34.7783898,32.0997156],[34.7784019,32.1000371],[34.7783988,32.100291],[34.7783797,32.1004451],[34.7783631,32.100488],[34.7783154,32.1006052],[34.7782477,32.1007718],[34.7781369,32.1010458],[34.7779652,32.101313],[34.7779239,32.1013773],[34.7778129,32.10153],[34.7777461,32.1015998],[34.7776705,32.101679],[34.7775917,32.1018149],[34.7775652,32.1018637],[34.7775511,32.1019343],[34.7775453,32.1020232],[34.7775426,32.1020657],[34.7775634,32.1022893],[34.7775795,32.1024877],[34.7775733,32.1025271],[34.7775264,32.1025826]]},"properties":{"foot":"no","highway":"cycleway","surface":"asphalt"}},
{"type":"Feature","geometry":{"type":"LineString","coordinates":[[34.7777497,32.0975622],[34.7778287,32.0976525],[34.7778684,32.0977276],[34.7779371,32.0977988],[34.778004,32.0978412]]},"properties":{"bicycle":"designated","highway":"footway","surface":"paving_stones"}},
{"type":"Feature","geometry":{"type":"LineString","coordinates":[[34.7601815,32.0356653],[34.7601229,32.0354571]]},"properties":{"bicycle":"designated","foot":"designated","highway":"path","segregated":"no"}},
{"type":"Feature","geometry":{"type":"LineString","coordinates":[[34.7605268,32.0359535],[34.7605088,32.035957]]},"properties":{"bicycle":"designated","foot":"designated","highway":"path","lit":"yes","segregated":"no","surface":"paving_stones"}},
{"type":"Feature","geometry":{"type":"LineString","coordinates":[[34.7603644,32.0354098],[34.7603777,32.0354067]]},"properties":{"bicycle":"designated","foot":"designated","highway":"path","lit":"yes","segregated":"no","surface":"paving_stones"}},
{"type":"Feature","geometry":{"type":"LineString","coordinates":[[34.7974028,32.0591625],[34.7974314,32.0592105],[34.7974481,32.059754],[34.7974489,32.0597819]]},"properties":{"bicycle":"designated","foot":"designated","highway":"path","name":"1116","name:he":"1116","segregated":"yes"}},
{"type":"Feature","geometry":{"type":"LineString","coordinates":[[34.7763081,32.0364717],[34.7762513,32.0364496],[34.7762184,32.0364182]]},"properties":{"highway":"cycleway"}},
{"type":"Feature","geometry":{"type":"LineString","coordinates":[[34.7772023,32.0365433],[34.777137,32.0365193],[34.776911,32.0364949],[34.776829,32.0364869],[34.7767001,32.0364631],[34.7765308,32.0364267],[34.7764894,32.0364243],[34.7764616,32.0364318],[34.7764281,32.0364543],[34.7763947,32.0364721],[34.7763677,32.0364773],[34.7763379,32.0364783],[34.7763081,32.0364717]]},"properties":{"highway":"cycleway"}},
{"type":"Feature","geometry":{"type":"LineString","coordinates":[[34.7992346,32.0644399],[34.7992265,32.0644967],[34.7992018,32.0646234],[34.7991491,32.0649054],[34.7990749,32.0649074],[34.7989498,32.0654981],[34.7989166,32.0659035],[34.798909,32.0661303],[34.798929,32.0670716],[34.7989545,32.06726],[34.7990418,32.0679052],[34.7990759,32.0681573],[34.7991136,32.0683381],[34.7991253,32.0683909],[34.7991812,32.0686425],[34.7992157,32.0687975],[34.7992471,32.0688853],[34.7993402,32.0691451],[34.7994149,32.0693536],[34.7995042,32.0696027],[34.7995875,32.0698352],[34.7996372,32.0699741],[34.7996135,32.0700811]]},"properties":{"bicycle":"yes","check_date:cycleway:surface":"2026-08-03","check_date:surface":"2026-08-03","cycleway:surface":"asphalt","footway:surface":"paving_stones","highway":"cycleway","oneway":"yes","segregated":"yes","surface":"paved"}},
{"type":"Feature","geometry":{"type":"LineString","coordinates":[[34.7967029,32.0647224],[34.7967072,32.0646879],[34.796786,32.0640527],[34.7967958,32.0639732],[34.7967956,32.0639605],[34.7967396,32.0639561]]},"properties":{"bicycle":"designated","foot":"designated","footway:surface":"paving_stones","highway":"path","oneway":"no","segregated":"yes","surface":"asphalt"}},
{"type":"Feature","geometry":{"type":"LineString","coordinates":[[34.80939,32.0950652],[34.8090683,32.0950704],[34.8089861,32.0950582],[34.8089053,32.0950414],[34.8087638,32.0950362],[34.8082416,32.0950426],[34.8081682,32.0950433],[34.8080175,32.0950592],[34.8077724,32.0951077],[34.8076768,32.0951536],[34.8076115,32.0951849],[34.8074817,32.095281],[34.8074203,32.0953521],[34.8073445,32.0954672],[34.8072843,32.0955251],[34.8072044,32.0956297],[34.8071848,32.0956442]]},"properties":{"cycleway:surface":"asphalt","footway:surface":"asphalt","highway":"cycleway","oneway":"no","surface":"asphalt"}},
{"type":"Feature","geometry":{"type":"LineString","coordinates":[[34.7549409,32.0363024],[34.7547459,32.0361404],[34.7547554,32.0361069],[34.7547686,32.0360652]]},"properties":{"bicycle":"designated","foot":"designated","highway":"path","segregated":"yes"}},
{"type":"Feature","geometry":{"type":"LineString","coordinates":[[34.755026,32.0363865],[34.7550805,32.0364784],[34.7551721,32.0366535],[34.7552366,32.0368016],[34.7553691,32.0371241],[34.7554854,32.0374346],[34.7556091,32.0376614],[34.7557014,32.0378588],[34.7557501,32.0379833],[34.7557954,32.0380863]]},"properties":{"bicycle":"designated","foot":"designated","highway":"path","oneway":"no","segregated":"yes","surface":"asphalt"}},
{"type":"Feature","geometry":{"type":"LineString","coordinates":[[34.755026,32.0363865],[34.7549952,32.0363565],[34.7549409,32.0363024]]},"properties":{"bicycle":"designated","foot":"designated","highway":"path"}},
{"type":"Feature","geometry":{"type":"LineString","coordinates":[[34.7585657,32.0363617],[34.7581592,32.0363668],[34.7573287,32.036361],[34.7558156,32.0363127],[34.755385,32.0363057],[34.7552192,32.0363165],[34.7551001,32.0363492],[34.755026,32.0363865]]},"properties":{"bicycle":"designated","foot":"designated","highway":"path","segregated":"yes"}},
{"type":"Feature","geometry":{"type":"LineString","coordinates":[[34.7543702,32.0359244],[34.7542472,32.0358613],[34.7540867,32.0357931],[34.7534368,32.0355625],[34.7533051,32.0355114],[34.7531918,32.035454],[34.7530697,32.0353742],[34.7529358,32.035268],[34.7525314,32.0349172],[34.7524228,32.0347926],[34.7522728,32.0346132],[34.7522018,32.0344889],[34.7521117,32.0343096],[34.7520075,32.0340935]]},"properties":{"bicycle":"designated","foot":"designated","highway":"path","segregated":"yes"}},
{"type":"Feature","geometry":{"type":"LineString","coordinates":[[34.7508141,32.0520151],[34.75062,32.0520758]]},"properties":{"cycleway":"lane","highway":"residential","name":"יהודה הימית","name:en":"Yehuda HaYamit","name:he":"יהודה הימית","name:ro":"Yehuda HaYamit","oneway":"no","surface":"asphalt"}},
{"type":"Feature","geometry":{"type":"LineString","coordinates":[[34.7605912,32.06066],[34.7606221,32.0606522],[34.7607472,32.0606208],[34.7607852,32.0606112],[34.7608373,32.0606245],[34.7609007,32.0606407],[34.7611016,32.0606537],[34.7611853,32.0606658],[34.761226,32.0606939],[34.7614203,32.0608625],[34.7614532,32.0608966],[34.7614838,32.0609088],[34.7614843,32.0609314],[34.7614865,32.0609948],[34.761499,32.061029],[34.7618214,32.061411],[34.7620641,32.0617316],[34.7623486,32.062066],[34.7625427,32.0622969],[34.7626157,32.0623681],[34.762664,32.0623374],[34.7627324,32.0623044],[34.7627955,32.0622862],[34.7628934,32.0622737],[34.7629859,32.0623203],[34.763005,32.0623454],[34.7630882,32.0624547],[34.7631321,32.0625124],[34.7632723,32.0626663],[34.763528,32.0629707],[34.7635545,32.0630118],[34.7636345,32.0631521],[34.7637353,32.0634332],[34.7638228,32.0639477],[34.7638484,32.0640268],[34.7638874,32.064106],[34.7639896,32.0642257],[34.7641462,32.0643756],[34.7641475,32.064436]]},"properties":{"bicycle":"designated","foot":"designated","footway":"path","highway":"path","segregated":"no"}},
{"type":"Feature","geometry":{"type":"LineString","coordinates":[[34.7815736,32.1017995],[34.7815002,32.1016323],[34.781504,32.1013953],[34.7817194,32.1009315],[34.7821067,32.1003456],[34.782869,32.0990268],[34.7829346,32.0990094],[34.7830566,32.0988056]]},"properties":{"bicycle":"designated","foot":"yes","highway":"cycleway","one":"no"}},
{"type":"Feature","geometry":{"type":"LineString","coordinates":[[34.7819222,32.102143],[34.7818521,32.1021405],[34.7818046,32.1021629],[34.7817434,32.1021426],[34.7817197,32.1021155],[34.781696,32.1021021],[34.7816129,32.102047],[34.7815762,32.1020292],[34.7815604,32.1020218],[34.781593,32.1019413],[34.7816055,32.1018908],[34.7816288,32.1018586],[34.7815736,32.1017995]]},"properties":{"bicycle":"yes","highway":"cycleway","segregated":"no"}},
{"type":"Feature","geometry":{"type":"LineString","coordinates":[[34.7912349,32.122986],[34.7911878,32.1230175],[34.7911206,32.123049],[34.7909997,32.1230779],[34.789312,32.1233735],[34.789135,32.1234092],[34.7890022,32.123443],[34.7889272,32.123409],[34.7888548,32.1233657],[34.7887832,32.1233138],[34.7887294,32.1232625],[34.7883698,32.1233491],[34.7883691,32.1234136],[34.7883503,32.1234858],[34.7883006,32.1235384],[34.7882282,32.1235572],[34.7880813,32.1235664],[34.7878776,32.1235313],[34.7877519,32.1235121],[34.7876656,32.1235078],[34.7875123,32.1235273],[34.7872023,32.1236097],[34.7867498,32.1237253],[34.7864541,32.1238033],[34.7862686,32.1238425],[34.7861556,32.1238354],[34.7860376,32.1238011],[34.7859708,32.1237736],[34.78591,32.1237092],[34.7858312,32.1235564],[34.7856671,32.1231613],[34.785623,32.1230723],[34.7855784,32.1230512],[34.7855446,32.1230376],[34.7854845,32.1230357],[34.7854612,32.1230437]]},"properties":{"highway":"cycleway","surface":"asphalt"}},
{"type":"Feature","geometry":{"type":"LineString","coordinates":[[34.7913961,32.1234059],[34.7913873,32.1234737],[34.7913875,32.1235028],[34.7914109,32.1235417],[34.7914406,32.1235743],[34.7914764,32.1236227],[34.7915039,32.123697],[34.791604,32.1242659],[34.7917217,32.1248709],[34.7917292,32.1249791],[34.7917243,32.1250387],[34.7917065,32.125101],[34.7917146,32.1251843],[34.7917459,32.1252564],[34.7918047,32.1253932],[34.7921579,32.1272092],[34.7921384,32.1272798],[34.7921441,32.1273537],[34.7921649,32.1274238],[34.7922237,32.1275288],[34.7923567,32.1282937],[34.7924145,32.1283878]]},"properties":{"highway":"cycleway"}},
{"type":"Feature","geometry":{"type":"LineString","coordinates":[[34.7878019,32.1028762],[34.7865132,32.1027036],[34.7857396,32.1025835],[34.784915,32.1024815],[34.7848853,32.1024778],[34.7848455,32.1024728],[34.7847502,32.1024618],[34.7846711,32.1024517],[34.7845406,32.1024351],[34.7834539,32.1023369],[34.7826779,32.1022046],[34.7819222,32.102143]]},"properties":{"bicycle":"designated","cycleway:surface":"asphalt","foot":"designated","footway:surface":"paving_stones","highway":"path","segregated":"yes","surface":"paved"}},
{"type":"Feature","geometry":{"type":"LineString","coordinates":[[34.7928487,32.124779],[34.7927203,32.1241212],[34.7926453,32.1237986]]},"properties":{"bicycle":"designated","foot":"designated","highway":"path","segregated":"yes","surface":"asphalt"}},
{"type":"Feature","geometry":{"type":"LineString","coordinates":[[34.7931905,32.123705],[34.7931058,32.1232734],[34.7930721,32.1231019]]},"properties":{"bicycle":"designated","foot":"yes","highway":"path","segregated":"no"}},
{"type":"Feature","geometry":{"type":"LineString","coordinates":[[34.7917987,32.1233199],[34.791843,32.1233409],[34.7919155,32.1233019],[34.7919863,32.1232854],[34.7930721,32.1231019],[34.7932854,32.1230658],[34.7939365,32.1230017]]},"properties":{"bicycle":"designated","foot":"designated","highway":"path","segregated":"yes"}},
{"type":"Feature","geometry":{"type":"LineString","coordinates":[[34.7954095,32.1224441],[34.7973453,32.1221364],[34.8000122,32.1217287]]},"properties":{"bicycle":"designated","foot":"designated","highway":"path","segregated":"yes"}},
{"type":"Feature","geometry":{"type":"LineString","coordinates":[[34.7996827,32.0706581],[34.7996476,32.070574],[34.7995662,32.0703684],[34.7994738,32.0701527],[34.7993919,32.0699477],[34.7992952,32.0697258],[34.7992083,32.0695223],[34.7991217,32.0692662],[34.7990483,32.0690526],[34.7989909,32.0688453],[34.7989204,32.0686252],[34.7988754,32.0683785],[34.7988673,32.068341],[34.7988271,32.0681591],[34.7987976,32.0680251],[34.7987909,32.0679456],[34.7987688,32.0677156],[34.798748,32.0675065],[34.79874,32.0672726],[34.7987332,32.0670761],[34.7987426,32.066226],[34.7987479,32.0661623],[34.7987735,32.065851],[34.7988326,32.0649747],[34.7989188,32.0645164],[34.7989404,32.0643866],[34.798922,32.0643542],[34.7988947,32.0643299]]},"properties":{"bicycle":"yes","highway":"cycleway","oneway":"yes","segregated":"yes","surface":"asphalt"}},
{"type":"Feature","geometry":{"type":"LineString","coordinates":[[34.8083357,32.1005612],[34.80837,32.10046],[34.8084935,32.1003108],[34.808533,32.100263],[34.808669,32.1002137],[34.808773,32.10022],[34.8089036,32.1002348]]},"properties":{"bicycle":"designated","foot":"designated","highway":"path","oneway":"no","segregated":"yes"}},
{"type":"Feature","geometry":{"type":"LineString","coordinates":[[34.7849268,32.1022003],[34.7849671,32.1021715],[34.7851915,32.1021586],[34.7854703,32.1020644],[34.7859992,32.1018856],[34.7870163,32.1015372],[34.7892127,32.1009423],[34.7893683,32.1009487]]},"properties":{"bicycle":"designated","foot":"designated","highway":"path","name":"2364","segregated":"yes","surface":"paved"}},
{"type":"Feature","geometry":{"type":"LineString","coordinates":[[34.7993991,32.0640946],[34.7993566,32.0641071],[34.7993259,32.0641162],[34.7992529,32.0641244],[34.799077,32.0641045],[34.7989557,32.0641383]]},"properties":{"cycleway":"crossing","footway":"crossing","highway":"path","segregated":"yes"}},
{"type":"Feature","geometry":{"type":"LineString","coordinates":[[34.799176,32.0470689],[34.7992613,32.047498],[34.7995642,32.0491192],[34.7997046,32.0498005],[34.7997104,32.0498284],[34.7997171,32.0498609],[34.7997256,32.0499024],[34.7997322,32.0499349],[34.7999027,32.0507724],[34.7999606,32.0512281],[34.8000846,32.0518535],[34.8002976,32.053275],[34.8003005,32.0533216],[34.8003079,32.0533625],[34.8003799,32.0543484],[34.800389,32.0544538],[34.800403,32.0544998],[34.8003899,32.0545135],[34.8003706,32.0545311],[34.8003649,32.0545612],[34.800373,32.0546632],[34.8003747,32.0546815],[34.8003977,32.0546811],[34.8003982,32.0547158],[34.8003987,32.0547448],[34.8003818,32.0547444],[34.8003818,32.0548044],[34.8004213,32.0552359],[34.8004512,32.0558031],[34.8004595,32.0559829],[34.800484,32.0564974],[34.8004848,32.0565135],[34.8004965,32.0567577],[34.8005064,32.0569661],[34.8005188,32.057249],[34.8005346,32.0576117],[34.8005342,32.0577319],[34.8005338,32.0578851],[34.8005327,32.0582356],[34.8005309,32.0588547],[34.8005362,32.0590701],[34.8005367,32.0591281],[34.8005329,32.0592344],[34.8005329,32.0592721],[34.8005269,32.0593169],[34.8005219,32.059436]]},"properties":{"bicycle":"designated","foot":"no","highway":"cycleway","motor_vehicle":"no","oneway":"yes","segregated":"yes","surface":"paved"}},
{"type":"Feature","geometry":{"type":"LineString","coordinates":[[34.777469,32.0392391],[34.7777129,32.0391131]]},"properties":{"bicycle":"designated","foot":"designated","highway":"path","segregated":"yes"}},
{"type":"Feature","geometry":{"type":"LineString","coordinates":[[34.7726986,32.0420688],[34.772488,32.0422124]]},"properties":{"bicycle":"designated","foot":"designated","highway":"path","segregated":"no"}},
{"type":"Feature","geometry":{"type":"LineString","coordinates":[[34.7772711,32.0393412],[34.777469,32.0392391]]},"properties":{"bicycle":"designated","foot":"designated","highway":"path","segregated":"no"}},
{"type":"Feature","geometry":{"type":"LineString","coordinates":[[34.772053,32.0428538],[34.7722237,32.0431732],[34.7722965,32.0433024],[34.7723621,32.0434363],[34.7724612,32.0435746],[34.7725361,32.0436815],[34.7726816,32.043853],[34.7729204,32.0441344],[34.7729975,32.0442252],[34.7731398,32.0443722],[34.7731561,32.0444438],[34.7731309,32.0445594],[34.772999,32.0448095],[34.7729589,32.0449603],[34.7729403,32.0450194]]},"properties":{"bicycle":"designated","foot":"no","highway":"cycleway","one":"no","segregated":"yes"}},
{"type":"Feature","geometry":{"type":"LineString","coordinates":[[34.7777129,32.0391131],[34.7778596,32.0390374],[34.7779439,32.0390209],[34.777985,32.0389648]]},"properties":{"bicycle":"designated","foot":"designated","highway":"path","segregated":"no"}},
{"type":"Feature","geometry":{"type":"LineString","coordinates":[[34.772488,32.0422124],[34.7724268,32.0422787],[34.7723506,32.0423345],[34.7723198,32.0423851],[34.7722786,32.042413],[34.7722087,32.0424269],[34.772149,32.0424601],[34.7719289,32.042624],[34.7718219,32.0427496]]},"properties":{"bicycle":"designated","foot":"designated","highway":"path","segregated":"yes"}},
{"type":"Feature","geometry":{"type":"LineString","coordinates":[[34.772053,32.0428538],[34.7718219,32.0427496],[34.771791,32.0427356]]},"properties":{"bicycle":"designated","foot":"designated","highway":"path"}},
{"type":"Feature","geometry":{"type":"LineString","coordinates":[[34.7772711,32.0393412],[34.777085,32.039438],[34.77605,32.0400129],[34.7751774,32.0405829]]},"properties":{"bicycle":"designated","foot":"designated","highway":"path","segregated":"yes"}},
{"type":"Feature","geometry":{"type":"LineString","coordinates":[[34.7743439,32.041157],[34.7741541,32.041268],[34.7740446,32.04129],[34.7732318,32.0417214],[34.7726986,32.0420688]]},"properties":{"bicycle":"designated","foot":"designated","highway":"path","segregated":"yes"}},
{"type":"Feature","geometry":{"type":"LineString","coordinates":[[34.7751774,32.0405829],[34.7749927,32.040706],[34.7749229,32.0407525],[34.7748542,32.0408001],[34.7748227,32.0408074],[34.774799,32.0408095],[34.7743439,32.041157]]},"properties":{"bicycle":"designated","foot":"designated","highway":"path","segregated":"yes"}},
{"type":"Feature","geometry":{"type":"LineString","coordinates":[[34.7778489,32.0478062],[34.7778858,32.0477949],[34.7780356,32.047749]]},"properties":{"bicycle":"designated","foot":"designated","highway":"path","segregated":"no"}},
{"type":"Feature","geometry":{"type":"LineString","coordinates":[[34.7798513,32.0473085],[34.7806559,32.0471692],[34.7806586,32.0471964]]},"properties":{"bicycle":"designated","foot":"designated","highway":"path","segregated":"no"}},
{"type":"Feature","geometry":{"type":"LineString","coordinates":[[34.7732406,32.0494667],[34.7732875,32.0494496],[34.7733283,32.0494346],[34.7733893,32.0494012],[34.7734475,32.0493693],[34.7735039,32.0493297],[34.7735802,32.0492541],[34.7735982,32.0492305],[34.7736766,32.049236],[34.773742,32.0492314],[34.7738675,32.0491868],[34.774215,32.0490511],[34.7745832,32.0489249],[34.7754844,32.0485948],[34.7756475,32.0485059],[34.7757773,32.0484819],[34.7758656,32.0484531],[34.7759189,32.0484347],[34.7759687,32.0484176],[34.7762578,32.0483035],[34.7763154,32.0482808],[34.7767229,32.048153],[34.7778489,32.0478062]]},"properties":{"bicycle":"designated","foot":"designated","highway":"path","segregated":"yes"}},
{"type":"Feature","geometry":{"type":"LineString","coordinates":[[34.7780356,32.047749],[34.7789415,32.0474975],[34.7791432,32.0474556],[34.7798513,32.0473085]]},"properties":{"bicycle":"designated","foot":"designated","highway":"path","segregated":"yes"}},
{"type":"Feature","geometry":{"type":"LineString","coordinates":[[34.7687325,32.0849491],[34.7692528,32.0864284],[34.7694408,32.0868984]]},"properties":{"bicycle":"designated","foot":"designated","highway":"path","oneway":"no","segregated":"yes"}},
{"type":"Feature","geometry":{"type":"LineString","coordinates":[[34.767511,32.0813086],[34.7674672,32.0814629],[34.7675763,32.0817995],[34.7677271,32.0820565],[34.7679793,32.0824982],[34.7680573,32.0827207],[34.7681219,32.0828739],[34.7682424,32.0831799],[34.768724,32.0842304],[34.7687913,32.0843772],[34.7688286,32.084499],[34.768832,32.0846447],[34.7687845,32.0847151],[34.7687334,32.0847647],[34.7687078,32.0848111],[34.7687066,32.0848472],[34.7687325,32.0849491]]},"properties":{"bicycle":"designated","cycleway:surface":"asphalt","foot":"designated","footway:surface":"paving_stones","highway":"path","lit":"yes","name":"הטיילת ע\"ש שלמה להט","name:en":"Shlomo (Cheech) Lahat Promenade","name:he":"הטיילת ע\"ש שלמה להט","oneway":"no","segregated":"yes"}},
{"type":"Feature","geometry":{"type":"LineString","coordinates":[[34.7838381,32.0955129],[34.7838412,32.0955481],[34.7838427,32.0957092],[34.7837501,32.0972013]]},"properties":{"bicycle":"designated","bridge":"yes","cycleway:surface":"asphalt","cycleway:width":"1.1","foot":"designated","footway:surface":"paving_stones","highway":"path","layer":"1","lit":"yes","name":"גשר בר יהודה","name:en":"Bar Yehuda","name:he":"גשר בר יהודה","oneway":"yes","oneway:mtb":"yes","segregated":"yes","source:cycleway:width":"ARCore","surface":"paved"}},
{"type":"Feature","geometry":{"type":"LineString","coordinates":[[34.7837501,32.0972013],[34.7837386,32.097355]]},"properties":{"bicycle":"designated","cycleway:surface":"asphalt","cycleway:width":"1.1","foot":"designated","footway:surface":"paving_stones","highway":"path","oneway":"yes","oneway:mtb":"yes","segregated":"yes","surface":"paved"}},
{"type":"Feature","geometry":{"type":"LineString","coordinates":[[34.7837133,32.0946626],[34.7837883,32.0951221]]},"properties":{"bicycle":"designated","foot":"designated","footway":"sidewalk","highway":"footway","surface":"paving_stones"}},
{"type":"Feature","geometry":{"type":"LineString","coordinates":[[34.7837883,32.0951221],[34.7837976,32.095239],[34.7837994,32.0952495],[34.7838182,32.0953799],[34.7838299,32.09546],[34.7838381,32.0955129]]},"properties":{"bicycle":"designated","foot":"designated","footway":"sidewalk","highway":"footway"}},
{"type":"Feature","geometry":{"type":"LineString","coordinates":[[34.7717604,32.0630872],[34.7717745,32.0630901],[34.7717912,32.063095],[34.7729207,32.0634117],[34.7729538,32.063421],[34.7730147,32.063441]]},"properties":{"foot":"no","highway":"cycleway","lit":"yes","surface":"asphalt"}},
{"type":"Feature","geometry":{"type":"LineString","coordinates":[[34.7837386,32.097355],[34.7837798,32.0973909],[34.7837144,32.0983539],[34.7837532,32.0983843],[34.7838127,32.0984309]]},"properties":{"highway":"cycleway","oneway":"yes","source:width":"ARCore","surface":"paving_stones","width":"1.8"}},
{"type":"Feature","geometry":{"type":"LineString","coordinates":[[34.7717515,32.0632001],[34.7717667,32.0631582],[34.7717761,32.0631339],[34.7717912,32.063095],[34.771801,32.063071]]},"properties":{"bicycle":"designated","foot":"designated","highway":"path","lit":"yes","segregated":"no","surface":"asphalt"}},
{"type":"Feature","geometry":{"type":"LineString","coordinates":[[34.7730147,32.063441],[34.7733668,32.0635601],[34.7738003,32.0637032],[34.7738351,32.0637147],[34.774458,32.0639179],[34.7749091,32.0640575],[34.7753978,32.0642115],[34.7755461,32.0642586],[34.7756116,32.0642794],[34.7756689,32.0643139],[34.7759759,32.0645948],[34.7763897,32.0649903],[34.7768254,32.0653921]]},"properties":{"foot":"no","highway":"cycleway","lit":"yes","oneway":"no","smoothness":"good","surface":"concrete","width":"6"}},
{"type":"Feature","geometry":{"type":"LineString","coordinates":[[34.7834902,32.0955038],[34.7835072,32.0953943],[34.7835276,32.0953452],[34.7835375,32.0951633],[34.7835071,32.0947768],[34.783404,32.0942042]]},"properties":{"bicycle":"designated","foot":"designated","footway":"sidewalk","footway:surface":"paving_stones","highway":"footway","mtb:name":"שביל אבן גבירול","mtb:name:he":"שביל אבן גבירול","surface":"paved"}},
{"type":"Feature","geometry":{"type":"LineString","coordinates":[[34.7991942,32.0609325],[34.7996851,32.0610104],[34.8000673,32.0610402],[34.8001006,32.0610415]]},"properties":{"bicycle":"designated","foot":"designated","highway":"path","segregated":"yes"}},
{"type":"Feature","geometry":{"type":"LineString","coordinates":[[34.7990004,32.0616482],[34.7982178,32.0616015],[34.7981153,32.0615954],[34.7978843,32.0615924],[34.7973486,32.0615844],[34.7973677,32.0625553]]},"properties":{"bicycle":"designated","foot":"designated","highway":"service","maxspeed":"30","name":"משעול שירה","name:he":"משעול שירה","parking:right:zone":"4"}},
{"type":"Feature","geometry":{"type":"LineString","coordinates":[[34.8197586,32.1212383],[34.8189643,32.1219603],[34.8188208,32.1220901],[34.8187644,32.1221356],[34.8186696,32.1222071],[34.8184899,32.1223185],[34.8182199,32.12242],[34.8181292,32.1224311]]},"properties":{"bicycle":"designated","highway":"footway","oneway:mtb":"yes","segregated":"yes"}},
{"type":"Feature","geometry":{"type":"LineString","coordinates":[[34.8133343,32.0487567],[34.8132381,32.0492027],[34.8124923,32.0491124],[34.8124495,32.0491072],[34.8123976,32.049382]]},"properties":{"cycleway":"no","foot":"yes","highway":"residential","maxspeed":"30","name":"אליעזר לבונה","name:en":"Eliezer Levona","name:he":"אליעזר לבונה","oneway":"no","sidewalk":"both","surface":"asphalt"}},
{"type":"Feature","geometry":{"type":"LineString","coordinates":[[34.8108258,32.0543691],[34.8109285,32.0542859],[34.8115275,32.0537507],[34.8119927,32.0533034],[34.8122126,32.0530524],[34.8128691,32.052303],[34.8132652,32.0516966],[34.8133367,32.0515508],[34.8135209,32.0511916],[34.8136215,32.0509146],[34.8136814,32.0505516],[34.8137314,32.049856]]},"properties":{"bicycle":"designated","check_date:surface":"2024-08-30","cycleway:surface":"asphalt","cycleway:width":"2.5","fixme":"unfinished","foot":"designated","footway:surface":"asphalt","highway":"path","oneway":"no","segregated":"yes","source:cycleway:width":"ARCore","surface":"asphalt"}},
{"type":"Feature","geometry":{"type":"LineString","coordinates":[[34.8152604,32.1254687],[34.8151448,32.1254585],[34.8151169,32.1254394],[34.8149817,32.1253122],[34.8148755,32.1251396],[34.8147575,32.1248397],[34.8147908,32.1247145]]},"properties":{"highway":"cycleway"}},
{"type":"Feature","geometry":{"type":"LineString","coordinates":[[34.7828828,32.0915999],[34.7829073,32.0916007],[34.7829424,32.0916052],[34.7829689,32.0916132],[34.783004,32.0916278],[34.783031,32.091642]]},"properties":{"alt_name:en":"Sderot Nordau;Sderot Nordeo","cycleway":"track","highway":"tertiary","lanes":"2","lit":"yes","name":"שדרות נורדאו","name:ar":"جادة نورداو","name:en":"Nordau Avenue","name:he":"שדרות נורדאו","oneway":"yes","surface":"asphalt"}},
{"type":"Feature","geometry":{"type":"LineString","coordinates":[[34.7723334,32.0935361],[34.7723474,32.0935745],[34.7723832,32.0936857],[34.7726358,32.0944347],[34.7726498,32.0944724],[34.7726938,32.0945912],[34.7729062,32.0951808],[34.7731171,32.0958211]]},"properties":{"highway":"cycleway","oneway":"no","surface":"asphalt"}},
{"type":"Feature","geometry":{"type":"LineString","coordinates":[[34.7719771,32.0936539],[34.7720028,32.0936298],[34.7723149,32.0935414],[34.7723334,32.0935361],[34.7724166,32.0935125],[34.7733993,32.0932411],[34.773412,32.0932256],[34.7734173,32.0932131],[34.773416,32.0931904],[34.7733972,32.0931404]]},"properties":{"bicycle":"designated","foot":"designated","highway":"path","lit":"yes","segregated":"yes","surface":"asphalt"}},
{"type":"Feature","geometry":{"type":"LineString","coordinates":[[34.7594779,32.0475743],[34.7595402,32.0475668],[34.7593955,32.0468691],[34.7593906,32.0467877],[34.7594079,32.0467484],[34.759475,32.0466996],[34.7596422,32.0466576],[34.7606605,32.0464288],[34.7620572,32.046115],[34.7625312,32.0459987]]},"properties":{"bicycle":"designated","foot":"designated","highway":"path","segregated":"yes","surface":"asphalt"}},
{"type":"Feature","geometry":{"type":"LineString","coordinates":[[34.7973758,32.1080515],[34.7973527,32.1080576],[34.7973021,32.107909],[34.7972823,32.1079157],[34.7969653,32.1080439],[34.7961987,32.1081924],[34.7958975,32.1082819],[34.7958484,32.1095436],[34.7958368,32.1096095]]},"properties":{"bicycle":"designated","foot":"yes","highway":"path","surface":"paving_stones"}},
{"type":"Feature","geometry":{"type":"LineString","coordinates":[[34.7975519,32.1080102],[34.7973758,32.1080515]]},"properties":{"bicycle":"designated","bridge":"yes","foot":"yes","highway":"path","layer":"1","surface":"paving_stones"}},
{"type":"Feature","geometry":{"type":"LineString","coordinates":[[34.8074383,32.1110902],[34.8074582,32.1112212],[34.8074719,32.1113439],[34.8074824,32.1117545],[34.8074994,32.1124086],[34.8074969,32.1134064]]},"properties":{"alt_name:en":"Klauzner","bicycle":"designated","highway":"tertiary","lanes":"2","name":"קלאוזנר","name:en":"Klausner","name:he":"קלאוזנר"}},
{"type":"Feature","geometry":{"type":"LineString","coordinates":[[34.789249,32.1026918],[34.7902784,32.102847],[34.7906147,32.102892],[34.7908218,32.1029211],[34.7910241,32.1029347],[34.791254,32.1029262],[34.7916995,32.1028908],[34.7919646,32.1028443],[34.7924046,32.1026791],[34.7924448,32.1026547],[34.7924774,32.1026228],[34.7924961,32.1026063]]},"properties":{"bicycle":"designated","foot":"designated","highway":"path","segregated":"yes"}},
{"type":"Feature","geometry":{"type":"LineString","coordinates":[[34.8320896,32.10593],[34.832006,32.1059453],[34.8318428,32.1059783],[34.831636,32.10602],[34.830626,32.106201],[34.830243,32.106243],[34.8299353,32.1062473],[34.829448,32.106215],[34.829086,32.106191],[34.828578,32.106116],[34.8282193,32.1060258]]},"properties":{"bicycle":"designated","foot":"designated","highway":"path","segregated":"yes","surface":"asphalt"}},
{"type":"Feature","geometry":{"type":"LineString","coordinates":[[34.833133,32.1057278],[34.8331135,32.1057313],[34.8328612,32.1057763]]},"properties":{"bicycle":"designated","foot":"designated","highway":"path","segregated":"no","surface":"asphalt"}},
{"type":"Feature","geometry":{"type":"LineString","coordinates":[[34.8338339,32.105658],[34.8334267,32.1056966],[34.8333406,32.1057066],[34.8333223,32.1057087]]},"properties":{"bicycle":"designated","foot":"designated","highway":"path","segregated":"no","surface":"asphalt"}},
{"type":"Feature","geometry":{"type":"LineString","coordinates":[[34.8333223,32.1057087],[34.833133,32.1057278]]},"properties":{"bicycle":"designated","bridge":"yes","construction":"path","foot":"designated","segregated":"no","surface":"concrete"}},
{"type":"Feature","geometry":{"type":"LineString","coordinates":[[34.7748273,32.0925682],[34.7762737,32.0924091],[34.7763587,32.0923997],[34.778215,32.0921946],[34.7782621,32.0921894],[34.7788358,32.092126],[34.7794276,32.0920606],[34.7794717,32.0920557],[34.7812645,32.0918642],[34.7827629,32.0916956]]},"properties":{"highway":"cycleway","oneway":"no","surface":"asphalt"}},
{"type":"Feature","geometry":{"type":"LineString","coordinates":[[34.7733032,32.0927712],[34.773328,32.0927059],[34.7733634,32.0926525]]},"properties":{"alt_name:en":"Sderot Nordau;Sderot Nordeo","cycleway":"track","highway":"tertiary","name":"שדרות נורדאו","name:ar":"جادة نورداو","name:en":"Nordau Avenue","name:he":"שדרות נורדאו","oneway":"yes","surface":"asphalt"}},
{"type":"Feature","geometry":{"type":"LineString","coordinates":[[34.7894396,32.099926],[34.7895516,32.0993437],[34.7895884,32.0992282]]},"properties":{"bicycle":"designated","foot":"designated","highway":"path","segregated":"yes"}},
{"type":"Feature","geometry":{"type":"LineString","coordinates":[[34.7888456,32.1025401],[34.7888812,32.1024545],[34.7890605,32.1016999],[34.7892127,32.1009423],[34.7892972,32.1005225]]},"properties":{"bicycle":"designated","foot":"designated","highway":"path","segregated":"yes"}},
{"type":"Feature","geometry":{"type":"LineString","coordinates":[[34.7947969,32.0822891],[34.794813,32.0822673],[34.7949187,32.0822419],[34.7951224,32.0821494],[34.7952477,32.0820827],[34.7952741,32.0820457],[34.7952871,32.0820122],[34.7953241,32.081984],[34.795391,32.0819652],[34.7954915,32.0819414],[34.7955929,32.0819103],[34.7957239,32.0818201],[34.7957359,32.0818118]]},"properties":{"bicycle":"designated","highway":"cycleway","oneway":"yes","surface":"asphalt"}},
{"type":"Feature","geometry":{"type":"LineString","coordinates":[[34.7780763,32.0391504],[34.7781088,32.0391095],[34.7781059,32.0390795],[34.7780347,32.039087],[34.7779636,32.039099],[34.7779439,32.0390209]]},"properties":{"bicycle":"designated","foot":"designated","highway":"path","segregated":"no"}},
{"type":"Feature","geometry":{"type":"LineString","coordinates":[[34.7811055,32.0416816],[34.7810817,32.0416565],[34.7794037,32.0397257],[34.7788324,32.0394461],[34.7785726,32.0393246],[34.7784478,32.0393191],[34.7783099,32.0392731],[34.7781991,32.0392239],[34.7780763,32.0391504]]},"properties":{"bicycle":"designated","foot":"designated","highway":"path","segregated":"yes"}},
{"type":"Feature","geometry":{"type":"LineString","coordinates":[[34.7913731,32.1230676],[34.79145,32.1230554],[34.7916467,32.1230243],[34.791694,32.1230168]]},"properties":{"bicycle":"designated","foot":"designated","highway":"path","segregated":"no"}},
{"type":"Feature","geometry":{"type":"LineString","coordinates":[[34.7675763,32.0810242],[34.7675834,32.0810913],[34.7675707,32.0811674],[34.7675386,32.0812265],[34.767511,32.0813086]]},"properties":{"bicycle":"designated","highway":"cycleway","lit":"yes","name":"הטיילת ע\"ש שלמה להט","name:en":"Shlomo (Cheech) Lahat Promenade","name:he":"הטיילת ע\"ש שלמה להט","oneway":"no","segregated":"no","surface":"paving_stones"}},
{"type":"Feature","geometry":{"type":"LineString","coordinates":[[34.8044683,32.0426287],[34.8043794,32.0426108]]},"properties":{"bicycle":"designated","foot":"designated","highway":"path","segregated":"no","surface":"asphalt"}},
{"type":"Feature","geometry":{"type":"LineString","coordinates":[[34.8027009,32.0420824],[34.8018569,32.0420803],[34.8014721,32.0421371]]},"properties":{"bicycle":"designated","foot":"designated","highway":"path","segregated":"yes","surface":"paved"}},
{"type":"Feature","geometry":{"type":"LineString","coordinates":[[34.8030309,32.042403],[34.8029001,32.0425648],[34.8024825,32.0430309]]},"properties":{"bicycle":"designated","foot":"designated","highway":"path","segregated":"no","surface":"paved"}},
{"type":"Feature","geometry":{"type":"LineString","coordinates":[[34.7865815,32.0909748],[34.7864139,32.0910263],[34.7851268,32.0910146],[34.783743,32.0909946]]},"properties":{"bicycle":"yes","foot":"no","highway":"cycleway","oneway":"yes","surface":"asphalt"}},
{"type":"Feature","geometry":{"type":"LineString","coordinates":[[34.7527474,32.0501154],[34.7528669,32.0501061]]},"properties":{"cycleway":"lane","highway":"tertiary","lanes":"2","maxheight":"3.9","maxspeed:type":"IL:urban","name":"יהודה הימית","name:ar":"يهودا هيميت","name:en":"Yehuda HaYamit","name:he":"יהודה הימית","name:ro":"Yehuda HaYamit","oneway":"no","surface":"asphalt"}},
{"type":"Feature","geometry":{"type":"LineString","coordinates":[[34.753813,32.0500455],[34.7544403,32.0499822],[34.7550313,32.0499302],[34.7555919,32.0498763],[34.7556579,32.0498717]]},"properties":{"cycleway":"lane","highway":"tertiary","lanes":"2","maxspeed:type":"IL:urban","name":"יהודה הימית","name:ar":"يهودا هيميت","name:en":"Yehuda HaYamit","name:he":"יהודה הימית","name:ro":"Yehuda HaYamit","oneway":"no","parking:both":"no","parking_zone":"1","surface":"asphalt"}},
{"type":"Feature","geometry":{"type":"LineString","coordinates":[[34.7896644,32.1121928],[34.7896949,32.1121706],[34.7897303,32.1121285],[34.7919715,32.1123856],[34.7921217,32.112381],[34.7922126,32.1123223]]},"properties":{"bicycle":"designated","foot":"yes","highway":"path","oneway:mtb":"yes"}},
{"type":"Feature","geometry":{"type":"LineString","coordinates":[[34.7922623,32.1123674],[34.7922126,32.1123223],[34.7922389,32.1122374],[34.7921351,32.111759],[34.7920935,32.1114244],[34.7920703,32.1112195],[34.7919739,32.1107538],[34.7918243,32.1096006],[34.791783,32.1091506],[34.7917424,32.1082975],[34.7917489,32.1080128],[34.7917712,32.1070911],[34.7917729,32.1070193],[34.7919945,32.1057712],[34.7922522,32.1044469],[34.7923396,32.1040303],[34.7924039,32.1036635],[34.7923449,32.1035691],[34.7923218,32.1035264],[34.7923226,32.1034842]]},"properties":{"bicycle":"designated","highway":"cycleway"}},
{"type":"Feature","geometry":{"type":"LineString","coordinates":[[34.7967435,32.0638823],[34.7967452,32.0638463]]},"properties":{"highway":"cycleway","surface":"paving_stones"}},
{"type":"Feature","geometry":{"type":"LineString","coordinates":[[34.7828416,32.0733399],[34.7828992,32.0733269],[34.7834016,32.0733253],[34.7835141,32.0733552],[34.7835695,32.0733593],[34.7836461,32.0733601],[34.7846531,32.0733508]]},"properties":{"highway":"cycleway","lit":"yes","oneway":"no","surface":"asphalt"}},
{"type":"Feature","geometry":{"type":"LineString","coordinates":[[34.7948412,32.0608463],[34.795587,32.0608198],[34.7965466,32.0607857],[34.7967694,32.0607778],[34.7971666,32.0607733],[34.7973553,32.0607805],[34.7978747,32.0608005],[34.7981743,32.0608107],[34.7984109,32.0608187],[34.7991541,32.060863]]},"properties":{"highway":"cycleway","oneway":"no","surface":"paved"}},
{"type":"Feature","geometry":{"type":"LineString","coordinates":[[34.7939166,32.0609506],[34.7939083,32.0608955],[34.7939044,32.0608697],[34.793901,32.0608227]]},"properties":{"cycleway":"yes","highway":"path","surface":"concrete"}},
{"type":"Feature","geometry":{"type":"LineString","coordinates":[[34.7944919,32.0608482],[34.7939044,32.0608697],[34.7921173,32.0608972]]},"properties":{"bicycle":"designated","highway":"cycleway","oneway":"no","surface":"paved"}},
{"type":"Feature","geometry":{"type":"LineString","coordinates":[[34.7947151,32.0565292],[34.7949737,32.0565529],[34.7959,32.056527],[34.7965041,32.0565107],[34.796576,32.0565088],[34.796641,32.0565064],[34.7977333,32.0564669],[34.7978318,32.0564633],[34.7989386,32.0564371],[34.7993257,32.0564279],[34.7993653,32.0564262]]},"properties":{"bicycle":"designated","highway":"cycleway","oneway":"no","surface":"paving_stones"}},
{"type":"Feature","geometry":{"type":"LineString","coordinates":[[34.7918614,32.0566074],[34.7909866,32.0566315],[34.7902785,32.0566474],[34.7892251,32.0566746]]},"properties":{"highway":"cycleway","oneway":"no"}},
{"type":"Feature","geometry":{"type":"LineString","coordinates":[[34.7918614,32.0566074],[34.7943618,32.0565204],[34.7943897,32.0565186]]},"properties":{"bicycle":"designated","highway":"cycleway","oneway":"no","surface":"paving_stones"}},
{"type":"Feature","geometry":{"type":"LineString","coordinates":[[34.7918987,32.0600894],[34.7918394,32.0600921],[34.7917927,32.0600979],[34.7917108,32.0601197],[34.791566,32.0601582],[34.79112,32.0601681],[34.7910704,32.0601396],[34.7907648,32.0601435],[34.7905284,32.0601465],[34.7901937,32.0601508],[34.7898786,32.0601548],[34.7895794,32.0601587]]},"properties":{"bicycle":"designated","highway":"cycleway","lit":"yes","oneway":"no"}},
{"type":"Feature","geometry":{"type":"LineString","coordinates":[[34.7895794,32.0601587],[34.7894787,32.0601603],[34.7893608,32.0601655],[34.7893582,32.0600617]]},"properties":{"bicycle":"designated","foot":"designated","highway":"path","lit":"yes","oneway":"no","segregated":"no","surface":"concrete"}},
{"type":"Feature","geometry":{"type":"LineString","coordinates":[[34.7872085,32.0595424],[34.78718,32.059579],[34.7871533,32.0596356],[34.7871384,32.0597006],[34.7871314,32.0597613],[34.7871398,32.0598433],[34.7871421,32.0598584],[34.7871497,32.0599075],[34.7871651,32.0599907],[34.7872469,32.0600363],[34.7872913,32.0600589],[34.7873553,32.0600957],[34.787367,32.0601122],[34.7874275,32.0600804],[34.7874867,32.0600714],[34.787593,32.0600699],[34.7877354,32.0601118],[34.7878869,32.0601221],[34.7880739,32.0601407],[34.7883963,32.0601889],[34.7884931,32.0601838],[34.7893608,32.0601655]]},"properties":{"bicycle":"designated","highway":"cycleway","lit":"yes","oneway":"no","surface":"asphalt"}},
{"type":"Feature","geometry":{"type":"LineString","coordinates":[[34.7841921,32.0594274],[34.7841538,32.0594501],[34.7840958,32.0594216],[34.7840496,32.0594123],[34.7839786,32.0594182],[34.7839111,32.0594247],[34.7838533,32.0594282],[34.7838148,32.0594306],[34.7837296,32.0594687],[34.7836747,32.0595172],[34.783558,32.0595642],[34.7834845,32.0596254],[34.7827597,32.0602556]]},"properties":{"bicycle":"designated","foot":"designated","highway":"path","oneway":"no","segregated":"no","surface":"paving_stones"}},
{"type":"Feature","geometry":{"type":"LineString","coordinates":[[34.7827597,32.0602556],[34.7820037,32.0609383],[34.7818878,32.0610385],[34.7818542,32.0610691],[34.781804,32.0610855],[34.7817735,32.0611123],[34.7806824,32.0621022],[34.7806405,32.0621364]]},"properties":{"highway":"cycleway","oneway":"no"}},
{"type":"Feature","geometry":{"type":"LineString","coordinates":[[34.7810817,32.0416565],[34.7808125,32.0418116],[34.7800947,32.042315]]},"properties":{"bicycle":"designated","foot":"yes","highway":"cycleway","oneway":"no","segregated":"yes","surface":"asphalt"}},
{"type":"Feature","geometry":{"type":"LineString","coordinates":[[34.7756027,32.0413599],[34.7757008,32.0413118],[34.7760468,32.0411989],[34.7762398,32.0411515],[34.776289,32.0411411],[34.7764808,32.0411006],[34.7767752,32.0410787],[34.7770437,32.0410696],[34.7772061,32.0410696],[34.7778307,32.0411078],[34.7779548,32.0411242],[34.778377,32.0412595],[34.7786488,32.0413501],[34.7789484,32.0414788],[34.7792074,32.0416105],[34.779348,32.0417003],[34.7794077,32.0417385],[34.7797745,32.0420229],[34.7798538,32.0420844],[34.7800947,32.042315]]},"properties":{"bicycle":"designated","foot":"designated","highway":"path","oneway":"yes","oneway:mtb":"yes","segregated":"yes","surface":"paving_stones"}},
{"type":"Feature","geometry":{"type":"LineString","coordinates":[[34.7809261,32.0470736],[34.7809094,32.0471049],[34.7809035,32.0471491],[34.7808537,32.0471562],[34.7807272,32.0471812],[34.7806802,32.0471917],[34.7806586,32.0471964]]},"properties":{"bicycle":"designated","cycleway":"crossing","foot":"designated","footway":"crossing","highway":"path","segregated":"yes"}},
{"type":"Feature","geometry":{"type":"LineString","coordinates":[[34.7805609,32.0465152],[34.7805498,32.046195],[34.7805927,32.0458244],[34.7806652,32.0452765],[34.7806706,32.0451734],[34.7806893,32.0450127],[34.7807242,32.0447967],[34.7807349,32.0446699],[34.7807644,32.0443125],[34.7807351,32.0440802],[34.780725,32.0437204],[34.7806571,32.0435395],[34.7806464,32.0433894],[34.7805919,32.0432354],[34.780566,32.0431622],[34.7805192,32.0430829],[34.7804774,32.043012],[34.7804077,32.0428529],[34.7802989,32.042721],[34.7800667,32.0424394],[34.7800402,32.0424072]]},"properties":{"bicycle":"designated","foot":"designated","highway":"path","lit":"yes","oneway":"yes","oneway:mtb":"yes","segregated":"yes","surface":"paving_stones"}},
{"type":"Feature","geometry":{"type":"LineString","coordinates":[[34.7755361,32.0413194],[34.7749927,32.040706]]},"properties":{"bicycle":"designated","foot":"designated","highway":"path","oneway":"no","segregated":"yes","surface":"asphalt"}},
{"type":"Feature","geometry":{"type":"LineString","coordinates":[[34.7801589,32.0423861],[34.7803968,32.0426702],[34.7804251,32.042704],[34.7805027,32.0427967],[34.7805713,32.0429597],[34.7806145,32.0430385],[34.7806334,32.0430732],[34.7806577,32.0431175],[34.7806884,32.0432071],[34.7807952,32.0435196],[34.7808368,32.0436918],[34.7808368,32.0437801],[34.7808422,32.0440669],[34.7808743,32.0443041],[34.7808475,32.044674],[34.7808426,32.0448035],[34.780789,32.0452907],[34.7807295,32.0458403],[34.7806878,32.0461904],[34.7806807,32.0463527],[34.7806888,32.046506],[34.7807134,32.0466792],[34.7807364,32.0467022],[34.780767,32.0467284],[34.7807963,32.0467622],[34.7808509,32.0469288],[34.7808806,32.0469931],[34.7808872,32.0470073],[34.7809261,32.0470736]]},"properties":{"bicycle":"designated","foot":"designated","highway":"path","oneway":"yes","oneway:mtb":"yes","segregated":"yes","surface":"paving_stones"}},
{"type":"Feature","geometry":{"type":"LineString","coordinates":[[34.7800947,32.042315],[34.7801201,32.0423432],[34.7801589,32.0423861]]},"properties":{"bicycle":"designated","crossing":"uncontrolled","cycleway":"crossing","foot":"designated","footway":"crossing","highway":"path","oneway":"yes","segregated":"yes"}},
{"type":"Feature","geometry":{"type":"LineString","coordinates":[[34.7801589,32.0423861],[34.7801147,32.0424113],[34.7800667,32.0424394]]},"properties":{"bicycle":"designated","crossing":"uncontrolled","cycleway":"crossing","foot":"designated","footway":"crossing","highway":"path","segregated":"yes"}},
{"type":"Feature","geometry":{"type":"LineString","coordinates":[[34.7973486,32.0615844],[34.7973574,32.0609731]]},"properties":{"bicycle":"designated","foot":"no","highway":"cycleway","name":"משעול שירה","name:he":"משעול שירה","oneway":"no","segregated":"yes"}},
{"type":"Feature","geometry":{"type":"LineString","coordinates":[[34.7968811,32.0631728],[34.7969245,32.0625445]]},"properties":{"bicycle":"designated","foot":"no","highway":"cycleway","oneway":"no"}},
{"type":"Feature","geometry":{"type":"LineString","coordinates":[[34.8014721,32.0421371],[34.801323,32.0422287]]},"properties":{"bicycle":"designated","foot":"designated","highway":"path","segregated":"no","surface":"paved"}},
{"type":"Feature","geometry":{"type":"LineString","coordinates":[[34.8008015,32.0414795],[34.801206,32.0415747],[34.8013308,32.041674],[34.8014184,32.0418313],[34.8014721,32.0421371]]},"properties":{"bicycle":"designated","foot":"designated","highway":"path","segregated":"yes","surface":"asphalt"}},
{"type":"Feature","geometry":{"type":"LineString","coordinates":[[34.8024825,32.0430309],[34.8021436,32.0434224],[34.8022437,32.0437855]]},"properties":{"bicycle":"designated","foot":"designated","highway":"path","segregated":"no","surface":"asphalt"}},
{"type":"Feature","geometry":{"type":"LineString","coordinates":[[34.801323,32.0422287],[34.8009317,32.042443],[34.8007865,32.0425762],[34.8007094,32.0426787]]},"properties":{"bicycle":"designated","foot":"designated","highway":"path","horse":"no","segregated":"yes","surface":"asphalt"}},
{"type":"Feature","geometry":{"type":"LineString","coordinates":[[34.8021436,32.0434224],[34.801815,32.043376],[34.80147,32.0433975],[34.8013712,32.0433498],[34.8012811,32.0432823],[34.801212,32.043189],[34.8011486,32.0430923],[34.8011744,32.0429875],[34.8011851,32.0427879],[34.801174,32.0427063],[34.8009317,32.042443]]},"properties":{"bicycle":"designated","foot":"designated","highway":"path","segregated":"no","surface":"asphalt"}},
{"type":"Feature","geometry":{"type":"LineString","coordinates":[[34.7912676,32.0910322],[34.7913644,32.0910111],[34.7917252,32.091018],[34.7918121,32.0909533]]},"properties":{"highway":"cycleway","lit":"yes","oneway":"yes","surface":"asphalt"}},
{"type":"Feature","geometry":{"type":"LineString","coordinates":[[34.7919917,32.0909638],[34.7920162,32.0909846],[34.7921358,32.0910464],[34.7926114,32.0910593],[34.7932924,32.0910783],[34.7934505,32.091087],[34.793517,32.0911056]]},"properties":{"highway":"cycleway","lit":"yes","oneway":"yes","surface":"asphalt"}},
{"type":"Feature","geometry":{"type":"LineString","coordinates":[[34.7941215,32.0912594],[34.7940111,32.0912851],[34.7933847,32.0912716],[34.7926928,32.0912386],[34.7920239,32.0912086],[34.7917586,32.0912014],[34.7914549,32.0911863],[34.7909991,32.0911736]]},"properties":{"foot":"no","highway":"cycleway","oneway":"yes","surface":"asphalt"}},
{"type":"Feature","geometry":{"type":"LineString","coordinates":[[34.7902538,32.0911377],[34.7896122,32.0911039],[34.7888765,32.0910727],[34.7886828,32.0910651],[34.7882528,32.0910405],[34.7880121,32.0910319],[34.7872775,32.0910177],[34.7872153,32.0909823]]},"properties":{"highway":"cycleway","oneway":"yes","surface":"asphalt"}},
{"type":"Feature","geometry":{"type":"LineString","coordinates":[[34.7871615,32.0955484],[34.787197,32.0955478],[34.7872185,32.0955438],[34.7872359,32.0955387],[34.7872431,32.095527],[34.7871883,32.0948622],[34.7871497,32.0938108],[34.7871292,32.0933947],[34.7871187,32.0929592],[34.787101,32.0925124],[34.7870868,32.0910192],[34.7871291,32.0909803]]},"properties":{"bicycle":"designated","foot":"no","highway":"cycleway","oneway":"yes","surface":"asphalt"}},
{"type":"Feature","geometry":{"type":"LineString","coordinates":[[34.7973486,32.0615844],[34.7973252,32.0616157],[34.7973302,32.0617634],[34.7973472,32.0625345],[34.7973677,32.0625553]]},"properties":{"bicycle":"designated","foot":"no","highway":"cycleway","oneway":"no","surface":"asphalt"}},
{"type":"Feature","geometry":{"type":"LineString","coordinates":[[34.7820308,32.0815592],[34.7820643,32.0815415],[34.7825504,32.0817024],[34.7826585,32.081752],[34.782952,32.0818969],[34.7832167,32.0821099],[34.7837498,32.0825494],[34.7840443,32.0827677],[34.784928,32.0834631],[34.785295,32.0837488],[34.7853144,32.0837885],[34.7853293,32.0838321]]},"properties":{"bicycle":"designated","foot":"no","highway":"cycleway","mtb:name":"שביל דוד בלוך","mtb:name:he":"שביל דוד בלוך","oneway":"yes","surface":"asphalt"}},
{"type":"Feature","geometry":{"type":"LineString","coordinates":[[34.7855394,32.0840941],[34.7854993,32.0840676],[34.7854093,32.0839675],[34.7852791,32.0838316],[34.783983,32.0828137],[34.7828999,32.0819481],[34.7826613,32.0818244],[34.7825113,32.0817525],[34.7820339,32.0815882],[34.7819427,32.0815723],[34.7819206,32.0815426]]},"properties":{"bicycle":"designated","foot":"no","highway":"cycleway","mtb:name":"שביל דוד בלוך","mtb:name:he":"שביל דוד בלוך","oneway":"yes","surface":"asphalt"}},
{"type":"Feature","geometry":{"type":"LineString","coordinates":[[34.7797908,32.0815767],[34.7795472,32.0816513],[34.779425,32.0817106],[34.7789513,32.0819859],[34.778274,32.0824039],[34.7782016,32.0824481]]},"properties":{"bicycle":"designated","foot":"no","highway":"cycleway","lit":"yes","mtb:name":"שביל דוד בן גוריון","mtb:name:he":"שביל דוד בן גוריון","oneway":"no","surface":"concrete","width":"2"}},
{"type":"Feature","geometry":{"type":"LineString","coordinates":[[34.7799797,32.0796196],[34.7799881,32.0796581],[34.7799899,32.0806627],[34.7799891,32.0807548],[34.7799913,32.0814083]]},"properties":{"bicycle":"destination","foot":"no","highway":"cycleway","name":"מלכי ישראל","name:en":"Malkhei Israel","name:he":"מלכי ישראל","oneway":"no","segregated":"yes","surface":"concrete"}},
{"type":"Feature","geometry":{"type":"LineString","coordinates":[[34.7799794,32.0794205],[34.7799796,32.079498],[34.7799796,32.0795542],[34.7799797,32.0796196]]},"properties":{"bicycle":"designated","foot":"designated","highway":"path","lit":"yes","path":"crossing","surface":"asphalt"}},
{"type":"Feature","geometry":{"type":"LineString","coordinates":[[34.7798705,32.081563],[34.7799292,32.0815468],[34.7799683,32.0815277],[34.7799772,32.0814083]]},"properties":{"bicycle":"designated","foot":"designated","highway":"path","lit":"yes","path":"crossing","surface":"asphalt"}},
{"type":"Feature","geometry":{"type":"LineString","coordinates":[[34.7858359,32.084883],[34.7857952,32.0849758],[34.7858269,32.0851204],[34.7858636,32.0853127],[34.7858989,32.0855952],[34.7859393,32.0859202],[34.7860226,32.0865745],[34.7860762,32.0869995]]},"properties":{"bicycle":"designated","highway":"cycleway","lit":"yes","oneway":"no","surface":"asphalt"}},
{"type":"Feature","geometry":{"type":"LineString","coordinates":[[34.7821197,32.0801611],[34.7833798,32.0800718],[34.7856514,32.0799283],[34.7867775,32.0798319],[34.7885575,32.0796729],[34.7886757,32.0796696]]},"properties":{"bicycle":"designated","foot":"yes","highway":"cycleway","oneway":"no","segregated":"yes"}},
{"type":"Feature","geometry":{"type":"LineString","coordinates":[[34.7811761,32.079329],[34.781224,32.0793299],[34.7813189,32.0793239],[34.7813959,32.0793296]]},"properties":{"bicycle":"designated","foot":"yes","highway":"path","lit":"yes","surface":"asphalt"}},
{"type":"Feature","geometry":{"type":"LineString","coordinates":[[34.7847441,32.0704342],[34.7847475,32.070483],[34.7847873,32.0714261],[34.7847937,32.0715673],[34.7847955,32.0716408],[34.7847915,32.0716705],[34.7847801,32.0717121],[34.7847297,32.0717997],[34.7846911,32.0719235],[34.7847226,32.0724028],[34.7847218,32.0724143],[34.7847252,32.0725562],[34.7847268,32.0726554],[34.7847284,32.0727446],[34.7847081,32.073192],[34.7846531,32.0733508]]},"properties":{"bicycle":"designated","foot":"no","highway":"cycleway","name":"לאונרדו דה וינצ'י","name:en":"Leonardo da Vinci","name:he":"לאונרדו דה וינצ'י","oneway":"no"}},
{"type":"Feature","geometry":{"type":"LineString","coordinates":[[34.7779952,32.0827418],[34.7779698,32.0826884],[34.7779385,32.0826231],[34.7779248,32.0825833],[34.7779103,32.0825156],[34.7778956,32.0824455]]},"properties":{"bicycle":"designated","foot":"yes","highway":"path","lit":"yes","surface":"paving_stones"}},
{"type":"Feature","geometry":{"type":"LineString","coordinates":[[34.7781915,32.0824375],[34.7780813,32.082521],[34.7780042,32.0825795],[34.7779385,32.0826231]]},"properties":{"bicycle":"designated","foot":"designated","highway":"path","lit":"yes","path":"crossing","surface":"asphalt"}},
{"type":"Feature","geometry":{"type":"LineString","coordinates":[[34.7817176,32.0733859],[34.7817254,32.0733527],[34.7817163,32.0729806],[34.7817374,32.0725442],[34.7817603,32.0717642],[34.7817638,32.0712719]]},"properties":{"bicycle":"designated","foot":"designated","highway":"path","oneway":"no","segregated":"yes","surface":"paved"}},
{"type":"Feature","geometry":{"type":"LineString","coordinates":[[34.7816907,32.0737933],[34.7817428,32.073798],[34.7818094,32.0737977],[34.7818693,32.0737973],[34.7819,32.0737997]]},"properties":{"bicycle":"designated","crossing":"traffic_signals","foot":"designated","highway":"path","path":"crossing","surface":"asphalt"}},
{"type":"Feature","geometry":{"type":"LineString","coordinates":[[34.7819,32.0737997],[34.781891,32.0743009],[34.7818261,32.0752707],[34.7818898,32.0753749]]},"properties":{"bicycle":"designated","cycleway:surface":"paving_stones","foot":"designated","footway:surface":"paving_stones","highway":"path","mtb:name":"שביל אבן גבירול","mtb:name:en":"Even Gvirol path","mtb:name:he":"שביל אבן גבירול","oneway":"yes","segregated":"yes","surface":"paving_stones"}},
{"type":"Feature","geometry":{"type":"LineString","coordinates":[[34.792408,32.0641332],[34.7924611,32.0641271],[34.7928762,32.0640716],[34.7932193,32.0640257],[34.7940406,32.0639045],[34.7949052,32.0638541],[34.7955868,32.0638143],[34.7967452,32.0638463],[34.7968352,32.0638488],[34.7968847,32.0638501],[34.7977482,32.063944],[34.7986108,32.0640716]]},"properties":{"foot":"no","highway":"cycleway","name":"יצחק שדה","name:en":"Yitzhak Sadeh","name:he":"יצחק שדה","oneway":"yes","surface":"asphalt","width":"1"}},
{"type":"Feature","geometry":{"type":"LineString","coordinates":[[34.7861153,32.0652059],[34.7859657,32.0652538],[34.7854704,32.0653597]]},"properties":{"bicycle":"designated","foot":"yes","highway":"cycleway","name":"יצחק שדה","name:en":"Yitzhak Sadeh","name:he":"יצחק שדה","oneway":"no","segregated":"yes","surface":"asphalt"}},
{"type":"Feature","geometry":{"type":"LineString","coordinates":[[34.7826935,32.0907428],[34.7826879,32.0907071],[34.782576,32.0900011],[34.782508,32.0895822],[34.7825,32.089533],[34.782473,32.0893959],[34.7824657,32.0893591],[34.7822429,32.0883255],[34.7822009,32.088174],[34.7821796,32.0880337],[34.7820152,32.0870502],[34.7819538,32.0866957],[34.7817002,32.0854555]]},"properties":{"bicycle":"designated","foot":"designated","footway":"sidewalk","highway":"footway","mtb:name":"שביל אבן גבירול","mtb:name:he":"שביל אבן גבירול","oneway":"yes","surface":"paving_stones"}},
{"type":"Feature","geometry":{"type":"LineString","coordinates":[[34.7827829,32.0917985],[34.7827629,32.0916956],[34.7827475,32.0916158]]},"properties":{"bicycle":"designated","foot":"designated","highway":"path","mtb:name":"שביל אבן גבירול","mtb:name:he":"שביל אבן גבירול","path":"crossing","surface":"paved"}},
{"type":"Feature","geometry":{"type":"LineString","coordinates":[[34.7833114,32.0908243],[34.7836186,32.0908185],[34.7836983,32.0908578],[34.7837377,32.0908123],[34.7838894,32.0908128],[34.7843296,32.0908009],[34.7851664,32.0908143],[34.7859194,32.0908205],[34.7864942,32.0908393],[34.786583,32.0908664]]},"properties":{"foot":"no","highway":"cycleway","oneway":"yes"}},
{"type":"Feature","geometry":{"type":"LineString","coordinates":[[34.7830988,32.0908328],[34.7830386,32.0908818],[34.7830579,32.0909738],[34.7830558,32.0910118]]},"properties":{"bicycle":"designated","foot":"designated","highway":"path","mtb:name":"שביל אבן גבירול","mtb:name:he":"שביל אבן גבירול","surface":"paved"}},
{"type":"Feature","geometry":{"type":"LineString","coordinates":[[34.7789921,32.0981939],[34.7792534,32.0982296],[34.77945,32.0982503],[34.7796753,32.0982894],[34.7798054,32.0983058],[34.7798434,32.0983122],[34.7798476,32.0983124],[34.7800041,32.0983184],[34.7800496,32.0983009],[34.7801186,32.0982942]]},"properties":{"bicycle":"designated","foot":"designated","footway":"sidewalk","highway":"footway","segregated":"no","surface":"paving_stones"}},
{"type":"Feature","geometry":{"type":"LineString","coordinates":[[34.7957228,32.0909326],[34.7957041,32.0909435]]},"properties":{"bicycle":"designated","foot":"designated","highway":"path","segregated":"no","surface":"paving_stones"}},
{"type":"Feature","geometry":{"type":"LineString","coordinates":[[34.7800402,32.0424072],[34.7790975,32.0430119],[34.7789113,32.0432283],[34.7786785,32.0436129],[34.7784645,32.0438008],[34.778384,32.0438827],[34.7782581,32.0439034]]},"properties":{"bicycle":"designated","foot":"designated","highway":"path","oneway":"no"}},
{"type":"Feature","geometry":{"type":"LineString","coordinates":[[34.7800402,32.0424072],[34.7800187,32.04238],[34.7797719,32.0421396],[34.7797032,32.0420878],[34.7793185,32.0417977],[34.7792677,32.0417688],[34.7788985,32.0415589],[34.7783313,32.0413397],[34.7779213,32.0412113],[34.7777895,32.0411981],[34.7772024,32.0411681],[34.7768123,32.0411662],[34.7764943,32.0412],[34.776313,32.0412362],[34.7762704,32.0412447],[34.7759847,32.0413227],[34.7757494,32.0413971],[34.7756575,32.0414205],[34.7756397,32.0414294]]},"properties":{"bicycle":"designated","foot":"designated","highway":"path","lit":"yes","oneway":"yes","oneway:mtb":"yes","segregated":"yes","surface":"paving_stones"}},
{"type":"Feature","geometry":{"type":"LineString","coordinates":[[34.7944612,32.0812371],[34.7944137,32.0810207],[34.7943597,32.0807492],[34.7943289,32.0805769],[34.7942627,32.0803132],[34.7941317,32.0799686],[34.7939827,32.0797057],[34.7939388,32.0796151],[34.7938978,32.07954],[34.7938785,32.0795046]]},"properties":{"bicycle":"designated","cycleway:surface":"paving_stones","cycleway:width":"1.8","foot":"designated","footway:surface":"paving_stones","highway":"path","segregated":"yes","surface":"paving_stones"}},
{"type":"Feature","geometry":{"type":"LineString","coordinates":[[34.8005362,32.0590701],[34.8004731,32.0590784],[34.8003265,32.0590989],[34.8002537,32.0591087]]},"properties":{"bicycle":"designated","crossing":"marked","cycleway":"crossing","foot":"designated","highway":"path"}},
{"type":"Feature","geometry":{"type":"LineString","coordinates":[[34.8005219,32.059436],[34.8004547,32.0603314],[34.8003492,32.0610599],[34.7997098,32.0628642],[34.799432,32.0636438],[34.7993983,32.063693]]},"properties":{"bicycle":"designated","cycleway:surface":"asphalt","foot":"no","highway":"cycleway","motor_vehicle":"no","oneway":"yes","segregated":"yes","surface":"paved"}},
{"type":"Feature","geometry":{"type":"LineString","coordinates":[[34.800263,32.0590632],[34.8003144,32.0581093],[34.8002793,32.0575988],[34.8002684,32.0574328],[34.8002233,32.0567538],[34.8002063,32.0565059],[34.8001817,32.0561093],[34.8001066,32.054947],[34.8000762,32.0544225],[34.8000631,32.0542761],[34.7999833,32.0533847],[34.799984,32.0533398],[34.7999751,32.0532939],[34.7998847,32.0522149],[34.7997855,32.0515549],[34.7997376,32.051255],[34.7997143,32.0511096],[34.7996845,32.0509454],[34.7996339,32.0506664],[34.79958,32.0503696],[34.7995092,32.0499795],[34.7995058,32.0499607],[34.7995006,32.049932],[34.7989676,32.0470923],[34.7989666,32.0470725],[34.7989722,32.0470514],[34.7989841,32.0470302]]},"properties":{"foot":"no","highway":"cycleway","motor_vehicle":"no","oneway":"yes","segregated":"yes"}},
{"type":"Feature","geometry":{"type":"LineString","coordinates":[[34.8002272,32.0593],[34.8002302,32.0592674],[34.8002453,32.0591683],[34.8002537,32.0591087],[34.800263,32.0590632]]},"properties":{"bicycle":"designated","foot":"no","highway":"cycleway","motor_vehicle":"no"}},
{"type":"Feature","geometry":{"type":"LineString","coordinates":[[34.7814262,32.080642],[34.7814573,32.0813964],[34.7814579,32.0814933]]},"properties":{"bicycle":"designated","foot":"designated","footway":"sidewalk","highway":"footway","lit":"yes","mtb:name":"שביל אבן גבירול","mtb:name:he":"שביל אבן גבירול","oneway":"no","surface":"paved"}},
{"type":"Feature","geometry":{"type":"LineString","coordinates":[[34.7814496,32.0817212],[34.7814033,32.0817215],[34.7812726,32.0817229],[34.7811431,32.0817242]]},"properties":{"bicycle":"designated","foot":"designated","highway":"path","path":"crossing","surface":"asphalt"}},
{"type":"Feature","geometry":{"type":"LineString","coordinates":[[34.7814579,32.0814933],[34.7814496,32.0817212],[34.7814373,32.0821661],[34.7814762,32.0830735],[34.7814856,32.0832361],[34.7814967,32.0832974],[34.7816239,32.0839985],[34.7817293,32.0844516],[34.7818764,32.085092]]},"properties":{"bicycle":"designated","foot":"designated","footway":"sidewalk","highway":"footway","mtb:name":"שביל אבן גבירול","mtb:name:he":"שביל אבן גבירול","oneway":"yes","surface":"paved"}},
{"type":"Feature","geometry":{"type":"LineString","coordinates":[[34.7814238,32.0801789],[34.7814191,32.0803189],[34.7814082,32.0804111],[34.7814262,32.080642]]},"properties":{"bicycle":"designated","foot":"designated","footway":"sidewalk","highway":"footway","lit":"yes","mtb:name":"שביל אבן גבירול","mtb:name:he":"שביל אבן גבירול","surface":"paved"}},
{"type":"Feature","geometry":{"type":"LineString","coordinates":[[34.7817002,32.0854555],[34.7816896,32.0854042],[34.7816823,32.0853683],[34.7816749,32.0853319],[34.7816574,32.0852542],[34.7816551,32.0852425],[34.7816461,32.085198]]},"properties":{"bicycle":"designated","foot":"designated","footway":"sidewalk","highway":"footway","mtb:name":"שביל אבן גבירול","mtb:name:he":"שביל אבן גבירול","surface":"paved"}},
{"type":"Feature","geometry":{"type":"LineString","coordinates":[[34.781944,32.0853382],[34.7819046,32.0853485],[34.7817474,32.0853907],[34.7816896,32.0854042]]},"properties":{"bicycle":"designated","foot":"designated","highway":"path"}},
{"type":"Feature","geometry":{"type":"LineString","coordinates":[[34.7811654,32.0829317],[34.7811635,32.082059],[34.7811633,32.0819675],[34.781163,32.0818309],[34.7811431,32.0817242],[34.7811391,32.0816382]]},"properties":{"bicycle":"designated","foot":"designated","footway":"sidewalk","highway":"footway","mtb:name":"שביל אבן גבירול","mtb:name:he":"שביל אבן גבירול","oneway":"yes","surface":"paved"}},
{"type":"Feature","geometry":{"type":"LineString","coordinates":[[34.7814967,32.0832974],[34.7814572,32.0833],[34.7813273,32.0833084],[34.7812596,32.0833128]]},"properties":{"bicycle":"designated","highway":"path"}},
{"type":"Feature","geometry":{"type":"LineString","coordinates":[[34.7816461,32.085198],[34.7815257,32.084587],[34.7812811,32.0833722]]},"properties":{"bicycle":"designated","foot":"designated","footway":"sidewalk","highway":"footway","mtb:name":"שביל אבן גבירול","mtb:name:he":"שביל אבן גבירול","oneway":"yes","surface":"paved"}},
{"type":"Feature","geometry":{"type":"LineString","coordinates":[[34.7812811,32.0833722],[34.7812596,32.0833128],[34.7812303,32.0832811],[34.7811602,32.0832508],[34.7811607,32.08317],[34.7811597,32.0831077],[34.7811425,32.083074],[34.7811153,32.0830251],[34.7811654,32.0829317]]},"properties":{"bicycle":"designated","foot":"designated","footway":"sidewalk","highway":"footway","mtb:name":"שביל אבן גבירול","mtb:name:he":"שביל אבן גבירול","surface":"paved"}},
{"type":"Feature","geometry":{"type":"LineString","coordinates":[[34.7818764,32.085092],[34.7818863,32.0851149],[34.7819046,32.0851278],[34.7819294,32.0851324],[34.7819064,32.0851679],[34.781914,32.0851993],[34.7819394,32.0853106],[34.781944,32.0853382]]},"properties":{"bicycle":"designated","foot":"designated","footway":"sidewalk","highway":"footway","mtb:name":"שביל אבן גבירול","mtb:name:he":"שביל אבן גבירול","surface":"paved"}},
{"type":"Feature","geometry":{"type":"LineString","coordinates":[[34.782482,32.0882882],[34.7824199,32.0882981],[34.7823045,32.0883164],[34.7822429,32.0883255]]},"properties":{"bicycle":"designated","cycleway":"crossing","foot":"designated","highway":"path"}},
{"type":"Feature","geometry":{"type":"LineString","coordinates":[[34.7835512,32.0938995],[34.7835685,32.0939673],[34.7835916,32.0940578],[34.7836045,32.0941221],[34.7836096,32.0941472]]},"properties":{"bicycle":"designated","foot":"designated","highway":"path","mtb:name":"שביל אבן גבירול","mtb:name:he":"שביל אבן גבירול","path":"crossing","surface":"paved"}},
{"type":"Feature","geometry":{"type":"LineString","coordinates":[[34.7826943,32.0893563],[34.7826325,32.0893639],[34.7825045,32.0893862],[34.782473,32.0893959]]},"properties":{"bicycle":"designated","check_date:surface":"2023-12-03","crossing":"traffic_signals","crossing_ref":"zebra","cycleway:surface":"asphalt","foot":"designated","footway":"crossing","footway:surface":"asphalt","highway":"footway","segregated":"yes","surface":"asphalt"}},
{"type":"Feature","geometry":{"type":"LineString","coordinates":[[34.7836096,32.0941472],[34.7837133,32.0946626]]},"properties":{"bicycle":"designated","cycleway:surface":"paving_stones","cycleway:width":"1.4","foot":"designated","footway":"sidewalk","footway:surface":"paving_stones","highway":"footway","mtb:name":"שביל אבן גבירול","mtb:name:he":"שביל אבן גבירול","source:cycleway:width":"ARCore","surface":"paving_stones"}},
{"type":"Feature","geometry":{"type":"LineString","coordinates":[[34.783404,32.0942042],[34.7833951,32.0941531],[34.7833707,32.0940462],[34.7833633,32.0939994]]},"properties":{"bicycle":"designated","foot":"designated","footway":"sidewalk","highway":"footway","mtb:name":"שביל אבן גבירול","mtb:name:he":"שביל אבן גבירול","surface":"paved"}},
{"type":"Feature","geometry":{"type":"LineString","coordinates":[[34.7835685,32.0939673],[34.7835176,32.0939736],[34.7834507,32.0939842],[34.7834014,32.093992],[34.7833633,32.0939994]]},"properties":{"bicycle":"designated","foot":"designated","highway":"path"}},
{"type":"Feature","geometry":{"type":"LineString","coordinates":[[34.7912095,32.0642979],[34.7916273,32.0641962],[34.7918615,32.0641499],[34.7919112,32.0641389],[34.7919608,32.064118],[34.7920132,32.064092]]},"properties":{"highway":"cycleway","oneway":"no","surface":"asphalt"}},
{"type":"Feature","geometry":{"type":"LineString","coordinates":[[34.7912095,32.0642979],[34.7911523,32.064315],[34.7909461,32.0643577]]},"properties":{"bicycle":"yes","foot":"no","highway":"cycleway","oneway":"no","surface":"asphalt"}},
{"type":"Feature","geometry":{"type":"LineString","coordinates":[[34.8021724,32.101652],[34.802326,32.1016803],[34.804626,32.1020965]]},"properties":{"bicycle":"designated","foot":"designated","highway":"path","segregated":"yes"}},
{"type":"Feature","geometry":{"type":"LineString","coordinates":[[34.7801067,32.0816358],[34.7801671,32.0816417]]},"properties":{"bicycle":"designated","footway":"sidewalk","highway":"footway","lit":"yes","oneway":"no","surface":"paving_stones"}},
{"type":"Feature","geometry":{"type":"LineString","coordinates":[[34.7931999,32.0996245],[34.7933421,32.0996527],[34.7935248,32.099689],[34.7936408,32.099712]]},"properties":{"bicycle":"designated","crossing":"marked","crossing:markings":"yes","foot":"yes","footway":"crossing","highway":"footway","surface":"paving_stones"}},
{"type":"Feature","geometry":{"type":"LineString","coordinates":[[34.7608373,32.0606245],[34.7605936,32.0599055],[34.7603887,32.0593943],[34.7603056,32.0591725],[34.7602603,32.0590515],[34.7601799,32.0587839],[34.7601289,32.0584749],[34.7600589,32.0577879],[34.7600526,32.0577255]]},"properties":{"bicycle":"designated","check_date:surface":"2026-06-30","cycleway:surface":"asphalt","foot":"designated","footway:surface":"paving_stones","highway":"path","oneway":"no","segregated":"yes","surface":"paved"}},
{"type":"Feature","geometry":{"type":"LineString","coordinates":[[34.7674174,32.0390122],[34.7672313,32.0384507],[34.7671997,32.0383553],[34.7670687,32.0380534]]},"properties":{"bicycle":"designated","foot":"designated","highway":"path","segregated":"yes"}},
{"type":"Feature","geometry":{"type":"LineString","coordinates":[[34.7671604,32.0379756],[34.7670954,32.0377575],[34.7671004,32.0376861],[34.7671301,32.0376105],[34.767192,32.037558],[34.7689712,32.0369303]]},"properties":{"bicycle":"designated","cycleway:width":"3","foot":"designated","highway":"path","segregated":"yes","source:cycleway:width":"ARCore"}},
{"type":"Feature","geometry":{"type":"LineString","coordinates":[[34.775785,32.0984262],[34.7762836,32.0985938],[34.7764011,32.0986333],[34.7765269,32.0986756],[34.7765826,32.0986943],[34.77712,32.0988749]]},"properties":{"highway":"cycleway","motor_vehicle":"no","oneway":"no","surface":"asphalt"}},
{"type":"Feature","geometry":{"type":"LineString","coordinates":[[34.8440165,32.1086684],[34.8439828,32.1086554],[34.8437106,32.1086369],[34.8434795,32.1086785],[34.8432244,32.1087163],[34.8430419,32.1087351],[34.8428487,32.1087359],[34.8425221,32.1086699],[34.8422576,32.1085632],[34.8421108,32.1084678],[34.8420136,32.1083952],[34.8419223,32.1083071],[34.8418483,32.1081968],[34.8417684,32.108028],[34.8416856,32.1078067],[34.8415593,32.1076339],[34.841409,32.1074968],[34.8413371,32.1074476],[34.8412555,32.1073869],[34.8411794,32.1073191],[34.8411286,32.1072927],[34.8410362,32.1072748],[34.8409341,32.1072549],[34.8408395,32.1072443],[34.8407377,32.1072473],[34.8406733,32.1072473],[34.8405875,32.1072587],[34.8404292,32.1072905],[34.8402334,32.1073269],[34.8401047,32.1073359],[34.8399813,32.1073405],[34.8399145,32.1073432],[34.8398686,32.107345],[34.8397667,32.1073359],[34.8396809,32.1073178],[34.8396245,32.1072973],[34.8395709,32.1072701],[34.8395173,32.1072405],[34.8394287,32.107186],[34.8393456,32.1071337],[34.8392705,32.1070815],[34.8389191,32.1068316],[34.8388092,32.1067543],[34.8387233,32.1067066],[34.8386375,32.1066566],[34.8385409,32.1066044],[34.8384417,32.1065544],[34.8383504,32.1065077],[34.837671,32.106202],[34.836615,32.105809],[34.836179,32.105581],[34.836025,32.105518],[34.835776,32.105469],[34.8357449,32.10547],[34.835435,32.10548],[34.8352197,32.1055071],[34.8351453,32.1055165],[34.8348234,32.1055569],[34.83421,32.105634],[34.8338339,32.105658]]},"properties":{"bicycle":"designated","foot":"designated","highway":"path","oneway":"no","segregated":"yes","surface":"asphalt"}},
{"type":"Feature","geometry":{"type":"LineString","coordinates":[[34.7756134,32.0641269],[34.7758576,32.0636817],[34.7758992,32.063595],[34.7759675,32.0635077]]},"properties":{"bicycle":"designated","cycleway:surface":"asphalt","footway:surface":"paving_stones","highway":"cycleway","lit":"yes","oneway":"no","segregated":"yes","surface":"asphalt"}},
{"type":"Feature","geometry":{"type":"LineString","coordinates":[[34.7970476,32.0811968],[34.7970069,32.0811959],[34.7969674,32.0812034],[34.796922,32.0812203],[34.7968809,32.0812494],[34.7968357,32.0812854],[34.7965425,32.0815539],[34.7964587,32.0816391],[34.796444,32.0816691],[34.7964283,32.0817028],[34.7964281,32.0817619],[34.7964083,32.0817744],[34.7963767,32.0817774]]},"properties":{"bicycle":"designated","foot":"designated","highway":"path","oneway:mtb":"yes"}},
{"type":"Feature","geometry":{"type":"LineString","coordinates":[[34.7935688,32.0697896],[34.793161,32.0698375],[34.7931131,32.0698379],[34.7930652,32.0698329],[34.7930034,32.0698176],[34.7929398,32.0697847],[34.7928752,32.0697609],[34.7928071,32.0697475],[34.7927348,32.0697485],[34.7923677,32.0697928]]},"properties":{"bicycle":"designated","bridge":"yes","cycleway:surface":"metal","foot":"designated","footway:surface":"wood","highway":"path","layer":"1","lit":"yes","name":"גשר יהודית","name:en":"Yehudit Bridge","name:en1":"Gesher Yehudit","name:he":"גשר יהודית","official_name":"גשר יצחק נבון","official_name:en":"Yitzhak Navon Bridge","official_name:he":"גשר יצחק נבון","oneway":"no","segregated":"yes","surface":"wood","wheelchair":"yes","width":"11","wikidata":"Q55648855","wikipedia":"he:גשר יהודית","wikipedia:he":"גשר יהודית"}},
{"type":"Feature","geometry":{"type":"LineString","coordinates":[[34.8048095,32.0434426],[34.8046832,32.0434365],[34.804486,32.0435092]]},"properties":{"bicycle":"designated","foot":"designated","highway":"path","segregated":"no","surface":"paved"}},
{"type":"Feature","geometry":{"type":"LineString","coordinates":[[34.801323,32.0422287],[34.801393,32.0422916],[34.8015343,32.0423528],[34.8018283,32.0424635],[34.8019986,32.0425424],[34.8021035,32.0426213],[34.8023257,32.0428919],[34.8024825,32.0430309],[34.8026717,32.0430711],[34.8034591,32.0432066],[34.8035703,32.0431978],[34.8036676,32.0432295],[34.8037117,32.0432941],[34.8037234,32.0433593],[34.8039276,32.0434668],[34.8043662,32.0435083]]},"properties":{"bicycle":"designated","foot":"designated","highway":"path","segregated":"no","surface":"paved"}},
{"type":"Feature","geometry":{"type":"LineString","coordinates":[[34.8044914,32.0423944],[34.8043943,32.0423896]]},"properties":{"bicycle":"designated","foot":"designated","highway":"path","segregated":"no"}},
{"type":"Feature","geometry":{"type":"LineString","coordinates":[[34.8042009,32.0425975],[34.804193,32.0424811],[34.8043111,32.0424222],[34.8043943,32.0423896]]},"properties":{"bicycle":"designated","foot":"designated","highway":"path","segregated":"yes"}},
{"type":"Feature","geometry":{"type":"LineString","coordinates":[[34.8045184,32.0417666],[34.8044914,32.0423944],[34.8044683,32.0426287],[34.804486,32.0435092]]},"properties":{"bicycle":"designated","foot":"no","highway":"cycleway","surface":"asphalt"}},
{"type":"Feature","geometry":{"type":"LineString","coordinates":[[34.784439,32.075352],[34.7844635,32.075149],[34.7845464,32.0747879],[34.7845969,32.0745009],[34.7846149,32.0743789],[34.7846888,32.0738766],[34.7846623,32.0737897]]},"properties":{"foot":"no","highway":"cycleway","lit":"yes","oneway":"no","surface":"asphalt"}},
{"type":"Feature","geometry":{"type":"LineString","coordinates":[[34.7848935,32.1118126],[34.7849532,32.111816],[34.785302,32.111817],[34.7863396,32.1119057],[34.7868438,32.1119488],[34.7877696,32.1120279],[34.7889095,32.1121253],[34.7890804,32.1121014],[34.7891711,32.1120589]]},"properties":{"highway":"cycleway","oneway":"yes"}},
{"type":"Feature","geometry":{"type":"LineString","coordinates":[[34.8022564,32.1001352],[34.8033694,32.1000809],[34.8035848,32.1000891],[34.8042138,32.100113],[34.8047221,32.1001132],[34.805034,32.1001133],[34.8053502,32.1001226],[34.8053989,32.100124],[34.8056688,32.1001065]]},"properties":{"highway":"cycleway","surface":"asphalt"}},
{"type":"Feature","geometry":{"type":"LineString","coordinates":[[34.796711,32.083503],[34.7968005,32.0834845]]},"properties":{"bicycle":"designated","foot":"yes","footway:surface":"paving_stones","highway":"path","lit":"yes","segregated":"yes","surface":"paving_stones"}},
{"type":"Feature","geometry":{"type":"LineString","coordinates":[[34.7965041,32.0565107],[34.7965042,32.0565601],[34.7965106,32.0571508],[34.7965703,32.0571488],[34.7968678,32.0571712],[34.7970675,32.0573468],[34.7971164,32.0575455],[34.7971327,32.0578353],[34.7971913,32.0581031],[34.797201,32.0590375],[34.7972303,32.0590695],[34.7973323,32.0590824],[34.797358,32.059115],[34.7974028,32.0591625]]},"properties":{"bicycle":"designated","foot":"designated","highway":"path","mtb:name":"שביל יגור","mtb:name:en":"Yagur","mtb:name:he":"שביל יגור","oneway":"no","segregated":"yes","surface":"asphalt"}},
{"type":"Feature","geometry":{"type":"LineString","coordinates":[[34.7962223,32.0543674],[34.7962277,32.0547383],[34.7961096,32.0548884],[34.7961278,32.0551877],[34.7961687,32.055616],[34.7962368,32.0559971],[34.7964639,32.0561665],[34.7966275,32.0562936],[34.7966405,32.0563805],[34.796641,32.0565064]]},"properties":{"bicycle":"designated","foot":"designated","highway":"path","oneway":"no","segregated":"yes","surface":"asphalt"}},
{"type":"Feature","geometry":{"type":"LineString","coordinates":[[34.7629638,32.0540342],[34.7631608,32.0539196],[34.7633476,32.0538068],[34.7635514,32.0536613],[34.7638005,32.0534704],[34.7641625,32.0532448],[34.7645571,32.0530172],[34.764961,32.0528153],[34.7652584,32.0526854]]},"properties":{"foot":"yes","highway":"cycleway"}},
{"type":"Feature","geometry":{"type":"LineString","coordinates":[[34.7735487,32.049249],[34.7735921,32.049203],[34.7736269,32.0492082],[34.773681,32.0492096],[34.7737394,32.0492038],[34.7741993,32.0490193],[34.7747571,32.0488277],[34.7754573,32.0485722],[34.7756645,32.0484632],[34.7757607,32.0484511],[34.7758518,32.0484255],[34.7759551,32.0483912],[34.7762417,32.048286],[34.7762578,32.0483035]]},"properties":{"highway":"cycleway","surface":"paving_stones"}},
{"type":"Feature","geometry":{"type":"LineString","coordinates":[[34.7970476,32.0811968],[34.7970417,32.0811646],[34.7970479,32.0811468],[34.7970962,32.081087]]},"properties":{"bicycle":"designated","foot":"designated","highway":"footway"}},
{"type":"Feature","geometry":{"type":"LineString","coordinates":[[34.7915562,32.0721027],[34.7916091,32.0721641],[34.7916329,32.0722142],[34.7916743,32.0722614],[34.7917234,32.0723068],[34.7917606,32.0723472],[34.7917783,32.0723871],[34.7919602,32.0730731],[34.7919699,32.0731096],[34.792,32.073223]]},"properties":{"bicycle":"designated","check_date:surface":"2026-06-16","cycleway:surface":"asphalt","foot":"designated","footway:surface":"paving_stones","highway":"path","lit":"yes","oneway":"no","segregated":"yes","surface":"paved"}},
{"type":"Feature","geometry":{"type":"LineString","coordinates":[[34.7936856,32.0692882],[34.7938066,32.0697369],[34.7938387,32.0698355],[34.7939748,32.0702533],[34.7940017,32.0703359],[34.7940133,32.0703734]]},"properties":{"bicycle":"designated","foot":"designated","highway":"path"}},
{"type":"Feature","geometry":{"type":"LineString","coordinates":[[34.7965757,32.0697904],[34.7957578,32.0699062],[34.7956728,32.0699256]]},"properties":{"highway":"cycleway"}},
{"type":"Feature","geometry":{"type":"LineString","coordinates":[[34.7965757,32.0697904],[34.7966296,32.0697209],[34.796612,32.0696668],[34.7964745,32.0692434],[34.7964588,32.0691698],[34.7964187,32.0690739],[34.7963662,32.0688623],[34.7963388,32.068715],[34.7963137,32.0685776],[34.7963032,32.0684468],[34.796231,32.0684534]]},"properties":{"highway":"cycleway","width":"1"}},
{"type":"Feature","geometry":{"type":"LineString","coordinates":[[34.763031,32.062521],[34.7630157,32.0625494],[34.7629466,32.06257]]},"properties":{"bicycle":"designated","foot":"designated","highway":"path","segregated":"no","surface":"concrete"}},
{"type":"Feature","geometry":{"type":"LineString","coordinates":[[34.7629466,32.06257],[34.761857,32.0629008],[34.7617872,32.0628496]]},"properties":{"bicycle":"designated","foot":"designated","highway":"path","segregated":"yes"}},
{"type":"Feature","geometry":{"type":"LineString","coordinates":[[34.7801671,32.0816417],[34.7811391,32.0816382]]},"properties":{"bicycle":"designated","footway":"sidewalk","highway":"footway","lit":"yes","oneway":"no","surface":"paving_stones"}},
{"type":"Feature","geometry":{"type":"LineString","coordinates":[[34.7895794,32.0601587],[34.7895797,32.0601042]]},"properties":{"bicycle":"designated","highway":"cycleway","lit":"yes"}},
{"type":"Feature","geometry":{"type":"LineString","coordinates":[[34.802895,32.1082295],[34.8028666,32.1081734],[34.802849,32.1081326],[34.8028583,32.1080814],[34.8028348,32.1080268],[34.8022849,32.1069064]]},"properties":{"bicycle":"designated","foot":"designated","highway":"path","segregated":"yes"}},
{"type":"Feature","geometry":{"type":"LineString","coordinates":[[34.7799267,32.0770094],[34.7800133,32.0770066],[34.7801142,32.0770065]]},"properties":{"bicycle":"designated","highway":"path","name":"זמנהוף","name:en":"Zamenhof","name:he":"זמנהוף","segregated":"no"}},
{"type":"Feature","geometry":{"type":"LineString","coordinates":[[34.773958,32.0606502],[34.7738949,32.0608401],[34.7737297,32.0613376],[34.773714,32.0613815],[34.7735691,32.0618024],[34.7735335,32.0618999]]},"properties":{"bicycle":"designated","foot":"designated","footway":"sidewalk","highway":"path","lit":"yes","oneway":"yes","segregated":"yes","surface":"paved"}},
{"type":"Feature","geometry":{"type":"LineString","coordinates":[[34.7806405,32.0621364],[34.7806198,32.062153],[34.7806042,32.0621871],[34.7806007,32.0622277],[34.7806105,32.0622883]]},"properties":{"bicycle":"designated","foot":"yes","highway":"path","oneway":"no"}},
{"type":"Feature","geometry":{"type":"LineString","coordinates":[[34.7806105,32.0622883],[34.7805443,32.0622929],[34.7805104,32.0623111],[34.7802532,32.0625265],[34.7801157,32.0626432],[34.7800566,32.0626629],[34.7797487,32.0629194],[34.7796665,32.0629981],[34.7796408,32.0630461],[34.7796333,32.0630804],[34.7796366,32.0631283],[34.7796747,32.0631856]]},"properties":{"highway":"cycleway","oneway":"no"}},
{"type":"Feature","geometry":{"type":"LineString","coordinates":[[34.7838882,32.0659767],[34.7837829,32.0658646]]},"properties":{"bicycle":"designated","cycleway":"crossing","cycleway:surface":"asphalt","cycleway:width":"2","foot":"designated","footway:surface":"paving_stones","highway":"path","oneway":"no","segregated":"yes","surface":"paved"}},
{"type":"Feature","geometry":{"type":"LineString","coordinates":[[34.7957239,32.0818201],[34.7958479,32.0819436],[34.7958858,32.0819892],[34.7959584,32.082037],[34.7960265,32.0820817]]},"properties":{"bicycle":"designated","cycleway":"crossing","foot":"designated","highway":"path"}},
{"type":"Feature","geometry":{"type":"LineString","coordinates":[[34.7953328,32.0700072],[34.7945174,32.0702085],[34.7945052,32.0702115],[34.7940017,32.0703359]]},"properties":{"bicycle":"designated","foot":"designated","highway":"path","oneway":"no","segregated":"yes","surface":"paved"}},
{"type":"Feature","geometry":{"type":"LineString","coordinates":[[34.7945645,32.079149],[34.7946051,32.0791805],[34.7948986,32.0794081],[34.7950399,32.0794949],[34.7950872,32.0795231],[34.7952115,32.0795973],[34.7952933,32.0796462],[34.7953744,32.0796947],[34.7955396,32.0797933],[34.7956822,32.0798785],[34.7958014,32.0799497],[34.7959688,32.0800469],[34.7960973,32.0801253],[34.7961272,32.0801436],[34.7961566,32.0801687],[34.7962143,32.0802298],[34.7962483,32.0802584],[34.7962791,32.080281],[34.7964412,32.0803723],[34.7966594,32.080495],[34.7969266,32.0806363],[34.7970607,32.0807376]]},"properties":{"bicycle":"designated","cycleway:surface":"asphalt","cycleway:width":"1.8","foot":"designated","footway:surface":"paving_stones","highway":"path","oneway":"no","segregated":"yes","surface":"paved"}},
{"type":"Feature","geometry":{"type":"LineString","coordinates":[[34.7948839,32.0858491],[34.7947901,32.0859187],[34.7934759,32.086178],[34.7928372,32.0863133],[34.7927591,32.0863321],[34.7925838,32.0863645],[34.7915874,32.0865485],[34.7915464,32.0865561],[34.7914684,32.0865174]]},"properties":{"highway":"cycleway","name":"שביל ז'בוטינסקי","name:en":"Jabotinsky","name:he":"שביל ז'בוטינסקי","oneway":"yes","surface":"asphalt"}},
{"type":"Feature","geometry":{"type":"LineString","coordinates":[[34.7914477,32.0864308],[34.7915066,32.0863884],[34.7915465,32.0863802],[34.7925487,32.0861748],[34.7926892,32.086146],[34.7945752,32.0857595],[34.7947018,32.0857854]]},"properties":{"highway":"cycleway","oneway":"yes","surface":"asphalt"}},
{"type":"Feature","geometry":{"type":"LineString","coordinates":[[34.7991127,32.0639997],[34.7990489,32.0639734],[34.8000673,32.0610402],[34.8002272,32.0593]]},"properties":{"bicycle":"designated","cycleway:surface":"asphalt","foot":"no","highway":"cycleway","motor_vehicle":"no","oneway":"yes","segregated":"yes"}},
{"type":"Feature","geometry":{"type":"LineString","coordinates":[[34.7988947,32.0643299],[34.7989101,32.0642691],[34.7989457,32.0641737],[34.7989557,32.0641383],[34.798964,32.0641092]]},"properties":{"cycleway":"crossing","footway":"crossing","highway":"path","segregated":"yes"}},
{"type":"Feature","geometry":{"type":"LineString","coordinates":[[34.7962239,32.0640083],[34.7959455,32.0639863],[34.7956163,32.0639788],[34.7947082,32.0640451],[34.7943633,32.0640702],[34.7929874,32.0642985],[34.7924704,32.0644178]]},"properties":{"foot":"no","highway":"cycleway","name":"יצחק שדה","name:en":"Yitzhak Sadeh","name:he":"יצחק שדה","oneway":"yes","surface":"asphalt","width":"1"}},
{"type":"Feature","geometry":{"type":"LineString","coordinates":[[34.7854704,32.0653597],[34.7850954,32.0654277]]},"properties":{"foot":"yes","highway":"cycleway","name":"יצחק שדה","name:en":"Yitzhak Sadeh","name:he":"יצחק שדה","oneway":"no","segregated":"no","surface":"asphalt"}},
{"type":"Feature","geometry":{"type":"LineString","coordinates":[[34.8118092,32.0864561],[34.8120938,32.086658],[34.8126159,32.0870066],[34.81273,32.0870824],[34.8128169,32.0871419],[34.8131392,32.0873557],[34.8131614,32.0873668],[34.8131832,32.0873737],[34.8132112,32.0873772],[34.8132365,32.0873853],[34.8135898,32.0876208]]},"properties":{"highway":"cycleway","oneway":"yes"}},
{"type":"Feature","geometry":{"type":"LineString","coordinates":[[34.8194868,32.1024787],[34.8195408,32.1025487],[34.82002,32.1034535]]},"properties":{"bicycle":"designated","foot":"designated","highway":"path","lit":"yes","oneway":"no","segregated":"yes","surface":"asphalt"}},
{"type":"Feature","geometry":{"type":"LineString","coordinates":[[34.7785195,32.0380229],[34.7779718,32.038477]]},"properties":{"bicycle":"designated","foot":"designated","highway":"path","segregated":"yes"}},
{"type":"Feature","geometry":{"type":"LineString","coordinates":[[34.7779718,32.038477],[34.777886,32.038538],[34.7778153,32.03863],[34.7778565,32.0386794],[34.7779725,32.0388238],[34.7780363,32.0389064],[34.777985,32.0389648]]},"properties":{"bicycle":"designated","foot":"designated","highway":"path"}},
{"type":"Feature","geometry":{"type":"LineString","coordinates":[[34.7778153,32.03863],[34.777683,32.0384677],[34.777634,32.038253]]},"properties":{"bicycle":"designated","foot":"designated","highway":"path","segregated":"yes","surface":"paving_stones"}},
{"type":"Feature","geometry":{"type":"LineString","coordinates":[[34.7954632,32.0854878],[34.7954736,32.0854477],[34.7954702,32.0854311],[34.7954637,32.0854153],[34.7954338,32.0853828],[34.795408,32.0853292],[34.7952889,32.0847571],[34.7952768,32.0845706],[34.7952716,32.0845126],[34.7950832,32.083572],[34.794936,32.0828373],[34.794912,32.0827883],[34.7948716,32.0827657]]},"properties":{"foot":"no","highway":"cycleway","oneway":"no","surface":"asphalt","width":"3"}},
{"type":"Feature","geometry":{"type":"LineString","coordinates":[[34.7771561,32.0989841],[34.77712,32.0988749],[34.7770698,32.0987419],[34.7769503,32.0983039]]},"properties":{"bicycle":"designated","cycleway:surface":"asphalt","foot":"designated","footway:surface":"paving_stones","highway":"path","name":"דוד רוטלוי","name:en":"David Rotlevy","name:he":"דוד רוטלוי","oneway":"yes","segregated":"yes"}},
{"type":"Feature","geometry":{"type":"LineString","coordinates":[[34.778323,32.0681572],[34.7782497,32.068189],[34.7781921,32.0682028],[34.7781017,32.0682247],[34.7780258,32.0682458],[34.7779567,32.0682628],[34.7778764,32.0682816]]},"properties":{"bicycle":"designated","foot":"designated","highway":"path","lit":"yes","segregated":"no","surface":"asphalt"}},
{"type":"Feature","geometry":{"type":"LineString","coordinates":[[34.7694408,32.0868984],[34.7694719,32.086988],[34.7694778,32.0870292],[34.7695046,32.0872152],[34.7694939,32.0875107],[34.7694946,32.0876891],[34.7695996,32.0882944],[34.7697749,32.0889536],[34.7698448,32.0892163],[34.7700059,32.0897188],[34.7701366,32.0902801],[34.7702348,32.090702],[34.7703772,32.0911451],[34.7707501,32.0916529],[34.7709535,32.0919296],[34.7710336,32.0920653],[34.7710829,32.0921541],[34.7712083,32.0926683],[34.7712208,32.0927232],[34.7713295,32.0931102],[34.7714409,32.0934426]]},"properties":{"bicycle":"yes","highway":"cycleway","lit":"no","oneway":"no","surface":"asphalt"}},
{"type":"Feature","geometry":{"type":"LineString","coordinates":[[34.7772793,32.0992294],[34.777037,32.0994373],[34.7765028,32.0999172],[34.7764893,32.099928],[34.7764674,32.0999655],[34.7764642,32.0999923],[34.776475,32.1000214],[34.7765311,32.100093],[34.776554,32.1001604],[34.7765561,32.1002255],[34.7765484,32.1003003],[34.7765112,32.1003826],[34.7764547,32.1004336],[34.776392,32.1004709],[34.7763002,32.1005013],[34.7762167,32.1005131],[34.7762014,32.1005121],[34.776121,32.1005028],[34.7760695,32.1004868],[34.7760539,32.1004796],[34.7760301,32.1004685],[34.7759885,32.10044],[34.7759684,32.1004315],[34.7759419,32.1004302],[34.7759201,32.1004385],[34.7757061,32.1006416]]},"properties":{"foot":"no","highway":"cycleway","surface":"asphalt"}},
{"type":"Feature","geometry":{"type":"LineString","coordinates":[[34.7793068,32.0719657],[34.7793201,32.072079]]},"properties":{"bicycle":"designated","cycleway:surface":"paving_stones","foot":"designated","footway:surface":"paving_stones","highway":"path","lit":"yes","segregated":"yes","surface":"asphalt"}},
{"type":"Feature","geometry":{"type":"LineString","coordinates":[[34.7687505,32.06274],[34.7691621,32.0627893],[34.7698894,32.0628807],[34.7699393,32.0628833],[34.7699575,32.0628843],[34.7699727,32.0628848],[34.7699915,32.0628854],[34.7700351,32.0628903],[34.7704302,32.0629399],[34.7711641,32.0630293],[34.7712118,32.0630314],[34.7712522,32.0630169],[34.7715108,32.0630496],[34.7715539,32.0630787],[34.7716168,32.0630879],[34.7716643,32.0630932],[34.7717033,32.0630841],[34.7717302,32.0630856],[34.7717604,32.0630872]]},"properties":{"bicycle":"designated","foot":"no","highway":"cycleway","oneway":"no","surface":"paving_stones"}},
{"type":"Feature","geometry":{"type":"LineString","coordinates":[[34.7817586,32.0756832],[34.7816118,32.0763098],[34.7814287,32.0776765],[34.7814205,32.077813],[34.7813779,32.0785266]]},"properties":{"bicycle":"designated","foot":"designated","highway":"path","mtb:name":"שביל אבן גבירול","mtb:name:en":"Even Gvirol path","mtb:name:he":"שביל אבן גבירול","oneway":"yes","segregated":"yes","surface":"paved"}},
{"type":"Feature","geometry":{"type":"LineString","coordinates":[[34.7818898,32.0753749],[34.7818645,32.0754121],[34.7818365,32.0754836],[34.7818277,32.0756036],[34.7817586,32.0756832]]},"properties":{"bicycle":"designated","foot":"designated","highway":"path","mtb:name":"שביל אבן גבירול","mtb:name:en":"Even Gvirol path","mtb:name:he":"שביל אבן גבירול","path":"crossing","segregated":"no","surface":"paved"}},
{"type":"Feature","geometry":{"type":"LineString","coordinates":[[34.7830032,32.0655302],[34.7826612,32.0652574],[34.7824531,32.0650913],[34.7823243,32.0649971],[34.7818511,32.0646924]]},"properties":{"alt_name:en":"Menahem Begin","bicycle":"designated","foot":"designated","highway":"path","lit":"yes","name":"מנחם בגין","name:ar":"مناحيم بيغن","name:en":"Menachem Begin","name:he":"מנחם בגין","name:ru":"Менахема Бегина","segregated":"yes","surface":"paving_stones"}},
{"type":"Feature","geometry":{"type":"LineString","coordinates":[[34.7728812,32.0562886],[34.7729889,32.0568508]]},"properties":{"highway":"cycleway"}},
{"type":"Feature","geometry":{"type":"LineString","coordinates":[[34.7727613,32.0560182],[34.7728812,32.0562886]]},"properties":{"highway":"cycleway"}},
{"type":"Feature","geometry":{"type":"LineString","coordinates":[[34.7830313,32.0692288],[34.7830121,32.069318],[34.7830428,32.0693679],[34.7830853,32.0694067],[34.7831078,32.069426],[34.7831553,32.0694639],[34.7831851,32.0694807],[34.7832273,32.069489],[34.7841521,32.0694188],[34.7844606,32.0693964],[34.7847147,32.0693798],[34.784894,32.0693638],[34.7849677,32.0693596],[34.7857447,32.0693154]]},"properties":{"cycleway:surface":"asphalt","footway:surface":"paving_stones","highway":"cycleway","lit":"yes","oneway":"no","segregated":"yes","surface":"asphalt","width":"2"}},
{"type":"Feature","geometry":{"type":"LineString","coordinates":[[34.7974489,32.071712],[34.7995931,32.0710309],[34.7996608,32.0710249],[34.7996915,32.0710353],[34.7997192,32.0710447],[34.7997659,32.0710863],[34.8001914,32.0721122],[34.8002936,32.0723585],[34.8004186,32.0723225]]},"properties":{"highway":"cycleway","surface":"paving_stones","width":"2"}},
{"type":"Feature","geometry":{"type":"LineString","coordinates":[[34.77987,32.0718371],[34.7799266,32.0718515],[34.7799562,32.071864],[34.7799964,32.0718992],[34.7800246,32.0719594],[34.7802872,32.0729538]]},"properties":{"highway":"cycleway","surface":"paved"}},
{"type":"Feature","geometry":{"type":"LineString","coordinates":[[34.7720641,32.0466495],[34.7720663,32.0466305],[34.7720696,32.0465699],[34.7720719,32.0465411],[34.7720774,32.0465056],[34.7720843,32.0464826],[34.772095,32.0464574],[34.7721163,32.0464412],[34.7721384,32.0464245],[34.7721498,32.046394],[34.7721455,32.0463582],[34.7721284,32.0462929],[34.772071,32.0461505],[34.7720377,32.0460851],[34.771977,32.0460058],[34.7719074,32.0459235],[34.7718591,32.045868],[34.7717137,32.0457056],[34.771673,32.0456541],[34.7716297,32.0455636],[34.7716197,32.0455057],[34.7716043,32.0453804],[34.7715847,32.0453157],[34.7715682,32.0452701],[34.7715247,32.0451945],[34.7714931,32.0451522],[34.7714306,32.0450985],[34.7714032,32.0450804],[34.7713473,32.0450436],[34.7712777,32.0450102],[34.7711955,32.0449977],[34.77109,32.0450002],[34.7710076,32.0450178],[34.7708713,32.0450468],[34.7708249,32.0450569],[34.7707651,32.0450579],[34.7703295,32.0450332],[34.7702859,32.045035],[34.7702489,32.0450423],[34.7702307,32.0450461],[34.7702122,32.0450535],[34.7701862,32.0450629],[34.7701561,32.0450785],[34.7700921,32.0451263],[34.7697878,32.0453912],[34.7697206,32.0454401],[34.7696892,32.0454557],[34.7696728,32.0454639],[34.7696234,32.0454779],[34.7695807,32.0454839],[34.7695331,32.0454841],[34.76948,32.0454748]]},"properties":{"highway":"cycleway","surface":"asphalt"}},
{"type":"Feature","geometry":{"type":"LineString","coordinates":[[34.77228,32.0466321],[34.7722792,32.0466521],[34.7720641,32.0466495],[34.7720162,32.046649],[34.7713648,32.0466413],[34.7710213,32.0466474],[34.7708133,32.0466569],[34.7706113,32.0466677],[34.7705567,32.0466701],[34.7705027,32.0466764],[34.7704451,32.0466857],[34.7699266,32.0467877],[34.7696196,32.0468458],[34.7696168,32.0468342]]},"properties":{"highway":"cycleway"}},
{"type":"Feature","geometry":{"type":"LineString","coordinates":[[34.76948,32.0454748],[34.7694263,32.0454582],[34.769374,32.045438],[34.769318,32.0454198],[34.769255,32.0454111],[34.7691892,32.045403],[34.7691356,32.0454011],[34.769078,32.0454017],[34.7690216,32.0454074],[34.7689492,32.0454193],[34.7688808,32.0454261],[34.7688124,32.0454284],[34.7687145,32.0454204],[34.7686072,32.0454034],[34.768571,32.045375],[34.768395,32.0451513],[34.7683589,32.0451289]]},"properties":{"highway":"cycleway"}},
{"type":"Feature","geometry":{"type":"LineString","coordinates":[[34.7946573,32.1224511],[34.7949214,32.1224574],[34.7950707,32.1224948],[34.7954095,32.1224441]]},"properties":{"bicycle":"designated","foot":"yes","highway":"path","segregated":"yes","sidewalk":"right"}},
{"type":"Feature","geometry":{"type":"LineString","coordinates":[[34.778077,32.056856],[34.7779278,32.0561907],[34.7778149,32.055687],[34.7777966,32.0556156],[34.7776507,32.0549805],[34.7775361,32.0544818],[34.7775319,32.0544636]]},"properties":{"highway":"cycleway","width":"1"}},
{"type":"Feature","geometry":{"type":"LineString","coordinates":[[34.8154988,32.0697678],[34.8155283,32.0695162],[34.8154759,32.0693881],[34.8152787,32.0693124],[34.8150507,32.0693098],[34.8148566,32.0693672],[34.8147395,32.069456],[34.8146563,32.069563],[34.8146933,32.0696518],[34.8147056,32.0697719],[34.8148442,32.0699651]]},"properties":{"access":"no","bicycle":"designated","foot":"yes","highway":"path"}},
{"type":"Feature","geometry":{"type":"LineString","coordinates":[[34.7893432,32.112487],[34.7893212,32.1125214],[34.7892828,32.1125878],[34.789487,32.1131479],[34.7894623,32.1132723],[34.7896659,32.114365],[34.7897272,32.1146306],[34.7897062,32.114729],[34.7897561,32.1147787],[34.7897833,32.1148437],[34.7897966,32.1149034],[34.7898038,32.1149588],[34.7897978,32.1150081],[34.7897862,32.1150839],[34.789836,32.1152027],[34.7901766,32.1169745],[34.7901982,32.1170646],[34.7908134,32.1199933],[34.7908233,32.1202725],[34.7908763,32.1205653],[34.7908399,32.1206801],[34.7908818,32.1208654],[34.7909501,32.1209456],[34.791306,32.1228426],[34.7912948,32.1228876],[34.7912698,32.1229371],[34.7912349,32.122986]]},"properties":{"bicycle":"designated","foot":"designated","highway":"path","mtb:scale":"0","segregated":"yes"}},
{"type":"Feature","geometry":{"type":"LineString","coordinates":[[34.7892906,32.1121734],[34.7893027,32.1122458],[34.789331,32.1124311],[34.7893432,32.112487]]},"properties":{"bicycle":"designated","foot":"designated","footway":"sidewalk","highway":"path","segregated":"yes"}},
{"type":"Feature","geometry":{"type":"LineString","coordinates":[[34.7825668,32.0984553],[34.782294,32.0983971],[34.7820916,32.0983408],[34.7818737,32.0982892],[34.7817339,32.0982804],[34.7815742,32.0982794],[34.7814345,32.0982903],[34.7812861,32.0983084],[34.7811943,32.0983133],[34.7810761,32.0983185],[34.7809105,32.0983181],[34.7807468,32.0983075],[34.7804917,32.09828],[34.7803319,32.0982784],[34.7801186,32.0982942]]},"properties":{"bicycle":"designated","foot":"designated","highway":"path","lit":"yes","one":"no","segregated":"no","surface":"asphalt"}},
{"type":"Feature","geometry":{"type":"LineString","coordinates":[[34.770237,32.0854924],[34.7704762,32.0854291],[34.7709448,32.0853029],[34.7723469,32.0849268],[34.77243,32.0849066],[34.7724701,32.0848958],[34.7736193,32.0845799],[34.7742474,32.0844023],[34.7742639,32.0843974],[34.7743493,32.0843724],[34.7748207,32.0842484],[34.7752491,32.0840691],[34.775822,32.083797],[34.7762798,32.0835462],[34.7763312,32.0835347]]},"properties":{"bicycle":"designated","foot":"designated","highway":"path","lit":"yes","segregated":"yes","surface":"concrete"}},
{"type":"Feature","geometry":{"type":"LineString","coordinates":[[34.7981626,32.100704],[34.7994678,32.1009973],[34.7995276,32.1010107],[34.8000662,32.101131],[34.8003178,32.1011989],[34.8011692,32.1013751],[34.8012288,32.1014122],[34.8014029,32.1014412]]},"properties":{"bicycle":"designated","foot":"designated","highway":"path","segregated":"yes","surface":"concrete"}},
{"type":"Feature","geometry":{"type":"LineString","coordinates":[[34.7973453,32.1221364],[34.7972984,32.1220571],[34.7970753,32.1217688],[34.7970089,32.121528],[34.7970044,32.1214951],[34.7967998,32.1215188],[34.796767,32.1215216],[34.7966811,32.1211352],[34.7960079,32.1212229],[34.7958121,32.1212368],[34.7957411,32.1212117],[34.7957114,32.1211419],[34.7957074,32.1211094],[34.7955756,32.1204197],[34.7954962,32.1200048],[34.7953689,32.1193385],[34.7952416,32.1186726],[34.7950569,32.1177064],[34.7947472,32.1161002],[34.7946281,32.115463],[34.7944189,32.1146703],[34.7943794,32.114596]]},"properties":{"highway":"cycleway"}},
{"type":"Feature","geometry":{"type":"LineString","coordinates":[[34.7864942,32.0908393],[34.7865194,32.0901203],[34.7864268,32.0894282],[34.7862442,32.0881645],[34.7861998,32.0877958]]},"properties":{"bicycle":"yes","highway":"cycleway","horse":"no","lit":"no","motor_vehicle":"no","surface":"asphalt","width":"1.5"}},
{"type":"Feature","geometry":{"type":"LineString","coordinates":[[34.7754027,32.0739701],[34.7758028,32.0737591],[34.776364,32.073463],[34.7770194,32.0731173],[34.7777654,32.0727428],[34.7784155,32.0724259],[34.7784237,32.072437],[34.7784312,32.0724499],[34.778443,32.0724446],[34.7784921,32.0724196],[34.7785409,32.0724061],[34.7786497,32.0723768],[34.7786683,32.0724014],[34.7786865,32.0724267],[34.7787315,32.0724895]]},"properties":{"bicycle":"designated","highway":"cycleway","lit":"yes","mtb:name:en":"Ben Zion Cycle Path","mtb:name:hr":"שביל בן ציון","oneway":"no","surface":"asphalt"}},
{"type":"Feature","geometry":{"type":"LineString","coordinates":[[34.7923077,32.1127913],[34.7922544,32.1127801],[34.7921234,32.1127526],[34.791881,32.1127215],[34.7914957,32.1127149],[34.7901607,32.112589],[34.7900094,32.1125736]]},"properties":{"bicycle":"designated","foot":"yes","highway":"path","oneway:mtb":"yes"}},
{"type":"Feature","geometry":{"type":"LineString","coordinates":[[34.7947299,32.0624918],[34.7944477,32.062488],[34.7941839,32.062494],[34.7938532,32.0624899],[34.7935706,32.0624931],[34.7931899,32.0624841],[34.7927727,32.0625187],[34.7921676,32.062584]]},"properties":{"bicycle":"yes","foot":"no","highway":"cycleway","horse":"no","motor_vehicle":"no","name":"1247","oneway":"no","surface":"asphalt","width":"2.0"}},
{"type":"Feature","geometry":{"type":"LineString","coordinates":[[34.7945784,32.0725464],[34.7945196,32.0724191]]},"properties":{"bicycle":"designated","crossing":"marked","crossing:markings":"yes","footway":"crossing","highway":"footway"}},
{"type":"Feature","geometry":{"type":"LineString","coordinates":[[34.7938659,32.0728374],[34.7932533,32.0730485],[34.7930446,32.073121],[34.7927918,32.0732089]]},"properties":{"bicycle":"designated","bridge":"yes","foot":"designated","highway":"path","layer":"1","lit":"yes","oneway":"yes","segregated":"yes","surface":"paving_stones"}},
{"type":"Feature","geometry":{"type":"LineString","coordinates":[[34.8130155,32.0406021],[34.8132891,32.0406323],[34.8136077,32.0406675],[34.8138111,32.0406869],[34.8144035,32.0407433],[34.8149676,32.0407993],[34.8156302,32.0407816],[34.8157279,32.040779],[34.8160033,32.0407717],[34.8162609,32.0407528]]},"properties":{"highway":"cycleway","surface":"asphalt"}},
{"type":"Feature","geometry":{"type":"LineString","coordinates":[[34.7973553,32.0607805],[34.7973582,32.0607333],[34.7973614,32.0606795],[34.7973712,32.0605174],[34.7974101,32.060256],[34.7974262,32.0601378],[34.7974866,32.0600863]]},"properties":{"highway":"cycleway"}},
{"type":"Feature","geometry":{"type":"LineString","coordinates":[[34.7966445,32.0832191],[34.7967074,32.0834876],[34.796711,32.083503]]},"properties":{"bicycle":"designated","foot":"yes","highway":"path","surface":"paving_stones"}},
{"type":"Feature","geometry":{"type":"LineString","coordinates":[[34.7907251,32.0915433],[34.7907117,32.0922025],[34.7906808,32.0926608],[34.7906138,32.0936528],[34.7906135,32.0938174],[34.7906135,32.0938389],[34.7906123,32.0938806],[34.7906118,32.0938921],[34.7906007,32.0941559]]},"properties":{"foot":"no","highway":"cycleway","oneway":"yes","surface":"asphalt"}},
{"type":"Feature","geometry":{"type":"LineString","coordinates":[[34.7903328,32.0958995],[34.7903338,32.0954251],[34.7903348,32.0953599],[34.7903355,32.095315],[34.7903473,32.0945128],[34.7903718,32.0941052],[34.7903769,32.0938856],[34.7903777,32.0938509],[34.7903791,32.0938194],[34.7903858,32.0936732]]},"properties":{"foot":"no","highway":"cycleway","oneway":"yes","surface":"asphalt"}},
{"type":"Feature","geometry":{"type":"LineString","coordinates":[[34.8001518,32.0436915],[34.7993325,32.0437625]]},"properties":{"bicycle":"designated","foot":"designated","highway":"path","segregated":"yes"}},
{"type":"Feature","geometry":{"type":"LineString","coordinates":[[34.8396172,32.1076633],[34.8397667,32.1073359]]},"properties":{"bicycle":"designated","foot":"designated","highway":"path","segregated":"yes","surface":"asphalt"}},
{"type":"Feature","geometry":{"type":"LineString","coordinates":[[34.8047615,32.1242313],[34.8047059,32.1242748],[34.8046524,32.1242964],[34.8040578,32.1244043],[34.8040473,32.1244061],[34.8039247,32.1244283],[34.8030968,32.1245647]]},"properties":{"highway":"cycleway","oneway":"no"}},
{"type":"Feature","geometry":{"type":"LineString","coordinates":[[34.8030968,32.1245647],[34.8030039,32.1245498],[34.8028512,32.1244991],[34.8027116,32.1245131],[34.802642,32.1245824],[34.8025731,32.1246332],[34.8023537,32.1246461],[34.8020503,32.1246631],[34.8015402,32.1246916],[34.801088,32.1247169],[34.8010417,32.1247452]]},"properties":{"highway":"cycleway","oneway":"no"}},
{"type":"Feature","geometry":{"type":"LineString","coordinates":[[34.8144866,32.1245958],[34.8144374,32.1246383],[34.8129315,32.1247814],[34.8128713,32.1247427]]},"properties":{"highway":"cycleway","oneway":"yes"}},
{"type":"Feature","geometry":{"type":"LineString","coordinates":[[34.8012908,32.0988742],[34.8012947,32.0988402],[34.8013152,32.0987719],[34.8013028,32.0985161],[34.801258,32.0980343],[34.8011992,32.0973863],[34.8010895,32.0961017],[34.8010787,32.0960839],[34.8010723,32.0960721],[34.8010695,32.0960645],[34.8010627,32.0960413],[34.8010546,32.0960232],[34.8010514,32.0960081],[34.8009864,32.09559],[34.8009144,32.0951827],[34.8007958,32.0947499],[34.8007532,32.0945495],[34.8005932,32.0940302],[34.8004702,32.0937482],[34.8003043,32.0934843],[34.8001546,32.0934903],[34.8000731,32.0934862],[34.7997579,32.0929789],[34.7991494,32.0921012],[34.799057,32.0919812],[34.798858,32.0916896],[34.7987053,32.0915032],[34.7984976,32.0911352],[34.7984012,32.091005],[34.7983624,32.0909666],[34.7983659,32.0909376]]},"properties":{"highway":"cycleway","oneway":"no","surface":"asphalt"}},
{"type":"Feature","geometry":{"type":"LineString","coordinates":[[34.8026879,32.0658937],[34.8026629,32.0658704],[34.8026378,32.0658874],[34.8026091,32.0658983],[34.8025581,32.0659045],[34.8023247,32.0658903],[34.8021302,32.0658721],[34.8018589,32.0658689],[34.8016415,32.0658877],[34.8012791,32.065906],[34.7999296,32.0658224],[34.7999036,32.0658734]]},"properties":{"highway":"cycleway","name":"שביל דרך הגבורה","name:he":"שביל דרך הגבורה","oneway":"no","surface":"asphalt"}},
{"type":"Feature","geometry":{"type":"LineString","coordinates":[[34.7582239,32.045316],[34.7582532,32.0454109],[34.7582736,32.0455073],[34.7582914,32.0456253],[34.7583818,32.0461588],[34.7584292,32.0464843],[34.7584365,32.0465313],[34.7585271,32.0470881],[34.7586263,32.0478207],[34.7586976,32.0483574],[34.7588545,32.0495228],[34.7588644,32.0496052],[34.7588776,32.0497051],[34.7589108,32.0499198]]},"properties":{"bicycle":"designated","foot":"designated","highway":"path"}},
{"type":"Feature","geometry":{"type":"LineString","coordinates":[[34.7968811,32.0631728],[34.7968352,32.0638488]]},"properties":{"highway":"cycleway","oneway":"no","surface":"asphalt"}},
{"type":"Feature","geometry":{"type":"LineString","coordinates":[[34.7910518,32.0756404],[34.7909501,32.0755819],[34.7909162,32.0755297],[34.7908805,32.0754736],[34.790845,32.0754179],[34.7908331,32.0753991],[34.7907635,32.075278],[34.7907242,32.0752061],[34.7905593,32.0749041],[34.7902481,32.0741653],[34.7901896,32.0739956],[34.7901194,32.0735831]]},"properties":{"highway":"cycleway","oneway":"no","surface":"asphalt"}},
{"type":"Feature","geometry":{"type":"LineString","coordinates":[[34.7886211,32.0770525],[34.7886422,32.0770751],[34.7886474,32.0770823],[34.7886437,32.0770992],[34.7886347,32.0771194],[34.7884305,32.0775442],[34.7883511,32.0777344],[34.788286,32.0779039],[34.7882617,32.0780251],[34.7882241,32.0780723]]},"properties":{"bicycle":"designated","highway":"cycleway"}},
{"type":"Feature","geometry":{"type":"LineString","coordinates":[[34.7861998,32.0877958],[34.786169,32.0877464],[34.7861466,32.0876029],[34.7861284,32.0875611],[34.7860986,32.0875476],[34.7860792,32.0875353]]},"properties":{"bicycle":"designated","foot":"designated","highway":"path","horse":"no","lit":"no","segregated":"no","surface":"paving_stones","width":"1.5"}},
{"type":"Feature","geometry":{"type":"LineString","coordinates":[[34.7860762,32.0869995],[34.7860736,32.0870911],[34.7860974,32.0873104],[34.7860943,32.0873352],[34.7860728,32.0873548],[34.7860435,32.0873652]]},"properties":{"bicycle":"designated","foot":"designated","highway":"path","lit":"yes","oneway":"no","segregated":"no","surface":"paving_stones"}},
{"type":"Feature","geometry":{"type":"LineString","coordinates":[[34.8143791,32.1075208],[34.814257,32.1073304],[34.8137499,32.1068211],[34.8136701,32.1067802]]},"properties":{"highway":"cycleway"}},
{"type":"Feature","geometry":{"type":"LineString","coordinates":[[34.7555829,32.0560517],[34.7566686,32.0569921],[34.7569127,32.0571893]]},"properties":{"bicycle":"designated","check_date:surface":"2025-09-30","cycleway:surface":"asphalt","cycleway:width":"2.5","foot":"designated","footway:surface":"concrete","highway":"path","name":"טיילת השער ליפו","name:he":"טיילת השער ליפו","segregated":"yes","source:cycleway:width":"ARCore","surface":"paved"}},
{"type":"Feature","geometry":{"type":"LineString","coordinates":[[34.7861833,32.0873369],[34.7875721,32.0870995],[34.7879964,32.087021],[34.7881757,32.0869878],[34.7882881,32.0869737]]},"properties":{"bicycle":"designated","cycleway:surface":"asphalt","cycleway:width":"1.2","foot":"designated","footway:surface":"paving_stones","highway":"path","oneway":"yes","oneway:mtb":"yes","segregated":"yes","source:cycleway:width":"ARCore","surface":"paved"}},
{"type":"Feature","geometry":{"type":"LineString","coordinates":[[34.7900483,32.073131],[34.7897789,32.0725833],[34.7897697,32.0725643],[34.7896821,32.0723884],[34.7894891,32.0719564],[34.7894014,32.0717254],[34.7893254,32.0715655],[34.7890758,32.0711814],[34.7889017,32.0709686]]},"properties":{"highway":"cycleway","lit":"yes","surface":"asphalt","width":"2"}},
{"type":"Feature","geometry":{"type":"LineString","coordinates":[[34.7630184,32.0682777],[34.7631541,32.0688675],[34.7631765,32.068932],[34.7635588,32.0700308],[34.7638597,32.0709134],[34.7640159,32.0713714],[34.764283,32.0720807],[34.7644576,32.0725775],[34.7648493,32.0736915],[34.7649914,32.074],[34.7657351,32.0756138],[34.765885,32.0761199],[34.7662253,32.077098],[34.7662814,32.0772143],[34.7667224,32.0781283],[34.7668771,32.078598],[34.7669875,32.0793072],[34.7670497,32.0795321],[34.7671997,32.0800805],[34.7672766,32.0802687],[34.7674976,32.0808024],[34.7675401,32.0809362],[34.7675763,32.0810242]]},"properties":{"highway":"cycleway","lit":"yes","oneway":"no","surface":"asphalt","width":"1.5"}},
{"type":"Feature","geometry":{"type":"LineString","coordinates":[[34.7569127,32.0571893],[34.7570243,32.057167],[34.7571422,32.0571067],[34.7573278,32.0569861],[34.7573728,32.0570475],[34.7576212,32.0573864],[34.7577184,32.0575154],[34.7578308,32.0576473],[34.7578944,32.057709],[34.7580111,32.0578079],[34.758095,32.057867],[34.7581519,32.057907],[34.7584684,32.0581132],[34.7585688,32.0581962],[34.7587181,32.0583985],[34.7589503,32.0587826],[34.7591849,32.0590046],[34.7593531,32.0591479]]},"properties":{"bicycle":"designated","foot":"designated","highway":"path","oneway":"no","segregated":"yes","surface":"paved"}},
{"type":"Feature","geometry":{"type":"LineString","coordinates":[[34.7589108,32.0499198],[34.7589144,32.0499484],[34.759003,32.0506625],[34.7590268,32.0508428],[34.7590399,32.0509423],[34.7590524,32.0510541],[34.7592785,32.0526692],[34.7594335,32.0538466],[34.7594613,32.0540728]]},"properties":{"bicycle":"designated","foot":"designated","highway":"path","oneway":"no"}},
{"type":"Feature","geometry":{"type":"LineString","coordinates":[[34.804626,32.1020965],[34.8046421,32.1021344],[34.8049225,32.1022069]]},"properties":{"bicycle":"designated","foot":"designated","highway":"path","segregated":"yes"}},
{"type":"Feature","geometry":{"type":"LineString","coordinates":[[34.8049225,32.1022069],[34.8050604,32.1022364]]},"properties":{"bicycle":"designated","highway":"cycleway","segregated":"yes"}},
{"type":"Feature","geometry":{"type":"LineString","coordinates":[[34.8050604,32.1022364],[34.805161,32.1022594],[34.8051964,32.1022681],[34.8052459,32.1022731]]},"properties":{"bicycle":"designated","foot":"designated","highway":"path","segregated":"yes"}},
{"type":"Feature","geometry":{"type":"LineString","coordinates":[[34.8052459,32.1022731],[34.8053077,32.1022729],[34.80534,32.1022933],[34.8057414,32.1024237]]},"properties":{"bicycle":"designated","foot":"designated","highway":"path","segregated":"yes"}},
{"type":"Feature","geometry":{"type":"LineString","coordinates":[[34.7726394,32.0733587],[34.7725925,32.0734393],[34.7725577,32.073497],[34.7724153,32.0736338]]},"properties":{"bicycle":"designated","cycleway:surface":"concrete","foot":"designated","footway:surface":"concrete","highway":"path","lit":"yes","segregated":"yes","surface":"paved"}},
{"type":"Feature","geometry":{"type":"LineString","coordinates":[[34.7681778,32.040784],[34.7681923,32.0408191],[34.7681901,32.0408728],[34.7681982,32.0409445],[34.7682586,32.0413009],[34.7682835,32.0414658],[34.76833,32.041683],[34.7683278,32.0417796],[34.768328,32.041892],[34.7683428,32.0419988],[34.7683847,32.0421227],[34.768605,32.042612],[34.7687742,32.0429237],[34.7688213,32.0430104],[34.769,32.0433682],[34.7692157,32.0437756],[34.7693082,32.0439178]]},"properties":{"bicycle":"designated","foot":"designated","highway":"path","name":"מרדכי בנטוב","name:en":"Mordechai Bentov","name:he":"מרדכי בנטוב","segregated":"yes"}},
{"type":"Feature","geometry":{"type":"LineString","coordinates":[[34.8318736,32.1054092],[34.831968,32.1057913]]},"properties":{"bridge":"yes","highway":"cycleway","layer":"1","segregated":"yes"}},
{"type":"Feature","geometry":{"type":"LineString","coordinates":[[34.831968,32.1057913],[34.8319889,32.105876],[34.832006,32.1059453]]},"properties":{"highway":"cycleway","segregated":"yes"}},
{"type":"Feature","geometry":{"type":"LineString","coordinates":[[34.7646033,32.0574297],[34.7645558,32.0575453],[34.7643991,32.0578528]]},"properties":{"bicycle":"designated","cycleway:surface":"asphalt","foot":"designated","footway:surface":"paving_stones","highway":"path","lit":"yes","oneway":"yes","segregated":"yes"}},
{"type":"Feature","geometry":{"type":"LineString","coordinates":[[34.7722894,32.0452788],[34.7726607,32.0450725],[34.7729403,32.0450194],[34.7729911,32.04501],[34.7730917,32.0449944],[34.7731336,32.0450056],[34.7732081,32.0450469],[34.7732846,32.0451055],[34.7733338,32.0451655],[34.7733661,32.0452204],[34.7735006,32.0456462]]},"properties":{"bicycle":"designated","foot":"designated","highway":"path","oneway":"no","segregated":"yes"}},
{"type":"Feature","geometry":{"type":"LineString","coordinates":[[34.7927078,32.1019921],[34.7927219,32.1018334],[34.7928153,32.1014957],[34.7929324,32.1010284],[34.7930835,32.1004255],[34.7931107,32.1002282],[34.7930977,32.1001367],[34.7930309,32.1000106],[34.7930697,32.0999928]]},"properties":{"bicycle":"designated","foot":"designated","footway":"sidewalk","highway":"path","segregated":"no","surface":"paving_stones"}},
{"type":"Feature","geometry":{"type":"LineString","coordinates":[[34.7925513,32.1026248],[34.7926819,32.1026292],[34.7928798,32.1026256],[34.7929458,32.1026369],[34.7930098,32.1026343]]},"properties":{"crossing":"marked","cycleway":"crossing","footway":"crossing","highway":"path"}},
{"type":"Feature","geometry":{"type":"LineString","coordinates":[[34.7923226,32.1034842],[34.7923491,32.1033933],[34.7924507,32.1033041],[34.7924859,32.1031594],[34.7925083,32.1030035],[34.7925257,32.1028987],[34.7925279,32.1028313],[34.792546,32.1027584],[34.7925513,32.1026248],[34.7924961,32.1026063]]},"properties":{"bicycle":"designated","foot":"designated","highway":"path","segregated":"yes","surface":"paved"}},
{"type":"Feature","geometry":{"type":"LineString","coordinates":[[34.8072194,32.1157701],[34.8072685,32.1157706],[34.8073577,32.1157717],[34.8074056,32.1157723]]},"properties":{"bicycle":"designated","foot":"designated","highway":"path","segregated":"yes"}},
{"type":"Feature","geometry":{"type":"LineString","coordinates":[[34.8048401,32.1177205],[34.805131,32.1176998],[34.8054362,32.1176342],[34.8057782,32.1175693],[34.8060344,32.1175284],[34.8060749,32.1175219],[34.8061188,32.1175148],[34.806171,32.1175064],[34.8062669,32.1174913],[34.8063098,32.1174846],[34.8063545,32.1174777],[34.8064094,32.1174724],[34.8065655,32.1174498],[34.8067077,32.1174382],[34.8067374,32.1174441]]},"properties":{"bicycle":"designated","foot":"designated","highway":"path","oneway":"no","segregated":"yes"}},
{"type":"Feature","geometry":{"type":"LineString","coordinates":[[34.8067374,32.1174441],[34.8068531,32.1174333],[34.8069414,32.1174232],[34.8070079,32.1174096],[34.8070745,32.1173909],[34.8071302,32.1173694],[34.8071624,32.1173539]]},"properties":{"bicycle":"designated","foot":"designated","highway":"path","oneway":"no","segregated":"yes"}},
{"type":"Feature","geometry":{"type":"LineString","coordinates":[[34.8048401,32.1177205],[34.8047843,32.1177272],[34.8046824,32.1177663],[34.8042188,32.1178507],[34.8036221,32.1179483],[34.8032882,32.1180092],[34.8024006,32.11815]]},"properties":{"bicycle":"designated","bicycle_road":"yes","highway":"cycleway","maxspeed":"30","oneway":"no","vehicle":"no"}},
{"type":"Feature","geometry":{"type":"LineString","coordinates":[[34.7751315,32.0580764],[34.775124,32.0580578],[34.7750009,32.0577545],[34.7749627,32.0576594],[34.7748492,32.0573803]]},"properties":{"foot":"no","highway":"cycleway"}},
{"type":"Feature","geometry":{"type":"LineString","coordinates":[[34.7748492,32.0573803],[34.7746059,32.0567828],[34.7743865,32.0562752],[34.7741515,32.0557386],[34.7740873,32.0555929],[34.7739331,32.0552332],[34.7738494,32.0550701],[34.7738586,32.0550267]]},"properties":{"highway":"cycleway","width":"1.25"}},
{"type":"Feature","geometry":{"type":"LineString","coordinates":[[34.8388249,32.116365],[34.8384125,32.1170154],[34.8380596,32.1175767],[34.8379708,32.1176355]]},"properties":{"bicycle":"designated","foot":"designated","highway":"path","segregated":"yes","surface":"asphalt"}},
{"type":"Feature","geometry":{"type":"LineString","coordinates":[[34.8388249,32.116365],[34.8389227,32.1163298],[34.8389871,32.1161708],[34.839089,32.116039],[34.8391236,32.1160305],[34.8391976,32.1159713],[34.8393282,32.1158535],[34.8394967,32.1156573],[34.8396791,32.1155301],[34.8400009,32.115312],[34.8401793,32.1151541],[34.8406575,32.1147423],[34.8407492,32.1147327],[34.8408673,32.1147645]]},"properties":{"bicycle":"designated","foot":"designated","highway":"path","segregated":"yes"}},
{"type":"Feature","geometry":{"type":"LineString","coordinates":[[34.8361837,32.1091026],[34.8362124,32.1090795],[34.8363046,32.109001]]},"properties":{"bicycle":"designated","foot":"designated","highway":"path","segregated":"yes"}},
{"type":"Feature","geometry":{"type":"LineString","coordinates":[[34.7993202,32.1016428],[34.799296,32.1016367],[34.7992875,32.1016406],[34.7988128,32.1018579],[34.7988027,32.1018557],[34.7987922,32.1018561],[34.798782,32.1018592],[34.7987733,32.1018647],[34.7987667,32.1018727],[34.7987633,32.1018821],[34.7987632,32.1018894],[34.7987651,32.1018965],[34.7987692,32.1019033],[34.7987751,32.101909],[34.7987854,32.1019144],[34.7987973,32.1019167],[34.798818,32.1019258],[34.7988384,32.1019461],[34.7988568,32.1019784],[34.7988719,32.1020113],[34.7988792,32.1020477],[34.7988751,32.1020968],[34.7988643,32.1021357],[34.7988316,32.1021813],[34.7987914,32.1022299],[34.7986849,32.1023673],[34.7984986,32.1026705],[34.798469,32.1027261],[34.7984224,32.1028405],[34.7984191,32.102896],[34.7984337,32.1029419],[34.7984525,32.1029712]]},"properties":{"foot":"no","highway":"cycleway","oneway":"no","surface":"asphalt"}},
{"type":"Feature","geometry":{"type":"LineString","coordinates":[[34.7934038,32.0692753],[34.7935688,32.0697896],[34.7937616,32.0703076],[34.7937997,32.0702972]]},"properties":{"bicycle":"designated","bridge":"yes","cycleway:surface":"metal","foot":"designated","footway:surface":"wood","highway":"path","incline":"10%","layer":"1","lit":"yes","name":"גשר יצחק נבון","name:en":"Yitzhak Navon Bridge","name:he":"גשר יצחק נבון","old_name":"גשר יהודית","old_name:en":"Yehudit Bridge;Gesher Yehudit","old_name:he":"גשר יהודית","segregated":"yes","surface":"paved","wheelchair":"yes","wikidata":"Q55648855","wikipedia":"he:גשר יהודית","wikipedia:he":"גשר יהודית"}},
{"type":"Feature","geometry":{"type":"LineString","coordinates":[[34.7937997,32.0702972],[34.793916,32.070268],[34.7939748,32.0702533]]},"properties":{"bicycle":"designated","crossing":"marked","crossing:island":"yes","cycleway":"crossing","foot":"designated","highway":"path"}},
{"type":"Feature","geometry":{"type":"LineString","coordinates":[[34.7997046,32.0498005],[34.8008385,32.0496236],[34.8015174,32.0495208]]},"properties":{"highway":"cycleway"}},
{"type":"Feature","geometry":{"type":"LineString","coordinates":[[34.8345675,32.1190504],[34.8345586,32.1190411],[34.83454,32.1190335],[34.8345148,32.1190287],[34.83444,32.1190218],[34.834419,32.1190072],[34.8343758,32.1189082],[34.8343519,32.1188541],[34.8343524,32.1188067],[34.8343541,32.1186937],[34.8343481,32.1186082],[34.8336599,32.1169443],[34.8331807,32.1155422],[34.8332383,32.1155019]]},"properties":{"highway":"cycleway","oneway":"no","surface":"asphalt"}},
{"type":"Feature","geometry":{"type":"LineString","coordinates":[[34.8003222,32.1206071],[34.8003183,32.1205915],[34.8002289,32.1201396],[34.8001319,32.1196467],[34.8001185,32.1195308],[34.8000158,32.1189601],[34.7999719,32.118667],[34.799968,32.1186412],[34.8000009,32.1185929],[34.8001189,32.1185865],[34.8002822,32.1184468]]},"properties":{"highway":"cycleway"}},
{"type":"Feature","geometry":{"type":"LineString","coordinates":[[34.8001938,32.1184197],[34.8002822,32.1184468],[34.8012229,32.1183496],[34.8013126,32.1183446],[34.8014171,32.1183446],[34.8014775,32.1183613],[34.8015148,32.1183369],[34.8015431,32.1182387]]},"properties":{"highway":"cycleway"}},
{"type":"Feature","geometry":{"type":"LineString","coordinates":[[34.7749182,32.0625748],[34.7749913,32.0624946],[34.7750228,32.0624483],[34.7750377,32.0624193],[34.7750714,32.0623478],[34.7752806,32.0618383],[34.7752866,32.0618099],[34.775299,32.0617514],[34.7755162,32.0612211],[34.7755511,32.0611537],[34.7757298,32.0606654],[34.7759266,32.060581]]},"properties":{"highway":"cycleway","oneway":"no","surface":"asphalt","width":"2"}},
{"type":"Feature","geometry":{"type":"LineString","coordinates":[[34.8159069,32.1068969],[34.8159369,32.1068634],[34.8159524,32.1068447],[34.8159606,32.1068208],[34.8159626,32.1067985],[34.8159593,32.1067691],[34.8159399,32.1067006],[34.8159419,32.1066831],[34.8159509,32.1066666],[34.815971,32.1066558],[34.8162959,32.1064796],[34.8164275,32.106398],[34.8165842,32.1063163],[34.8168767,32.1062002],[34.8170575,32.1061409],[34.8172053,32.1060972],[34.8173682,32.1060592],[34.8178074,32.1059714],[34.8183178,32.1058771],[34.8186519,32.1058015],[34.8187863,32.1057769],[34.8189566,32.1057519],[34.8191937,32.1057036],[34.8194666,32.105695],[34.8195323,32.1056975],[34.8202392,32.1057033],[34.8207184,32.1057142],[34.8208668,32.1057414],[34.8213424,32.1058072],[34.8218174,32.1058834],[34.8222593,32.1059543],[34.8223788,32.1059418],[34.8225358,32.105968],[34.8227228,32.1059992],[34.8228475,32.1060203],[34.8229346,32.106035],[34.8230253,32.1060806],[34.8238548,32.106212],[34.8247012,32.1063233],[34.8250726,32.1063828],[34.8251264,32.1063846],[34.825311,32.1064132],[34.8257729,32.106493]]},"properties":{"bicycle":"designated","foot":"designated","highway":"path","segregated":"yes","surface":"asphalt"}},
{"type":"Feature","geometry":{"type":"LineString","coordinates":[[34.7641982,32.06637],[34.7640143,32.0663714],[34.7639404,32.0663975],[34.7638834,32.0664628],[34.7638129,32.0665389],[34.7632359,32.0667878],[34.7630631,32.0668303]]},"properties":{"bicycle":"designated","foot":"designated","highway":"path","segregated":"yes"}},
{"type":"Feature","geometry":{"type":"LineString","coordinates":[[34.7813994,32.0795023],[34.7814025,32.0795903],[34.781424,32.0801453],[34.7814239,32.0801633],[34.7814238,32.0801789]]},"properties":{"bicycle":"designated","foot":"designated","highway":"path","mtb:name":"שביל אבן גבירול","mtb:name:en":"Even Gvirol path","mtb:name:he":"שביל אבן גבירול","oneway":"no","segregated":"yes","surface":"paved"}},
{"type":"Feature","geometry":{"type":"LineString","coordinates":[[34.7657631,32.041466],[34.7658713,32.0413002],[34.7664432,32.0411932],[34.7681923,32.0408191],[34.7684515,32.0407643],[34.7688431,32.0407006],[34.7691133,32.0406605],[34.7697219,32.0406148]]},"properties":{"bicycle":"designated","foot":"designated","highway":"path","segregated":"no","surface":"asphalt"}},
{"type":"Feature","geometry":{"type":"LineString","coordinates":[[34.7642221,32.0416838],[34.7653562,32.0414145],[34.7654609,32.0414248],[34.7655278,32.0414427]]},"properties":{"foot":"no","highway":"cycleway","name":"שביל אופנידן איילון","name:he":"שביל אופנידן איילון","surface":"asphalt"}},
{"type":"Feature","geometry":{"type":"LineString","coordinates":[[34.765402,32.0402694],[34.7656163,32.0410255],[34.7656444,32.0410626],[34.7656668,32.0410921],[34.7657265,32.0411339],[34.7658025,32.041165],[34.7658329,32.0412545],[34.7658713,32.0413002]]},"properties":{"bicycle":"designated","foot":"designated","highway":"path","surface":"asphalt"}},
{"type":"Feature","geometry":{"type":"LineString","coordinates":[[34.7628656,32.0408052],[34.7628965,32.0408081],[34.7647893,32.0404011],[34.7652774,32.0402961],[34.7653688,32.0402765],[34.765402,32.0402694],[34.7654689,32.040255],[34.7660061,32.0401474],[34.767052,32.039938]]},"properties":{"foot":"no","highway":"cycleway","surface":"asphalt"}},
{"type":"Feature","geometry":{"type":"LineString","coordinates":[[34.7628656,32.0408052],[34.7628615,32.0407993],[34.7628524,32.0407862],[34.7625775,32.0398321],[34.762615,32.0397366]]},"properties":{"foot":"no","highway":"cycleway","surface":"asphalt"}},
{"type":"Feature","geometry":{"type":"LineString","coordinates":[[34.7642221,32.0416838],[34.7631013,32.0418751],[34.762535,32.0419732],[34.7624584,32.0419543],[34.762399,32.041922],[34.7623372,32.0418697]]},"properties":{"foot":"no","highway":"cycleway","name":"שביל אופנידן איילון","name:he":"שביל אופנידן איילון","surface":"asphalt"}},
{"type":"Feature","geometry":{"type":"LineString","coordinates":[[34.7655278,32.0414427],[34.7656357,32.0414628],[34.7657195,32.0414567],[34.7657631,32.041466]]},"properties":{"highway":"cycleway","name":"שביל אופנידן איילון","name:he":"שביל אופנידן איילון","surface":"asphalt"}},
{"type":"Feature","geometry":{"type":"LineString","coordinates":[[34.7626988,32.0440125],[34.7626663,32.0440641],[34.7626773,32.0441811],[34.7627008,32.0442961],[34.762732,32.0444339],[34.7627645,32.0444486],[34.7628095,32.0444647],[34.7627909,32.0445439],[34.7627927,32.0446452],[34.7627991,32.0447006],[34.7628697,32.0449623],[34.7628852,32.0451358],[34.7629278,32.0453391],[34.7629447,32.0454505],[34.7629677,32.0456993],[34.7629805,32.046134],[34.7630711,32.0468015],[34.7631519,32.0473372],[34.7631591,32.0473409],[34.7632079,32.0473642],[34.7631966,32.0473988],[34.7631842,32.0474498],[34.7631839,32.0475016],[34.7632105,32.0476258],[34.7632808,32.0478499],[34.76335,32.0480214],[34.763429,32.0482048],[34.7635237,32.0483752],[34.7636042,32.0484723],[34.763661,32.0485109],[34.7636913,32.0485257],[34.7636677,32.0485865],[34.7636546,32.0486236],[34.7636825,32.048665],[34.7638043,32.0488399],[34.7638532,32.0489105],[34.7639172,32.0489221],[34.7639832,32.0489358],[34.7639756,32.0489693],[34.763978,32.0490071],[34.7639837,32.0490544],[34.7640069,32.049123],[34.7642924,32.0496251],[34.7643054,32.0496478],[34.7643367,32.0497028],[34.7643807,32.0497781],[34.7644078,32.0498278],[34.7644284,32.0498657],[34.7646331,32.0502414],[34.7648961,32.0507227],[34.7651681,32.0512196],[34.7652703,32.0514264],[34.7652851,32.0514566],[34.7654141,32.0517202],[34.7654839,32.0518989],[34.7655061,32.0519847],[34.765504,32.0520341],[34.7655366,32.0521105],[34.7655691,32.0522098],[34.7655854,32.0522819],[34.7656103,32.0523352],[34.765636,32.0523704],[34.765682,32.0524057],[34.7656716,32.0524784]]},"properties":{"foot":"no","highway":"cycleway","oneway":"yes","surface":"asphalt","width":"1"}},
{"type":"Feature","geometry":{"type":"LineString","coordinates":[[34.7652868,32.0526746],[34.7652879,32.0526477],[34.7652933,32.0525318],[34.7652898,32.0523872],[34.7652521,32.0522273],[34.7652245,32.0521274],[34.7651829,32.0520333],[34.7651149,32.0518932],[34.7649806,32.0517419],[34.7649396,32.0516686],[34.764917,32.05163],[34.764917,32.0515913],[34.7649269,32.051552],[34.7649169,32.0515218],[34.7645569,32.050897],[34.764067,32.0500805],[34.7640253,32.0500142],[34.7640016,32.0499761],[34.7639691,32.0499241],[34.763933,32.0498536],[34.7639039,32.0498052],[34.7638881,32.049779],[34.7638581,32.0497288],[34.7635568,32.0492557],[34.7635066,32.0491884],[34.7634665,32.0491498],[34.7634259,32.0491339],[34.7634383,32.0490971],[34.7634532,32.0490468],[34.7634255,32.0489926],[34.7633388,32.048823],[34.7632637,32.0486646],[34.7631829,32.0484776],[34.763099,32.0482622],[34.7630243,32.047966],[34.7629961,32.0478244],[34.7629244,32.0474091],[34.762824,32.046828],[34.7627767,32.0465195],[34.7627527,32.0463322],[34.762744,32.0461653],[34.7627397,32.046116],[34.7627293,32.0460807],[34.7627074,32.0460434],[34.762717,32.0459996],[34.7627421,32.0459103],[34.762733,32.0458281],[34.7627215,32.0456874],[34.762709,32.0455277],[34.7626927,32.0454171],[34.762661,32.0452619],[34.762605,32.0450632],[34.7625345,32.0448415],[34.762433,32.0445363],[34.7624211,32.0445126],[34.7623965,32.0444938],[34.7623726,32.0444768],[34.7623599,32.0444623],[34.7623511,32.0444427],[34.7623312,32.0443711],[34.7622998,32.0442485],[34.7622732,32.0441371],[34.7622154,32.0438744],[34.7622033,32.0437797],[34.7621937,32.0436603],[34.7621948,32.043482],[34.7619891,32.0419283],[34.7618067,32.040608],[34.7616325,32.0398989],[34.7615475,32.039623],[34.7613938,32.0392545],[34.76135,32.039167],[34.7611188,32.038783]]},"properties":{"foot":"no","highway":"cycleway","oneway":"yes","surface":"asphalt","width":"1"}},
{"type":"Feature","geometry":{"type":"LineString","coordinates":[[34.7824642,32.0879894],[34.7823617,32.0880052],[34.7822466,32.088023],[34.7821796,32.0880337]]},"properties":{"bicycle":"designated","cycleway":"crossing","foot":"designated","highway":"path"}},
{"type":"Feature","geometry":{"type":"LineString","coordinates":[[34.7710311,32.0648888],[34.7710664,32.0648641],[34.77128,32.0643579],[34.7714395,32.0639565],[34.7714314,32.0639154]]},"properties":{"highway":"cycleway","incline":"0%","motor_vehicle":"no","oneway":"no","restriction:conditional":"no acess @ (Feb 10-Jun 16)","surface":"asphalt"}},
{"type":"Feature","geometry":{"type":"LineString","coordinates":[[34.7778706,32.0682627],[34.7777886,32.0682808],[34.7772051,32.0684237],[34.776537,32.068585],[34.7761391,32.0686765],[34.7758233,32.0687403],[34.7755881,32.0687903],[34.7749546,32.0689252],[34.7739923,32.0691388],[34.7732859,32.069295],[34.7724543,32.0694879],[34.771681,32.0696589],[34.7714928,32.0696967],[34.7713125,32.0697329],[34.7709825,32.0698122],[34.7708166,32.069853],[34.7706622,32.0698525]]},"properties":{"bicycle":"yes","foot":"no","highway":"cycleway","lit":"yes","oneway":"yes","restriction:conditional":"no acess @ (Feb 10-Jun 12)","surface":"asphalt","width":"1"}},
{"type":"Feature","geometry":{"type":"LineString","coordinates":[[34.7802262,32.0617456],[34.7801619,32.0617433],[34.7800533,32.0616108],[34.7798271,32.0613031],[34.779649,32.0610672],[34.7793422,32.0607264],[34.7791342,32.060466],[34.7789579,32.060239],[34.7788934,32.0601559],[34.778816,32.0600636],[34.7786994,32.059934]]},"properties":{"bicycle":"yes","covered":"no","highway":"cycleway","incline":"0%","motor_vehicle":"no","oneway":"no","surface":"asphalt","wheelchair":"no"}},
{"type":"Feature","geometry":{"type":"LineString","coordinates":[[34.7738893,32.0776672],[34.7738691,32.077658],[34.7737879,32.0775892],[34.7735686,32.0774035],[34.7733919,32.077251],[34.7731358,32.0770386],[34.7726425,32.0766261],[34.7723872,32.0764039],[34.7720676,32.0761214],[34.7718589,32.075938],[34.7718035,32.075872],[34.7717834,32.0758443]]},"properties":{"highway":"cycleway","surface":"asphalt"}},
{"type":"Feature","geometry":{"type":"LineString","coordinates":[[34.7923677,32.0697928],[34.7919724,32.0698582]]},"properties":{"foot":"no","highway":"cycleway","lit":"yes","surface":"asphalt"}},
{"type":"Feature","geometry":{"type":"LineString","coordinates":[[34.7700915,32.0855363],[34.7699795,32.0855445],[34.7696428,32.0856424],[34.7696177,32.0856473],[34.7695925,32.0856486],[34.7695745,32.0856468]]},"properties":{"bicycle":"designated","foot":"designated","highway":"path","surface":"paved"}},
{"type":"Feature","geometry":{"type":"LineString","coordinates":[[34.7703448,32.0610713],[34.7697173,32.0610025],[34.7694071,32.0609709],[34.7692585,32.0609583],[34.7689692,32.0609244],[34.7689483,32.0609219],[34.768781,32.0609043],[34.7684591,32.0608768],[34.7682785,32.0608503],[34.7678353,32.0607707],[34.7676347,32.0607218],[34.7672577,32.0605803],[34.7669225,32.0604243],[34.766697,32.060298],[34.7655755,32.059606],[34.7653383,32.0594582],[34.7648661,32.0591652],[34.7642861,32.0589069],[34.7640209,32.0587888],[34.7637102,32.0586116],[34.7636792,32.0585975]]},"properties":{"bicycle":"designated","highway":"cycleway","lit":"yes","oneway":"no","surface":"asphalt","width":"3"}},
{"type":"Feature","geometry":{"type":"LineString","coordinates":[[34.8177943,32.0976898],[34.8181409,32.0976923],[34.8182606,32.0976424],[34.818371,32.0975567],[34.8185017,32.0973668],[34.8186146,32.0971488],[34.8186134,32.0968657]]},"properties":{"bicycle":"designated","foot":"designated","highway":"footway","name":"שביל יונתן","name:en":"Yonatan trail","name:he":"שביל יונתן","oneway":"no","segregated":"no","surface":"wood"}},
{"type":"Feature","geometry":{"type":"LineString","coordinates":[[34.8212984,32.0968449],[34.821262,32.0968124],[34.8212444,32.0968319],[34.8212167,32.0968626],[34.8211636,32.0968941],[34.8211007,32.0969031],[34.8210557,32.0968933],[34.8210233,32.0968862],[34.8208853,32.0967951],[34.8207988,32.0967066],[34.8207458,32.0966064],[34.8206564,32.0963918],[34.8205855,32.0962863],[34.820504,32.0962035],[34.8204182,32.0961298],[34.8202898,32.0960659],[34.8200841,32.095979],[34.8200263,32.0959624],[34.8199063,32.0959259],[34.8198461,32.0959106],[34.8196297,32.0958795],[34.8195987,32.0958751],[34.8193972,32.0958606],[34.8192133,32.0958593],[34.8190643,32.0958822],[34.8189099,32.0959319],[34.8188103,32.0959904],[34.8187395,32.0960541],[34.8186866,32.096116],[34.8186643,32.0961593],[34.8186553,32.0962099],[34.8186339,32.0964272],[34.8186134,32.0968657]]},"properties":{"highway":"cycleway","name":"שביל יונתן","name:en":"Jonathan Trial","name:he":"שביל יונתן","oneway":"no","surface":"asphalt"}},
{"type":"Feature","geometry":{"type":"LineString","coordinates":[[34.8212984,32.0968449],[34.8213747,32.0968936],[34.8217029,32.0971119],[34.8220537,32.0972566],[34.8231571,32.0975681],[34.8234441,32.0976499],[34.8257927,32.0983436],[34.8258829,32.098371],[34.8259624,32.0984104],[34.8260079,32.0984132],[34.8260756,32.0983883],[34.8261263,32.0984069],[34.8262219,32.0984311],[34.8263274,32.0985042],[34.8264088,32.0985714],[34.8280569,32.0989918],[34.8282299,32.0990061]]},"properties":{"highway":"cycleway","oneway":"no","surface":"asphalt"}},
{"type":"Feature","geometry":{"type":"LineString","coordinates":[[34.8040411,32.094969],[34.8039023,32.0948111],[34.8037478,32.0946147],[34.8036877,32.0944911],[34.8035761,32.0942294],[34.8035246,32.094033],[34.8035675,32.0938585],[34.8036018,32.093764],[34.8036877,32.0937131],[34.8038164,32.0936258],[34.8039795,32.0935604],[34.8040482,32.0935458],[34.8041068,32.0935402],[34.8041789,32.0935242],[34.8042456,32.0935095],[34.8043245,32.0934926],[34.8043877,32.0934635]]},"properties":{"bicycle":"designated","cycleway:surface":"asphalt","foot":"designated","footway:surface":"asphalt","highway":"path","lit":"no","segregated":"yes","surface":"asphalt"}},
{"type":"Feature","geometry":{"type":"LineString","coordinates":[[34.8200815,32.1175251],[34.8216287,32.1168012],[34.8237159,32.1159286],[34.8240997,32.1158343],[34.8245659,32.1157993],[34.8246457,32.1157933],[34.8252698,32.1158125]]},"properties":{"highway":"cycleway"}},
{"type":"Feature","geometry":{"type":"LineString","coordinates":[[34.82927,32.1188841],[34.8314413,32.118834],[34.8331537,32.1188809],[34.8336091,32.1189164],[34.8339155,32.1189751],[34.8342244,32.1190281],[34.8345675,32.1190504]]},"properties":{"highway":"cycleway","oneway":"no"}},
{"type":"Feature","geometry":{"type":"LineString","coordinates":[[34.8345675,32.1190504],[34.8348319,32.1190611],[34.835072,32.1190749],[34.8356496,32.1190767],[34.8357328,32.1190715],[34.8357867,32.119067],[34.835917,32.118997],[34.8361827,32.1189492],[34.8364892,32.1188603],[34.8368823,32.118682],[34.8369093,32.1186697],[34.8371697,32.118494],[34.8372869,32.1183745],[34.8378504,32.1177872],[34.837912,32.1177161],[34.8379708,32.1176355]]},"properties":{"highway":"cycleway"}},
{"type":"Feature","geometry":{"type":"LineString","coordinates":[[34.7983659,32.0909376],[34.7982419,32.0909497],[34.7979209,32.0910451],[34.7978624,32.0910625],[34.797294,32.0911857],[34.7972545,32.0911943],[34.7967313,32.0912501],[34.7966592,32.0911853]]},"properties":{"highway":"cycleway","oneway":"yes","surface":"asphalt"}},
{"type":"Feature","geometry":{"type":"LineString","coordinates":[[34.7957041,32.0909435],[34.7958003,32.0910088],[34.7959331,32.0910534],[34.7968196,32.090942],[34.7968702,32.0909214],[34.7968983,32.0909385],[34.796933,32.0909574],[34.7969753,32.0909586],[34.7972686,32.0909176],[34.7973009,32.0909057],[34.7973235,32.0908815],[34.7973444,32.0908566],[34.7973977,32.0908576],[34.7974885,32.0908558],[34.7978171,32.0907703],[34.797929,32.0907194],[34.7980813,32.0905995],[34.7981199,32.0905345]]},"properties":{"highway":"cycleway","oneway":"yes","surface":"asphalt"}},
{"type":"Feature","geometry":{"type":"LineString","coordinates":[[34.7895411,32.0856797],[34.7895292,32.0856148],[34.7895193,32.085559]]},"properties":{"bicycle":"designated","foot":"designated","highway":"path"}},
{"type":"Feature","geometry":{"type":"LineString","coordinates":[[34.7883151,32.0871147],[34.7881644,32.0871607],[34.7880384,32.0871843],[34.7876064,32.0872651],[34.786951,32.0873817]]},"properties":{"highway":"cycleway","oneway":"yes","surface":"asphalt"}},
{"type":"Feature","geometry":{"type":"LineString","coordinates":[[34.7957041,32.0909435],[34.7956265,32.0907668],[34.7955898,32.0905312],[34.7957165,32.0891579],[34.7957348,32.0885463],[34.7956588,32.0873005],[34.7956556,32.0871809],[34.7956289,32.0870006],[34.7956005,32.0867683],[34.7956097,32.0866658],[34.7956188,32.0865636],[34.795559,32.0863367],[34.7955331,32.0862483],[34.7954752,32.0861036],[34.7954421,32.0859548],[34.7954698,32.0858883]]},"properties":{"highway":"cycleway","lit":"yes","oneway":"no","surface":"asphalt","width":"3"}},
{"type":"Feature","geometry":{"type":"LineString","coordinates":[[34.7957041,32.0909435],[34.7956424,32.0909713],[34.7955191,32.0910547],[34.7954921,32.0911557],[34.7954623,32.0912937],[34.795437,32.0913857],[34.7954594,32.0914233]]},"properties":{"bicycle":"designated","foot":"designated","highway":"path","segregated":"no","surface":"asphalt"}},
{"type":"Feature","geometry":{"type":"LineString","coordinates":[[34.838824,32.1157234],[34.8389098,32.1154053],[34.8391338,32.1150702],[34.8394154,32.1147465],[34.8397882,32.1145182],[34.8398969,32.1144001],[34.8399009,32.1142819],[34.8399562,32.1142338],[34.8398204,32.1140411],[34.8396608,32.1138219],[34.8396367,32.1136822],[34.8395497,32.1134168],[34.8393698,32.1131108],[34.8393166,32.112942],[34.8391382,32.112633],[34.8390785,32.1125248],[34.8390417,32.1124609],[34.8390154,32.1124153],[34.8389263,32.1122761],[34.8387611,32.1120187],[34.8385404,32.1117059],[34.8381509,32.1112706]]},"properties":{"bicycle":"designated","foot":"yes","highway":"path","surface":"paved"}},
{"type":"Feature","geometry":{"type":"LineString","coordinates":[[34.804404,32.0442104],[34.8044328,32.0442181],[34.8044574,32.0442331],[34.8044752,32.0442538],[34.8044844,32.0442783],[34.8044842,32.0443029],[34.8044754,32.0443264],[34.8044585,32.0443465],[34.8044353,32.0443613],[34.8044052,32.0443699],[34.8043734,32.0443696],[34.8043435,32.0443605],[34.8043303,32.0443529],[34.8043119,32.044336],[34.8042998,32.0443153],[34.8042951,32.0442926],[34.804299,32.0442674],[34.8043119,32.0442444],[34.8043326,32.044226],[34.8043401,32.0442226],[34.8043591,32.044214],[34.8043887,32.0442096],[34.804404,32.0442104]]},"properties":{"highway":"cycleway","oneway":"yes","surface":"paved"}},
{"type":"Feature","geometry":{"type":"LineString","coordinates":[[34.8043303,32.0443529],[34.8043322,32.0444075],[34.804351,32.0445048],[34.8043611,32.0445821],[34.804373,32.0446711],[34.8043905,32.0447504],[34.8044319,32.0449604],[34.8044499,32.0450499],[34.8044671,32.0451487],[34.8045027,32.0453214],[34.8045067,32.0453401],[34.8045553,32.0455683],[34.8045787,32.0456799],[34.8045958,32.0457656],[34.8046128,32.0457704]]},"properties":{"cycleway":"opposite_lane","highway":"cycleway","oneway":"yes","oneway:bicycle":"no","surface":"asphalt"}},
{"type":"Feature","geometry":{"type":"LineString","coordinates":[[34.8047419,32.0463706],[34.8047241,32.0464044],[34.8047636,32.0466147],[34.8047841,32.0467514],[34.8047896,32.0467861],[34.8048055,32.0469092],[34.8048645,32.0472585],[34.8048972,32.0474216],[34.8049389,32.0476317],[34.8049622,32.0477487],[34.8050041,32.0480624],[34.8049872,32.0482178],[34.8049992,32.0482594],[34.8049859,32.0482714],[34.8043665,32.0484375],[34.8043346,32.0484353],[34.8043617,32.048447],[34.8044068,32.0486632],[34.8044386,32.0488239],[34.804493,32.0491968],[34.8044689,32.0491696]]},"properties":{"highway":"cycleway","oneway":"no","oneway:bicycle":"no","surface":"paved"}},
{"type":"Feature","geometry":{"type":"LineString","coordinates":[[34.8044689,32.0491696],[34.8038057,32.0492033],[34.8034375,32.049248],[34.8033507,32.0492407],[34.8032532,32.049283],[34.8021451,32.0494636],[34.8019171,32.0494729],[34.8018265,32.0494476]]},"properties":{"bicycle":"yes","foot":"no","highway":"cycleway","oneway":"no","surface":"paved"}},
{"type":"Feature","geometry":{"type":"LineString","coordinates":[[34.801569,32.0496764],[34.801133,32.0497427],[34.8007621,32.0497869],[34.80036,32.0498419],[34.7998585,32.0499121],[34.7997322,32.0499349]]},"properties":{"cycleway:right":"lane","highway":"cycleway","oneway":"yes","surface":"asphalt"}},
{"type":"Feature","geometry":{"type":"LineString","coordinates":[[34.7995092,32.0499795],[34.799478,32.0499529],[34.7993601,32.0499697],[34.7991801,32.0500001],[34.7989303,32.0500425],[34.798783,32.0500691],[34.7986824,32.0500857],[34.798506,32.0501222],[34.7983303,32.0501613],[34.7982334,32.05018],[34.7980537,32.0502178],[34.7979981,32.0502312],[34.797713,32.0502954],[34.7974547,32.05035],[34.7968952,32.0504708],[34.7960373,32.0506536],[34.7960139,32.0506589],[34.7960271,32.0507675],[34.7960589,32.0510469],[34.7960765,32.0512225],[34.7960896,32.0513657],[34.7960995,32.0514617],[34.7961138,32.0515999],[34.7961423,32.0518617],[34.7961574,32.051988],[34.7961786,32.0521641],[34.7962008,32.052396],[34.7962277,32.052693],[34.7962555,32.0529834],[34.7962642,32.0531015],[34.796283,32.0533266],[34.7963055,32.0535987],[34.7963134,32.0536692],[34.7963331,32.0538919],[34.7963573,32.0541984],[34.7963706,32.0543363],[34.7963725,32.0543572]]},"properties":{"bicycle":"designated","cycleway:right":"lane","cycleway:right:oneway":"no","foot":"designated","highway":"path","surface":"paved"}},
{"type":"Feature","geometry":{"type":"LineString","coordinates":[[34.7960414,32.0667155],[34.7956727,32.0667421],[34.7950927,32.0667795],[34.7947051,32.0668162],[34.7942217,32.066864],[34.794033,32.0668785],[34.793711,32.0669352],[34.7934631,32.0669827],[34.7930443,32.0670563],[34.7929388,32.0670748]]},"properties":{"bicycle":"designated","cycleway:right":"lane","foot":"designated","highway":"path","lit":"yes","sidewalk":"yes","surface":"asphalt"}},
{"type":"Feature","geometry":{"type":"LineString","coordinates":[[34.7936563,32.0691863],[34.7936322,32.0691625],[34.7936805,32.0690909],[34.7936035,32.0690378],[34.7935107,32.0687769],[34.7934819,32.0687065],[34.793463,32.0686416],[34.7934253,32.0685219],[34.7933895,32.0683925],[34.7934074,32.0682987]]},"properties":{"bicycle":"designated","foot":"designated","highway":"path"}},
{"type":"Feature","geometry":{"type":"LineString","coordinates":[[34.7937616,32.0703076],[34.7937934,32.0704478],[34.7941372,32.0713957],[34.7940867,32.0714844],[34.794166,32.0716934],[34.7942693,32.0717576],[34.794404,32.0721424],[34.7943778,32.072263],[34.7943358,32.0723175],[34.794296,32.0723714]]},"properties":{"bicycle":"designated","highway":"cycleway","surface":"paving_stones"}},
{"type":"Feature","geometry":{"type":"LineString","coordinates":[[34.7832148,32.0685421],[34.7833028,32.0681742],[34.7833912,32.0678042],[34.7834486,32.0676684],[34.783609,32.0668995],[34.7837219,32.0663873],[34.7837413,32.0663402],[34.7838075,32.0662801]]},"properties":{"bicycle":"designated","cycleway:surface":"asphalt","foot":"designated","footway:surface":"paving_stones","highway":"path","lit":"yes","oneway":"no","surface":"paved"}},
{"type":"Feature","geometry":{"type":"LineString","coordinates":[[34.7860792,32.0875353],[34.7857925,32.0875746],[34.7845044,32.0878152],[34.7837162,32.0879514],[34.7831806,32.0880439],[34.7824904,32.0881793]]},"properties":{"cycleway:right":"lane","highway":"cycleway","oneway":"yes","surface":"asphalt","width":"1.5"}},
{"type":"Feature","geometry":{"type":"LineString","coordinates":[[34.7802872,32.0729538],[34.7802945,32.0729811],[34.780363,32.0731745],[34.7804518,32.0734249],[34.7805502,32.0737499],[34.7805653,32.0738372],[34.7805682,32.0738739],[34.7805721,32.0739162]]},"properties":{"highway":"cycleway","surface":"paved"}},
{"type":"Feature","geometry":{"type":"LineString","coordinates":[[34.773477,32.0587508],[34.77359,32.0587442],[34.7742076,32.0584687],[34.7745365,32.0583224],[34.7750878,32.0580773],[34.775124,32.0580578],[34.7751587,32.0580401],[34.7753308,32.0579609],[34.7762563,32.0574989],[34.776625,32.0572839]]},"properties":{"cycleway:right:oneway":"no","cycleway:surface":"asphalt","foot":"no","highway":"cycleway","lit":"yes","segregated":"yes","surface":"paved","width":"1.5"}},
{"type":"Feature","geometry":{"type":"LineString","coordinates":[[34.7777199,32.059151],[34.7777204,32.0591689],[34.7770273,32.0594629],[34.7767231,32.0595945],[34.776256,32.0598011],[34.7758796,32.059966]]},"properties":{"cycleway:right:oneway":"no","highway":"cycleway","oneway:bicycle":"no","surface":"asphalt"}},
{"type":"Feature","geometry":{"type":"LineString","coordinates":[[34.7789894,32.0477396],[34.7791228,32.0480856],[34.7793004,32.0486018],[34.779452,32.0490557],[34.7796428,32.0495767],[34.7798259,32.0500214]]},"properties":{"bicycle":"designated","foot":"designated","highway":"path","segregated":"no"}},
{"type":"Feature","geometry":{"type":"LineString","coordinates":[[34.771791,32.0427356],[34.7717389,32.0427282],[34.7716318,32.0427131],[34.7714811,32.042795],[34.7709896,32.0430775]]},"properties":{"bicycle":"designated","cycleway:right":"lane","cycleway:right:oneway":"no","foot":"designated","highway":"path","surface":"asphalt"}},
{"type":"Feature","geometry":{"type":"LineString","coordinates":[[34.7703018,32.0435012],[34.7702012,32.0435414],[34.7700768,32.0436194],[34.770031,32.0436444],[34.7699767,32.043674],[34.769788,32.0437924],[34.7697668,32.0438057],[34.7695728,32.0439383],[34.7694556,32.0440474],[34.7691105,32.0443342],[34.7690473,32.0443867],[34.7687685,32.044669],[34.7686688,32.0447831],[34.7686373,32.0448297],[34.7686229,32.0448969],[34.7685957,32.044952],[34.7685623,32.044994],[34.7685231,32.0450267],[34.7684856,32.0450507],[34.7684418,32.0450661],[34.768414,32.0450876],[34.7683589,32.0451289],[34.768302,32.0451695],[34.7682652,32.045219],[34.7682455,32.0452769],[34.7682353,32.0453147],[34.7682397,32.0453626],[34.7682536,32.045415],[34.7682809,32.0454746],[34.7684275,32.0456268]]},"properties":{"cycleway:right":"lane","cycleway:right:oneway":"no","highway":"cycleway","surface":"asphalt"}},
{"type":"Feature","geometry":{"type":"LineString","coordinates":[[34.7702122,32.0450535],[34.7701932,32.0449756],[34.770152,32.0447717],[34.7694921,32.0440853],[34.7694556,32.0440474]]},"properties":{"highway":"cycleway"}},
{"type":"Feature","geometry":{"type":"LineString","coordinates":[[34.761385,32.0526068],[34.7612749,32.0526353],[34.7611078,32.0526842],[34.7609318,32.0527231],[34.7606723,32.0527508],[34.7605398,32.0527538],[34.7603044,32.052759],[34.7601553,32.0527623],[34.7594161,32.0527798]]},"properties":{"bicycle":"designated","cycleway:surface":"asphalt","foot":"no","highway":"cycleway","segregated":"yes"}},
{"type":"Feature","geometry":{"type":"LineString","coordinates":[[34.7557954,32.0380863],[34.7558077,32.0381102],[34.7558345,32.0381623],[34.7558671,32.038185],[34.7558336,32.0382621],[34.7559004,32.0384541],[34.7559823,32.0386992],[34.7561442,32.0390869],[34.7561346,32.0391059],[34.7561279,32.0391248],[34.7561132,32.0391291],[34.7560328,32.0391464],[34.7559907,32.0391566],[34.7560284,32.0392542]]},"properties":{"bicycle":"designated","foot":"designated","highway":"path","segregated":"no"}},
{"type":"Feature","geometry":{"type":"LineString","coordinates":[[34.7500921,32.0372746],[34.7501283,32.0372341],[34.75021,32.037262],[34.7506601,32.0373624],[34.7511542,32.0374718],[34.7514557,32.0375183],[34.7519073,32.037564],[34.7532478,32.0377094],[34.7545622,32.0379015],[34.7547658,32.0379504],[34.7548434,32.0379768]]},"properties":{"bicycle":"designated","foot":"designated","highway":"path","segregated":"no"}},
{"type":"Feature","geometry":{"type":"LineString","coordinates":[[34.7560284,32.0392542],[34.7560421,32.0392929],[34.7568154,32.0414744],[34.7568495,32.0415706],[34.7568688,32.0416251],[34.7569208,32.0417717],[34.7569216,32.0418038],[34.7571674,32.0424754],[34.75718,32.0424882],[34.7575573,32.0435721],[34.758195,32.0452426],[34.7582239,32.045316]]},"properties":{"bicycle":"designated","foot":"designated","highway":"path","segregated":"yes"}},
{"type":"Feature","geometry":{"type":"LineString","coordinates":[[34.7662557,32.0651737],[34.7666638,32.0650751]]},"properties":{"highway":"cycleway","lit":"yes","oneway":"no","smoothness":"excellent","surface":"asphalt"}},
{"type":"Feature","geometry":{"type":"LineString","coordinates":[[34.7666638,32.0650751],[34.7670754,32.064957],[34.7674748,32.0648434]]},"properties":{"highway":"cycleway","oneway":"no","surface":"paved"}},
{"type":"Feature","geometry":{"type":"LineString","coordinates":[[34.7952871,32.0905157],[34.7944903,32.0905113]]},"properties":{"bicycle":"designated","foot":"designated","highway":"path","segregated":"no","surface":"paving_stones"}},
{"type":"Feature","geometry":{"type":"LineString","coordinates":[[34.7835072,32.0953943],[34.7834574,32.0953946],[34.7826431,32.0954003]]},"properties":{"bicycle":"designated","foot":"designated","highway":"path","segregated":"yes"}},
{"type":"Feature","geometry":{"type":"LineString","coordinates":[[34.7832284,32.0968867],[34.7831867,32.0970831],[34.7831674,32.0972471],[34.7831665,32.0973501],[34.783171,32.097438],[34.7832089,32.0975628],[34.7832443,32.0977062],[34.783249,32.0978446],[34.7832922,32.0979949],[34.7833027,32.0980553],[34.7832824,32.0980975],[34.7832363,32.0981298],[34.7831828,32.0981534]]},"properties":{"bicycle":"designated","foot":"designated","highway":"path","segregated":"no"}},
{"type":"Feature","geometry":{"type":"LineString","coordinates":[[34.7954927,32.0441393],[34.79604,32.0442724],[34.7966212,32.0444137],[34.7966342,32.0444169],[34.7966809,32.0444272],[34.796728,32.0444359],[34.7967755,32.0444426],[34.7968234,32.0444474],[34.7968719,32.0444501],[34.7969209,32.0444505],[34.7969705,32.0444485],[34.7970206,32.044444],[34.7970714,32.0444368],[34.7971229,32.0444268],[34.797222,32.0444034],[34.7977943,32.0442623],[34.7978445,32.0442461],[34.7978764,32.044227],[34.7978968,32.044203]]},"properties":{"highway":"cycleway"}},
{"type":"Feature","geometry":{"type":"LineString","coordinates":[[34.7988185,32.0468535],[34.7987813,32.0468404],[34.7987926,32.0467967],[34.7987919,32.0467401],[34.7987795,32.046648],[34.7987526,32.0465228],[34.7987178,32.0463963],[34.7986332,32.0460927],[34.7985317,32.0458045],[34.7979709,32.0443842],[34.7979316,32.0442891],[34.7978968,32.044203],[34.7973499,32.0428785],[34.7973299,32.0428227],[34.797326,32.042797]]},"properties":{"highway":"cycleway","oneway":"yes","surface":"asphalt"}},
{"type":"Feature","geometry":{"type":"LineString","coordinates":[[34.7981343,32.0441443],[34.7982231,32.0443487],[34.7984826,32.0449457],[34.7985608,32.0451412],[34.7986884,32.045452],[34.7988622,32.0459153],[34.798976,32.046258],[34.7991193,32.0468023],[34.7990817,32.0468303]]},"properties":{"bicycle":"use_sidepath","highway":"cycleway","oneway":"yes","surface":"paved"}},
{"type":"Feature","geometry":{"type":"LineString","coordinates":[[34.8332383,32.1155019],[34.8332862,32.1154833],[34.8331604,32.1149943],[34.8332052,32.1148983],[34.8332173,32.1148032],[34.8331514,32.1145921],[34.833106,32.114432],[34.8330364,32.1143899],[34.8329926,32.114352],[34.8329223,32.1140832],[34.8329166,32.1140613],[34.8329144,32.1140516],[34.8327924,32.1135002],[34.8325818,32.1126266],[34.8325538,32.1124971],[34.8325377,32.1124131],[34.8325953,32.1122929],[34.8321948,32.111338],[34.8319142,32.1108413],[34.8318068,32.1107295],[34.8317104,32.1106051],[34.8316165,32.1103852],[34.8315012,32.1102946],[34.8313777,32.1102595],[34.8312905,32.1101686],[34.8311898,32.1100592],[34.8304683,32.1092805],[34.8304069,32.1090946],[34.8304015,32.1089094]]},"properties":{"highway":"cycleway","oneway":"no","surface":"asphalt"}},
{"type":"Feature","geometry":{"type":"LineString","coordinates":[[34.8243671,32.1229398],[34.8242952,32.1232354],[34.8242059,32.1235009],[34.8240754,32.1238463]]},"properties":{"cycleway:right":"lane","cycleway:right:oneway":"no","highway":"cycleway"}},
{"type":"Feature","geometry":{"type":"LineString","coordinates":[[34.8200815,32.1175251],[34.8199678,32.1175253],[34.8196767,32.1176644],[34.8193441,32.1178726],[34.8191283,32.1179705],[34.8190415,32.1180023],[34.818579,32.1181835],[34.8185298,32.1181955],[34.8184852,32.1181947],[34.8184354,32.1181853],[34.8183783,32.1181613]]},"properties":{"highway":"cycleway"}},
{"type":"Feature","geometry":{"type":"LineString","coordinates":[[34.8247071,32.1100851],[34.8247155,32.1097739],[34.8247769,32.109131],[34.8248233,32.1085535],[34.8248361,32.1078785],[34.8248394,32.1077073],[34.8248069,32.1076203],[34.8246814,32.1074589],[34.8245349,32.1073011],[34.8244486,32.1072406],[34.8243577,32.1071768],[34.8229687,32.1069872],[34.8216651,32.1068045],[34.820927,32.106818],[34.8207731,32.1068611],[34.8204467,32.1069961],[34.8201102,32.1071885],[34.8198996,32.1074195],[34.8196373,32.1081436],[34.8195883,32.108248],[34.8193967,32.1083754]]},"properties":{"bicycle":"designated","foot":"designated","highway":"path","oneway":"no","segregated":"yes","surface":"asphalt"}},
{"type":"Feature","geometry":{"type":"LineString","coordinates":[[34.8177874,32.1102238],[34.8183032,32.1099216],[34.8185284,32.1097457],[34.8188119,32.1095226],[34.8191428,32.1092768],[34.819347,32.1089978],[34.8194917,32.1086063],[34.8193967,32.1083754]]},"properties":{"bicycle":"designated","foot":"designated","highway":"path","oneway":"no","segregated":"no","surface":"asphalt"}},
{"type":"Feature","geometry":{"type":"LineString","coordinates":[[34.8146877,32.1079785],[34.8147218,32.1080009],[34.8148036,32.1080548],[34.814849,32.1080847],[34.8148598,32.1081083],[34.8148587,32.1081336],[34.8148527,32.1081484],[34.8148305,32.1081609],[34.8147666,32.1081938],[34.8141856,32.1088217],[34.8141483,32.1088592],[34.8141057,32.1088908],[34.8140608,32.1089125],[34.8139768,32.1089341],[34.8139023,32.1089833],[34.8133983,32.1093948],[34.8131069,32.1096338],[34.8130097,32.1097464],[34.8126638,32.1101408],[34.81253,32.1103713],[34.8124419,32.1105457],[34.812289,32.1109419],[34.8122241,32.1111638],[34.8120922,32.1114864],[34.8120861,32.1116088],[34.8120716,32.1124086],[34.8123788,32.1133993],[34.812455,32.1136422],[34.8125187,32.1137292],[34.8125226,32.1138042],[34.8124895,32.1138782],[34.8124964,32.1141435],[34.8125111,32.1144151],[34.8123985,32.114816],[34.8122843,32.1152554],[34.8121907,32.1155197],[34.8119433,32.1159998],[34.8117342,32.1164191],[34.8115556,32.116779],[34.8115592,32.1168814],[34.811625,32.1169573],[34.8125181,32.1173975],[34.8131915,32.1176994],[34.8134997,32.1177301],[34.8137745,32.1176752],[34.8140515,32.1175376],[34.8144254,32.1172073]]},"properties":{"bicycle":"designated","foot":"designated","highway":"path","segregated":"no"}},
{"type":"Feature","geometry":{"type":"LineString","coordinates":[[34.8332716,32.1256953],[34.8338772,32.1255622],[34.8339538,32.125524],[34.8339432,32.1255003],[34.8338518,32.125193],[34.8338032,32.1251347],[34.833021,32.1251851],[34.8322352,32.1249274]]},"properties":{"bicycle":"designated","foot":"designated","highway":"path","segregated":"no"}},
{"type":"Feature","geometry":{"type":"LineString","coordinates":[[34.8072048,32.1184002],[34.8072463,32.117697],[34.8072555,32.1175404],[34.8072571,32.1174673],[34.8072465,32.117416],[34.8072344,32.1173744],[34.8072055,32.1173263]]},"properties":{"bicycle":"designated","foot":"designated","highway":"path","segregated":"no"}},
{"type":"Feature","geometry":{"type":"LineString","coordinates":[[34.7897978,32.1150081],[34.7896492,32.1149529],[34.7892478,32.1150022],[34.789205,32.1150247],[34.7891869,32.1150645],[34.7891339,32.1151102],[34.7890418,32.1151485],[34.7889906,32.1151542],[34.7888757,32.1151296],[34.7888095,32.11507],[34.7887907,32.115019],[34.7887875,32.1149249],[34.7886679,32.1147918],[34.7882381,32.114528],[34.7877339,32.1142186]]},"properties":{"bicycle":"designated","foot":"designated","highway":"path","segregated":"yes"}},
{"type":"Feature","geometry":{"type":"LineString","coordinates":[[34.7858337,32.113813],[34.7858447,32.1139436],[34.7858407,32.1139862],[34.7857937,32.1140407],[34.7857268,32.1140943],[34.785712,32.1141381],[34.7857155,32.1141946],[34.7857225,32.114246],[34.7857338,32.1143017],[34.7857376,32.1143202],[34.7857966,32.1146082],[34.7858044,32.1146464],[34.785815,32.1146807],[34.7858348,32.1147143],[34.7858649,32.114738],[34.7859719,32.1147669],[34.7859633,32.1148269]]},"properties":{"bicycle":"designated","foot":"designated","highway":"path","segregated":"no"}},
{"type":"Feature","geometry":{"type":"LineString","coordinates":[[34.7889906,32.1151542],[34.7889245,32.1152651],[34.7889023,32.1152892],[34.7884818,32.1157447],[34.7882251,32.1160388],[34.7881871,32.1160371]]},"properties":{"bicycle":"designated","foot":"designated","highway":"path","segregated":"no"}},
{"type":"Feature","geometry":{"type":"LineString","coordinates":[[34.7878749,32.1164429],[34.7878873,32.1164752],[34.7879108,32.116489],[34.7874216,32.1170623],[34.7873572,32.1171649],[34.7873241,32.1172516],[34.7872759,32.117421],[34.7872769,32.1175397],[34.7873437,32.1179295],[34.7873671,32.1180364],[34.7872851,32.1180474],[34.7872231,32.1180481],[34.7871765,32.1180446],[34.7871645,32.1180886],[34.7871097,32.1181667],[34.7870618,32.1182025]]},"properties":{"bicycle":"designated","foot":"designated","highway":"path","oneway":"no","segregated":"no"}},
{"type":"Feature","geometry":{"type":"LineString","coordinates":[[34.7848873,32.1120834],[34.7848534,32.1120965],[34.7848233,32.112151],[34.7848175,32.1122123],[34.7848181,32.1128133],[34.7848476,32.1138637],[34.7848487,32.1139058],[34.7848607,32.1143475],[34.7848852,32.1152457],[34.7849191,32.1154987],[34.7849344,32.1155907],[34.78494,32.1156273]]},"properties":{"highway":"cycleway"}},
{"type":"Feature","geometry":{"type":"LineString","coordinates":[[34.7848873,32.1120834],[34.7848885,32.1120368],[34.7848925,32.1118743],[34.7848935,32.1118126]]},"properties":{"highway":"cycleway"}},
{"type":"Feature","geometry":{"type":"LineString","coordinates":[[34.7854129,32.1089259],[34.7854607,32.1089539],[34.7854333,32.1090473],[34.7853368,32.1093579],[34.785195,32.1098142],[34.7850626,32.1102405],[34.7850564,32.1102605],[34.7849202,32.110853],[34.784822,32.1115009],[34.7848075,32.1117281],[34.7848151,32.1117579],[34.7848447,32.1117909],[34.7848935,32.1118126]]},"properties":{"highway":"cycleway"}},
{"type":"Feature","geometry":{"type":"LineString","coordinates":[[34.8311339,32.0375878],[34.831089,32.037612],[34.8305109,32.0377111],[34.8300224,32.0377631],[34.8296189,32.0378407],[34.8293092,32.0379574],[34.8292775,32.0380967],[34.8292837,32.0382551],[34.8292482,32.0383333],[34.8292189,32.0384247],[34.8291747,32.0384675],[34.8291474,32.0384826],[34.8290698,32.0384779],[34.8289951,32.0384836],[34.8289045,32.0384951],[34.8282136,32.0386116],[34.8278333,32.0386982],[34.8276726,32.0387323],[34.8275459,32.038756],[34.8273587,32.0387761],[34.8270786,32.0388261],[34.8268704,32.038881],[34.8267432,32.0388671],[34.8267183,32.0388644],[34.8262408,32.0390097],[34.8257491,32.0391884],[34.8253306,32.0393637],[34.8248223,32.0396157],[34.8241042,32.0399828],[34.8230897,32.0405724],[34.8211747,32.0418038],[34.8205926,32.0421806],[34.8202945,32.0423645],[34.8197817,32.0426488],[34.8192494,32.042912],[34.8178179,32.043611],[34.8177317,32.0436526],[34.8174106,32.0437898],[34.8171858,32.0438917],[34.8170611,32.0439531],[34.8169588,32.0439797],[34.8169,32.0439904],[34.8168258,32.0440037],[34.8166983,32.0440282],[34.8162154,32.0441556],[34.8156039,32.0443345],[34.8147803,32.0445107],[34.8142451,32.0446104],[34.8139049,32.0446632],[34.8138035,32.0447002],[34.813728,32.0447439],[34.8136566,32.0447687],[34.8136225,32.0447641],[34.8135823,32.0447419]]},"properties":{"highway":"cycleway","image":"https://lh3.googleusercontent.com/pw/ACtC-3f2Bompn4zwqX8q7-J-oBapI0xel9bDo0laaYp6MDEL9PNhN7IKenOYI6AQTGW6NkUZSwvoL1g7suCtadZYV6FbPx0XzQWaH9OGBeWiTll-sQO-4CasRtpxBvfhZ-upvqM128pGmlUz_6pCAKn8LDFeoQ=w460-h828-no?authuser=2","surface":"asphalt","width":"3.5"}},
{"type":"Feature","geometry":{"type":"LineString","coordinates":[[34.7792018,32.0633635],[34.7791383,32.0633863],[34.7790366,32.0634437],[34.7788654,32.0635267],[34.7786374,32.0636109],[34.7784523,32.0636665],[34.7782351,32.063729],[34.7780101,32.0637772],[34.7779551,32.0637638]]},"properties":{"bicycle":"designated","cycleway:surface":"asphalt","footway:surface":"paving_stones","highway":"cycleway","lit":"yes","motor_vehicle":"no","oneway":"no","segregated":"yes","surface":"asphalt"}},
{"type":"Feature","geometry":{"type":"LineString","coordinates":[[34.7751048,32.0629096],[34.7751594,32.0628602]]},"properties":{"bicycle":"designated","cycleway":"crossing","cycleway:surface":"asphalt","cycleway:width":"3","foot":"designated","footway:surface":"asphalt","highway":"path","segregated":"yes","source:cycleway:width":"ARCore","surface":"asphalt"}},
{"type":"Feature","geometry":{"type":"LineString","coordinates":[[34.7745774,32.0625568],[34.774622,32.0625058],[34.7746407,32.0624846],[34.7746806,32.0624326]]},"properties":{"bicycle":"designated","check_date:surface":"2023-07-04","cycleway:surface":"asphalt","foot":"designated","footway:surface":"asphalt","highway":"path","segregated":"yes","surface":"asphalt"}},
{"type":"Feature","geometry":{"type":"LineString","coordinates":[[34.7743879,32.0624563],[34.774426,32.0624085],[34.7744313,32.0623987]]},"properties":{"bicycle":"designated","cycleway":"crossing","cycleway:surface":"asphalt","cycleway:width":"2.5","foot":"designated","footway:surface":"asphalt","highway":"path","lit":"yes","segregated":"yes","surface":"asphalt"}},
{"type":"Feature","geometry":{"type":"LineString","coordinates":[[34.8044116,32.043729],[34.8044048,32.0437728],[34.8043987,32.0440911],[34.8044005,32.0442008],[34.804404,32.0442104]]},"properties":{"highway":"cycleway","oneway":"yes","surface":"paved"}},
{"type":"Feature","geometry":{"type":"LineString","coordinates":[[34.801569,32.0496764],[34.8015451,32.049653],[34.8015177,32.049604],[34.8015115,32.0495501],[34.8015174,32.0495208],[34.8015378,32.0494803],[34.8015705,32.0494461],[34.8016131,32.0494209],[34.8016622,32.0494066],[34.8017121,32.0494042],[34.8017742,32.0494178],[34.8017959,32.0494274],[34.8018265,32.0494476],[34.8018631,32.0494889],[34.8018741,32.0495174],[34.801882,32.049538],[34.8018813,32.0495896],[34.8018654,32.0496309],[34.8018369,32.049667],[34.8017979,32.0496952],[34.8017417,32.0497155],[34.8016808,32.0497194],[34.8016206,32.0497059],[34.801569,32.0496764]]},"properties":{"foot":"no","highway":"cycleway","oneway":"yes"}},
{"type":"Feature","geometry":{"type":"LineString","coordinates":[[34.797326,32.042797],[34.7974981,32.0427884],[34.7975675,32.0427806],[34.7975819,32.0428135],[34.7981343,32.0441443]]},"properties":{"highway":"cycleway","oneway":"yes","surface":"asphalt"}},
{"type":"Feature","geometry":{"type":"LineString","coordinates":[[34.7599187,32.0372019],[34.7599114,32.0372426],[34.7606766,32.0379631],[34.7611076,32.03851],[34.7611224,32.0385194],[34.7611471,32.038527],[34.7611664,32.0385304],[34.7612089,32.0385312],[34.7612721,32.0385241],[34.7613136,32.0385177],[34.7613362,32.0385195],[34.7613571,32.0385361],[34.7613699,32.0385635],[34.7613796,32.0385816],[34.7613925,32.0386233]]},"properties":{"foot":"no","highway":"cycleway","name":"שביל אופנידן איילון","name:he":"אופנידן שביל איילון","surface":"asphalt"}},
{"type":"Feature","geometry":{"type":"LineString","coordinates":[[34.7617556,32.039288],[34.7617509,32.0393415],[34.7617633,32.0393919],[34.7619466,32.0398393],[34.7620679,32.0402504],[34.7621698,32.0407461],[34.7621974,32.040933],[34.7623372,32.0418697]]},"properties":{"foot":"no","highway":"cycleway","name":"שביל אופנידן איילון","name:he":"שביל אופנידן איילון","oneway":"no","surface":"asphalt"}},
{"type":"Feature","geometry":{"type":"LineString","coordinates":[[34.8279699,32.1050231],[34.8280074,32.1050004],[34.828057,32.1049901],[34.828112,32.1049845],[34.8281804,32.1049833],[34.8295524,32.1050958],[34.8296221,32.1050924],[34.8298125,32.1050594],[34.8298943,32.1050333],[34.8299842,32.104989],[34.8300593,32.1049447],[34.8301104,32.1049026],[34.830153,32.1048547],[34.8301771,32.1048145],[34.8302275,32.1047228],[34.8302628,32.1045962],[34.8302677,32.104451],[34.830208,32.1040198],[34.8302108,32.1039823],[34.8302216,32.1039481],[34.8302479,32.1039033],[34.8302899,32.1038809],[34.8303301,32.1038684],[34.830358,32.1038648],[34.8303999,32.1038593],[34.8306394,32.1038394],[34.83066,32.1038377]]},"properties":{"bicycle":"designated","foot":"designated","highway":"path"}},
{"type":"Feature","geometry":{"type":"LineString","coordinates":[[34.8177874,32.1102238],[34.8166092,32.1107475]]},"properties":{"highway":"cycleway","oneway":"no","surface":"asphalt"}},
{"type":"Feature","geometry":{"type":"LineString","coordinates":[[34.794532,32.0726441],[34.794508,32.0726375],[34.7944745,32.0726331],[34.7944418,32.0726345],[34.794359,32.0726521],[34.794275,32.0726837],[34.7942242,32.07271],[34.7941859,32.072738],[34.7941239,32.0728055],[34.794086,32.0727944]]},"properties":{"bicycle":"designated","cycleway:surface":"asphalt","cycleway:width":"2.2","foot":"designated","footway:surface":"paving_stones","highway":"path","lit":"yes","segregated":"yes"}},
{"type":"Feature","geometry":{"type":"LineString","coordinates":[[34.7927648,32.0728806],[34.793039,32.0728025],[34.79328,32.0727318],[34.7938433,32.0725689]]},"properties":{"bicycle":"designated","bridge":"yes","foot":"designated","highway":"path","layer":"1","lit":"yes","oneway":"yes","segregated":"yes","surface":"paving_stones"}},
{"type":"Feature","geometry":{"type":"LineString","coordinates":[[34.8037398,32.0993747],[34.8039513,32.099261],[34.8044141,32.0989878],[34.8044884,32.098919],[34.8045394,32.0988503],[34.8045573,32.0987879],[34.8045743,32.0986987],[34.8046086,32.0986304],[34.8046763,32.0985531],[34.8048678,32.098214],[34.8049693,32.0980104],[34.8050366,32.097831],[34.805091,32.0975669],[34.8051125,32.0974077],[34.8051125,32.0973051],[34.8050953,32.0971088],[34.8050524,32.0968906],[34.8050095,32.0967452],[34.8049322,32.0964689],[34.8048636,32.0962508],[34.8047982,32.0960881],[34.8047613,32.0959963],[34.8046396,32.0957395],[34.804559,32.0956016],[34.8045146,32.0955257],[34.8044555,32.0954523],[34.8044384,32.0954311],[34.8041769,32.0951383],[34.8040411,32.094969]]},"properties":{"bicycle":"designated","foot":"designated","highway":"path","lit":"no","oneway":"no","segregated":"yes","surface":"paved"}},
{"type":"Feature","geometry":{"type":"LineString","coordinates":[[34.7730814,32.0873526],[34.7731116,32.0873923],[34.7731307,32.087422],[34.7731584,32.0874559],[34.7732722,32.0878578],[34.7734753,32.0886221],[34.7736187,32.0890725],[34.7736113,32.0891075],[34.7736188,32.0891305],[34.7736669,32.089277],[34.7736749,32.0893011],[34.7736991,32.0893251],[34.7737785,32.0895748],[34.7743829,32.0916827],[34.7743718,32.0917274],[34.7743812,32.0917595],[34.7744146,32.0918736],[34.7744219,32.0918985],[34.7744523,32.0919248],[34.7746084,32.0924693],[34.7746192,32.0925147],[34.7746308,32.092557],[34.7746425,32.0925992],[34.77466,32.092663],[34.7750273,32.0937992],[34.7750296,32.0938541],[34.7750357,32.093873],[34.7750576,32.0939401],[34.7750635,32.0939584],[34.7750891,32.0939814],[34.7751854,32.0943002],[34.7753305,32.0947337],[34.7753437,32.0947731],[34.7755567,32.0954056],[34.7759546,32.09594],[34.7759522,32.0960279],[34.7759771,32.0960699],[34.7759994,32.0961051],[34.7759704,32.096271],[34.775961,32.0962786],[34.7759515,32.0962862],[34.7759483,32.0963139],[34.775954,32.0963217],[34.7759598,32.0963296],[34.7759034,32.096669]]},"properties":{"foot":"no","highway":"cycleway","oneway":"no","surface":"asphalt"}},
{"type":"Feature","geometry":{"type":"LineString","coordinates":[[34.7759546,32.09594],[34.7759931,32.095904],[34.7760456,32.095856],[34.776064,32.0958308],[34.7760588,32.0957793],[34.7760771,32.0957339]]},"properties":{"foot":"no","highway":"cycleway","oneway":"no"}},
{"type":"Feature","geometry":{"type":"LineString","coordinates":[[34.7759771,32.0960699],[34.7746306,32.096279],[34.7745265,32.096299],[34.7744359,32.0962964],[34.7739511,32.0963746],[34.7739103,32.0963806],[34.7738836,32.0963928],[34.7738601,32.0964081],[34.7738484,32.0964204],[34.773841,32.0964343]]},"properties":{"foot":"no","highway":"cycleway","oneway":"no","surface":"asphalt"}},
{"type":"Feature","geometry":{"type":"LineString","coordinates":[[34.7733979,32.0927269],[34.7745517,32.0926036]]},"properties":{"highway":"cycleway"}},
{"type":"Feature","geometry":{"type":"LineString","coordinates":[[34.7745517,32.0926036],[34.7745725,32.0925209],[34.7746192,32.0925147],[34.774656,32.0925078],[34.7747043,32.0925012],[34.7747589,32.0924961],[34.7748273,32.0925682]]},"properties":{"highway":"cycleway","oneway":"yes"}},
{"type":"Feature","geometry":{"type":"LineString","coordinates":[[34.7748273,32.0925682],[34.7747545,32.0925831],[34.7746803,32.092595],[34.7746425,32.0925992],[34.7745517,32.0926036]]},"properties":{"highway":"cycleway","oneway":"yes"}},
{"type":"Feature","geometry":{"type":"LineString","coordinates":[[34.8005954,32.1216188],[34.8020898,32.121368],[34.8021073,32.1213763],[34.8021528,32.1213673]]},"properties":{"bicycle":"designated","foot":"designated","footway:surface":"paving_stones","highway":"path","oneway":"no","segregated":"yes"}},
{"type":"Feature","geometry":{"type":"LineString","coordinates":[[34.8000122,32.1217287],[34.8001013,32.1216286],[34.8004859,32.121572],[34.8005366,32.1215658],[34.8005954,32.1216188]]},"properties":{"highway":"cycleway"}},
{"type":"Feature","geometry":{"type":"LineString","coordinates":[[34.7998475,32.0900341],[34.8009749,32.0896061]]},"properties":{"bridge":"yes","highway":"cycleway","layer":"1","oneway":"no","surface":"asphalt"}},
{"type":"Feature","geometry":{"type":"LineString","coordinates":[[34.8009749,32.0896061],[34.8011458,32.0895243],[34.8012237,32.0894919]]},"properties":{"bicycle":"designated","foot":"designated","highway":"path","segregated":"no"}},
{"type":"Feature","geometry":{"type":"LineString","coordinates":[[34.7986706,32.0904507],[34.7998475,32.0900341]]},"properties":{"highway":"cycleway","oneway":"no","surface":"asphalt"}},
{"type":"Feature","geometry":{"type":"LineString","coordinates":[[34.7982076,32.0906029],[34.7982559,32.0906665],[34.7983702,32.0907926],[34.7984285,32.0908693]]},"properties":{"highway":"cycleway","oneway":"no","surface":"asphalt"}},
{"type":"Feature","geometry":{"type":"LineString","coordinates":[[34.7984285,32.0908693],[34.7983917,32.0909027],[34.7983659,32.0909376]]},"properties":{"highway":"cycleway","oneway":"no"}},
{"type":"Feature","geometry":{"type":"LineString","coordinates":[[34.8128713,32.1247427],[34.812924,32.12469],[34.8144231,32.1245581],[34.8144866,32.1245958]]},"properties":{"highway":"cycleway","oneway":"yes"}},
{"type":"Feature","geometry":{"type":"LineString","coordinates":[[34.8148576,32.1246924],[34.8149252,32.1247334],[34.8149903,32.1249447],[34.8151119,32.1251506],[34.8152475,32.1252666],[34.8153407,32.1253091],[34.8154203,32.1253213],[34.8164257,32.1252871],[34.8176031,32.125247],[34.817695,32.1252988]]},"properties":{"highway":"cycleway"}},
{"type":"Feature","geometry":{"type":"LineString","coordinates":[[34.8143183,32.1053116],[34.8144471,32.1052822],[34.8148213,32.1053153],[34.8149203,32.1053241]]},"properties":{"highway":"cycleway"}},
{"type":"Feature","geometry":{"type":"LineString","coordinates":[[34.8113021,32.1032915],[34.8112482,32.1033527],[34.8111218,32.1034665],[34.8110209,32.1035838]]},"properties":{"bicycle":"designated","foot":"designated","highway":"path","segregated":"yes","surface":"asphalt"}},
{"type":"Feature","geometry":{"type":"LineString","coordinates":[[34.8083251,32.1021539],[34.8085737,32.1022227],[34.8088294,32.102248],[34.809039,32.1022077],[34.8093394,32.1021893],[34.809445,32.1022136],[34.8095902,32.1023005],[34.8098074,32.1024642],[34.80999,32.1025992],[34.8103962,32.102908],[34.8105706,32.1030163],[34.8109261,32.1030588],[34.8110841,32.1031249],[34.8113021,32.1032915]]},"properties":{"bicycle":"designated","foot":"designated","highway":"path","surface":"asphalt"}},
{"type":"Feature","geometry":{"type":"LineString","coordinates":[[34.7930697,32.0999928],[34.7931144,32.0999721],[34.7931341,32.0998814],[34.7931849,32.0996854],[34.7931999,32.0996245],[34.7932181,32.0995833],[34.7931882,32.0995494],[34.793167,32.0995254]]},"properties":{"bicycle":"designated","crossing":"marked","crossing:markings":"yes","foot":"designated","highway":"path","lit":"yes","path":"crossing","segregated":"yes"}},
{"type":"Feature","geometry":{"type":"LineString","coordinates":[[34.7830566,32.0988056],[34.7830634,32.0987162],[34.7830859,32.0985531],[34.7830814,32.0985069]]},"properties":{"bicycle":"designated","crossing":"zebra","foot":"yes","footway":"crossing","highway":"footway","one":"no"}},
{"type":"Feature","geometry":{"type":"LineString","coordinates":[[34.7832293,32.0984619],[34.7833256,32.098475],[34.7834851,32.0984966],[34.783568,32.0985052]]},"properties":{"bicycle":"designated","crossing":"marked","crossing:markings":"yes","cycleway":"crossing","foot":"designated","highway":"path"}},
{"type":"Feature","geometry":{"type":"LineString","coordinates":[[34.7802903,32.0619747],[34.7801303,32.0617581],[34.7801619,32.0617433]]},"properties":{"bicycle":"designated","foot":"designated","highway":"path","segregated":"no","surface":"paving_stones"}},
{"type":"Feature","geometry":{"type":"LineString","coordinates":[[34.7926917,32.072908],[34.7927648,32.0728806]]},"properties":{"bicycle":"designated","foot":"designated","highway":"path","oneway":"yes","segregated":"yes","surface":"paving_stones"}},
{"type":"Feature","geometry":{"type":"LineString","coordinates":[[34.7927918,32.0732089],[34.792738,32.0732281]]},"properties":{"bicycle":"designated","foot":"designated","highway":"path","lit":"yes","oneway":"yes","segregated":"yes"}},
{"type":"Feature","geometry":{"type":"LineString","coordinates":[[34.78798,32.0622162],[34.7870566,32.0626235]]},"properties":{"bicycle":"designated","bridge":"yes","foot":"designated","highway":"proposed","lanes":"2","layer":"1","name":"גשר השלושה","name:en":"HaShlosha Bridge","name:he":"גשר השלושה","proposed":"tertiary","width":"35"}},
{"type":"Feature","geometry":{"type":"LineString","coordinates":[[34.7703471,32.0665297],[34.7703987,32.066495],[34.7705488,32.0661197],[34.7707694,32.065562]]},"properties":{"highway":"cycleway","incline":"0%","motor_vehicle":"no","oneway":"no","surface":"asphalt"}},
{"type":"Feature","geometry":{"type":"LineString","coordinates":[[34.830181,32.1252444],[34.830231,32.1251862],[34.8301468,32.1245994],[34.830265,32.1244123],[34.8303021,32.1243808],[34.8312993,32.1243135],[34.8313491,32.1243518]]},"properties":{"highway":"cycleway"}},
{"type":"Feature","geometry":{"type":"LineString","coordinates":[[34.7724032,32.0614797],[34.7718179,32.061282],[34.7717751,32.0612678],[34.7717336,32.0612595],[34.7710858,32.0611299],[34.7703799,32.0610742],[34.7703448,32.0610713]]},"properties":{"bicycle":"designated","cycleway:surface":"asphalt","cycleway:width":"3","foot":"designated","footway:surface":"concrete","highway":"path","oneway":"no","segregated":"yes","source:cycleway:width":"ARCore"}},
{"type":"Feature","geometry":{"type":"LineString","coordinates":[[34.7739704,32.0620604],[34.7741633,32.0621776],[34.7744778,32.0623179],[34.7744918,32.0623243],[34.7746341,32.0624066],[34.7746806,32.0624326],[34.7746958,32.0624411],[34.7749182,32.0625748],[34.7750276,32.0626394],[34.7752178,32.0628089],[34.7756383,32.0631235],[34.7757688,32.0632087],[34.7759848,32.0633265],[34.7760701,32.0633798],[34.7760885,32.0633966],[34.776118,32.0634257],[34.776163,32.0634461],[34.7762164,32.0634426],[34.7762724,32.0634482],[34.7764391,32.063436],[34.7764663,32.0634429],[34.7765052,32.0634541]]},"properties":{"cycleway:surface":"asphalt","cycleway:width":"3","foot":"yes","footway:surface":"paving_stones","highway":"cycleway","lit":"yes","oneway":"no","segregated":"yes"}},
{"type":"Feature","geometry":{"type":"LineString","coordinates":[[34.7695745,32.0856468],[34.7695598,32.0856406],[34.7695496,32.0856322],[34.7695291,32.0856063],[34.7694066,32.0852937]]},"properties":{"bicycle":"designated","cycleway:surface":"concrete","foot":"designated","footway:surface":"paving_stones","highway":"path","lit":"yes","segregated":"yes","surface":"paved"}},
{"type":"Feature","geometry":{"type":"LineString","coordinates":[[34.7790187,32.0742236],[34.7789507,32.0742362],[34.7767204,32.0746813],[34.7762046,32.0747856],[34.7761549,32.0747493]]},"properties":{"bicycle":"designated","foot":"no","highway":"cycleway","oneway":"yes","segregated":"no","surface":"asphalt"}},
{"type":"Feature","geometry":{"type":"LineString","coordinates":[[34.7957732,32.0754173],[34.7957362,32.075427],[34.7944826,32.075792]]},"properties":{"highway":"cycleway","oneway":"yes","source:width":"ARCore","surface":"asphalt","width":"1.2"}},
{"type":"Feature","geometry":{"type":"LineString","coordinates":[[34.793472,32.0759147],[34.7944333,32.0756644]]},"properties":{"bridge":"yes","highway":"cycleway","layer":"1","oneway":"yes"}},
{"type":"Feature","geometry":{"type":"LineString","coordinates":[[34.7612782,32.0579635],[34.7600526,32.0577255]]},"properties":{"bicycle":"designated","highway":"cycleway","oneway":"no","smoothness":"excellent","surface":"asphalt"}},
{"type":"Feature","geometry":{"type":"LineString","coordinates":[[34.7731116,32.0873923],[34.7726617,32.0874713],[34.7725043,32.0875037],[34.7719213,32.0875748],[34.7715176,32.0876],[34.7713631,32.0876281],[34.771254,32.087668],[34.7711898,32.0877074],[34.7711583,32.087735],[34.7710965,32.0877673],[34.771013,32.0878133],[34.7709584,32.0878435],[34.7709103,32.087784],[34.7705995,32.0873542],[34.7702748,32.0869429],[34.7702526,32.0869147],[34.7702016,32.0868748],[34.7701506,32.0868496],[34.7700845,32.0868311],[34.7700034,32.0868215],[34.7699423,32.0868274],[34.7698205,32.0868475],[34.7697089,32.0868742],[34.7696325,32.086897],[34.7695776,32.0869369],[34.7695096,32.0870282],[34.7694778,32.0870292]]},"properties":{"highway":"cycleway"}},
{"type":"Feature","geometry":{"type":"LineString","coordinates":[[34.8111831,32.0963778],[34.8103957,32.0965303],[34.8096953,32.0965969],[34.8094317,32.096917]]},"properties":{"bicycle":"designated","foot":"designated","highway":"path","segregated":"yes","surface":"asphalt"}},
{"type":"Feature","geometry":{"type":"LineString","coordinates":[[34.8045184,32.0417666],[34.8045355,32.0412309],[34.8045372,32.0411777],[34.8045147,32.0411279],[34.8044877,32.0411097],[34.8044368,32.0410902]]},"properties":{"bicycle":"designated","foot":"designated","highway":"pedestrian","segregated":"yes","surface":"asphalt"}},
{"type":"Feature","geometry":{"type":"LineString","coordinates":[[34.8024754,32.0853526],[34.8026945,32.0857953],[34.8030916,32.0864406],[34.8031865,32.0865947],[34.8033539,32.0868666],[34.8033692,32.0868915],[34.8036631,32.087369],[34.8039546,32.0877896],[34.8040037,32.0878551],[34.8040722,32.0880887],[34.8040845,32.0883138]]},"properties":{"highway":"cycleway","surface":"asphalt"}},
{"type":"Feature","geometry":{"type":"LineString","coordinates":[[34.7753305,32.0947337],[34.7753696,32.0947169],[34.7754408,32.094718]]},"properties":{"highway":"cycleway","oneway":"no"}},
{"type":"Feature","geometry":{"type":"LineString","coordinates":[[34.7909255,32.073887],[34.7909428,32.0738287],[34.7909715,32.0737703],[34.7910051,32.073712],[34.7910375,32.0736698],[34.7910809,32.0736325],[34.7911301,32.0735962],[34.7911935,32.0735649],[34.7912473,32.0735467],[34.7913033,32.073537],[34.7913333,32.0735318],[34.7917743,32.0734945],[34.7919427,32.073468],[34.7920199,32.0734561],[34.7921372,32.0734124],[34.7922048,32.0733928],[34.7922743,32.0733753],[34.7923392,32.0733669],[34.7923965,32.0733658],[34.7924589,32.073376],[34.7925263,32.0733203]]},"properties":{"bicycle":"designated","foot":"designated","highway":"path","oneway":"no","sidewalk":"yes","surface":"asphalt"}},
{"type":"Feature","geometry":{"type":"LineString","coordinates":[[34.7946804,32.1115659],[34.79476,32.1111938],[34.7947705,32.111144]]},"properties":{"bicycle":"designated","foot":"designated","highway":"footway","level":"1","segregated":"no"}},
{"type":"Feature","geometry":{"type":"LineString","coordinates":[[34.7958368,32.1096095],[34.7958235,32.1096602],[34.7955409,32.1107368],[34.795439,32.1111323],[34.795428,32.1111873]]},"properties":{"bicycle":"designated","foot":"designated","highway":"path","oneway":"no","segregated":"yes"}},
{"type":"Feature","geometry":{"type":"LineString","coordinates":[[34.7820708,32.0711599],[34.7820341,32.0712285]]},"properties":{"bicycle":"designated","cycleway:surface":"asphalt","foot":"designated","footway:surface":"asphalt","highway":"path","lit":"yes","oneway":"no","segregated":"yes"}},
{"type":"Feature","geometry":{"type":"LineString","coordinates":[[34.8381548,32.0660019],[34.83843,32.0662088],[34.8384961,32.0662244],[34.838524,32.0662456],[34.8388422,32.0667396],[34.8388872,32.0667576],[34.8389117,32.0668349],[34.8390241,32.0669925],[34.8390694,32.0670111],[34.8390955,32.0670654],[34.8390637,32.0670961],[34.8388889,32.0671418],[34.8388458,32.0671807],[34.8388294,32.0672333],[34.8393964,32.0680621],[34.8396211,32.0681412],[34.8397129,32.0682392],[34.8398409,32.0684654],[34.8398693,32.0685156],[34.8400975,32.0689213],[34.8402195,32.0689965],[34.8404532,32.0691439]]},"properties":{"bicycle":"designated","foot":"designated","highway":"path","segregated":"yes","surface":"paving_stones"}},
{"type":"Feature","geometry":{"type":"LineString","coordinates":[[34.7830558,32.0910118],[34.7834602,32.090975],[34.7835113,32.0909872],[34.7835588,32.0910114],[34.7837101,32.0909956],[34.783743,32.0909946]]},"properties":{"highway":"cycleway","oneway":"no","surface":"paving_stones"}},
{"type":"Feature","geometry":{"type":"LineString","coordinates":[[34.8071848,32.0956442],[34.8071448,32.0957091],[34.8069748,32.0958954],[34.8069195,32.0960383],[34.8069066,32.0962614],[34.8068974,32.0963961],[34.8068757,32.0965562],[34.8068315,32.0966508],[34.806807,32.0966903],[34.8067546,32.0967602],[34.8067005,32.0968421],[34.8066579,32.096931],[34.806614,32.0970753],[34.8065908,32.0971615],[34.8065821,32.0972626],[34.8066069,32.0974255],[34.8066305,32.0975049],[34.8066849,32.0976301],[34.8067268,32.0977028],[34.8067852,32.0977801],[34.8070421,32.0982122],[34.8071212,32.0984376],[34.8071545,32.0985745],[34.8071652,32.0986275],[34.8071678,32.0986858],[34.8071598,32.0987385],[34.8071475,32.0987879],[34.8071319,32.0988313],[34.8071083,32.0988724],[34.8070702,32.0989212],[34.8070327,32.0989641],[34.8069871,32.0990015],[34.8069335,32.0990344],[34.8068879,32.0990541],[34.8068289,32.0990738],[34.8067431,32.0990882],[34.8066171,32.0990988],[34.8065347,32.0991033],[34.806181,32.0991276],[34.8058021,32.0991618],[34.8054996,32.0992191],[34.8052103,32.0993077],[34.8050727,32.0993241],[34.8047982,32.0993705],[34.8046241,32.0994082],[34.8043731,32.0994375]]},"properties":{"highway":"cycleway","lit":"no","oneway":"no","segregated":"yes","surface":"paved"}},
{"type":"Feature","geometry":{"type":"LineString","coordinates":[[34.7657631,32.041466],[34.7660043,32.042277],[34.7660816,32.0425306],[34.7663434,32.0431085],[34.7666794,32.0437888],[34.7670143,32.0442275],[34.767408,32.0446098],[34.767746,32.0449268],[34.7678286,32.0449955],[34.7678645,32.0450166],[34.7679073,32.0450358],[34.7679387,32.0450478],[34.7679796,32.0450695],[34.7680421,32.0451163],[34.7681322,32.0451877],[34.7682094,32.0452607],[34.7682455,32.0452769]]},"properties":{"highway":"cycleway","name":"שביל גרינבוים","name:he":"שביל אופנידן איילון","surface":"asphalt","width":"2"}},
{"type":"Feature","geometry":{"type":"LineString","coordinates":[[34.7835512,32.0938995],[34.7835855,32.0938708],[34.7841642,32.093798],[34.7842105,32.0937922]]},"properties":{"highway":"cycleway","surface":"asphalt"}},
{"type":"Feature","geometry":{"type":"LineString","coordinates":[[34.783743,32.0909946],[34.7837808,32.0915949],[34.7837934,32.0916553],[34.7837703,32.0916583],[34.7837328,32.0916631],[34.7840313,32.0931314],[34.7841642,32.093798]]},"properties":{"highway":"cycleway","oneway":"yes","surface":"asphalt"}},
{"type":"Feature","geometry":{"type":"LineString","coordinates":[[34.7947365,32.0728995],[34.7947718,32.0729297],[34.7950027,32.0734679],[34.7950651,32.0736307],[34.7950939,32.0737021],[34.7953643,32.0744151],[34.7957032,32.075298],[34.7956981,32.0753298],[34.7957248,32.0754009],[34.7957362,32.075427],[34.7958315,32.0756872],[34.7960266,32.076052],[34.7962907,32.0767302],[34.7962994,32.0768105],[34.7963279,32.0768976],[34.796376,32.0770128],[34.7964791,32.0771507],[34.7965569,32.0773599],[34.7966737,32.0776298],[34.796843,32.0779165],[34.7970086,32.0780759],[34.7970376,32.0780944],[34.7973951,32.0783478],[34.7985292,32.0791012],[34.7985999,32.0791224]]},"properties":{"highway":"cycleway","oneway":"no","source:width":"ARCore","surface":"asphalt","width":"2.2"}},
{"type":"Feature","geometry":{"type":"LineString","coordinates":[[34.8094317,32.096917],[34.80927,32.0971256],[34.809004,32.0981577],[34.8090065,32.0981892],[34.8090092,32.0982232],[34.8090278,32.0982886]]},"properties":{"highway":"cycleway","surface":"paving_stones"}},
{"type":"Feature","geometry":{"type":"LineString","coordinates":[[34.7756134,32.0641269],[34.7755793,32.0641902],[34.7755461,32.0642586]]},"properties":{"bicycle":"designated","foot":"designated","highway":"path","lit":"yes","segregated":"no","surface":"asphalt"}},
{"type":"Feature","geometry":{"type":"LineString","coordinates":[[34.7765052,32.0634541],[34.7765446,32.0634674],[34.776696,32.0635091],[34.776802,32.0635267],[34.7770628,32.0635536],[34.7772485,32.0635545],[34.7772681,32.0635545],[34.7778283,32.0635138],[34.7778619,32.0635107],[34.777875,32.0635125],[34.7778852,32.0635179],[34.7778937,32.0635243],[34.7779007,32.0635355]]},"properties":{"highway":"cycleway","lit":"yes","oneway":"no","source:width":"ARCore","surface":"paving_stones","width":"3"}},
{"type":"Feature","geometry":{"type":"LineString","coordinates":[[34.7754027,32.0739701],[34.7753665,32.0739847],[34.7753092,32.0740068],[34.7752778,32.0740202],[34.7747649,32.0743036],[34.7741527,32.0746294],[34.7735369,32.0749509],[34.7734977,32.0749539],[34.7734781,32.0749808],[34.773124,32.0751577],[34.7724471,32.0755039],[34.7717834,32.0758443],[34.771735,32.0758683],[34.7717219,32.075876],[34.7707082,32.0764127],[34.7700246,32.0767483],[34.7695537,32.077014],[34.7684363,32.0775868]]},"properties":{"highway":"cycleway","name":"בוגרשוב","name:ar":"بوچرشوڤ","name:en":"Bograshov","name:he":"בוגרשוב","oneway":"no","surface":"asphalt"}},
{"type":"Feature","geometry":{"type":"LineString","coordinates":[[34.77987,32.0718371],[34.7795483,32.072046],[34.7793627,32.0721622]]},"properties":{"bicycle":"designated","cycleway:surface":"paving_stones","foot":"no","footway:surface":"paving_stones","highway":"cycleway","lit":"yes","oneway":"no","segregated":"yes","surface":"asphalt","width":"1.6"}},
{"type":"Feature","geometry":{"type":"LineString","coordinates":[[34.7751594,32.0628602],[34.7751848,32.0628379],[34.7752178,32.0628089]]},"properties":{"bicycle":"designated","cycleway:surface":"asphalt","cycleway:width":"3","foot":"designated","footway:surface":"paving_stones","highway":"path","segregated":"yes"}},
{"type":"Feature","geometry":{"type":"LineString","coordinates":[[34.7762195,32.0635348],[34.7762168,32.0636092],[34.7762997,32.0636721],[34.7763641,32.063721]]},"properties":{"bicycle":"designated","foot":"designated","highway":"path"}},
{"type":"Feature","geometry":{"type":"LineString","coordinates":[[34.7591612,32.0329614],[34.759156,32.0330095],[34.7591445,32.033114],[34.7590646,32.0342294],[34.75903,32.0344187],[34.7590683,32.0352289],[34.7590634,32.0358448]]},"properties":{"bicycle":"designated","highway":"cycleway","surface":"paving_stones"}},
{"type":"Feature","geometry":{"type":"LineString","coordinates":[[34.762535,32.0419732],[34.762482,32.0419905],[34.7624166,32.0420421],[34.7623703,32.0420983]]},"properties":{"foot":"no","highway":"cycleway","oneway":"yes"}},
{"type":"Feature","geometry":{"type":"LineString","coordinates":[[34.7590743,32.0362694],[34.7589947,32.0363031],[34.7589054,32.0363348],[34.7586636,32.0363619],[34.7585657,32.0363617]]},"properties":{"bicycle":"designated","foot":"designated","highway":"path"}},
{"type":"Feature","geometry":{"type":"LineString","coordinates":[[34.7590634,32.0358448],[34.7589833,32.0358161],[34.7588912,32.0358305],[34.758619,32.0358348]]},"properties":{"bicycle":"designated","highway":"cycleway","surface":"paving_stones"}},
{"type":"Feature","geometry":{"type":"LineString","coordinates":[[34.7982076,32.0906029],[34.7983339,32.0905758],[34.7984687,32.0905239],[34.7985563,32.0904921],[34.7986706,32.0904507]]},"properties":{"bicycle":"designated","foot":"no","highway":"cycleway","oneway":"no","segregated":"yes","surface":"asphalt"}},
{"type":"Feature","geometry":{"type":"LineString","coordinates":[[34.7816311,32.0737308],[34.7814753,32.0737511],[34.7812917,32.0737833],[34.7810024,32.0738398],[34.7806474,32.0739042],[34.7805721,32.0739162]]},"properties":{"bicycle":"designated","foot":"no","highway":"cycleway","oneway":"yes","segregated":"yes","surface":"asphalt","width":"1"}},
{"type":"Feature","geometry":{"type":"LineString","coordinates":[[34.7684363,32.0775868],[34.7683825,32.0776122],[34.7675642,32.0780306],[34.7675413,32.0780378]]},"properties":{"highway":"cycleway","oneway":"yes"}},
{"type":"Feature","geometry":{"type":"LineString","coordinates":[[34.7636167,32.0585702],[34.7631933,32.0583888],[34.7625099,32.058125],[34.7623465,32.0580805],[34.7621961,32.0580533],[34.7621195,32.0580597],[34.7620532,32.0580688],[34.7620177,32.058087],[34.7619773,32.0580955]]},"properties":{"bicycle":"designated","highway":"cycleway","oneway":"no","surface":"asphalt"}},
{"type":"Feature","geometry":{"type":"LineString","coordinates":[[34.7760237,32.0634442],[34.7760701,32.0633798]]},"properties":{"bicycle":"designated","cycleway:surface":"asphalt","footway:surface":"paving_stones","highway":"cycleway","lit":"yes","oneway":"no","segregated":"yes","surface":"asphalt"}},
{"type":"Feature","geometry":{"type":"LineString","coordinates":[[34.7806802,32.0471917],[34.7806215,32.0469686],[34.7806697,32.0469437]]},"properties":{"bicycle":"designated","foot":"designated","highway":"path","lit":"yes","oneway:mtb":"yes","segregated":"yes","surface":"paving_stones"}},
{"type":"Feature","geometry":{"type":"LineString","coordinates":[[34.8134058,32.0877294],[34.8133437,32.0877076],[34.8132981,32.0876861],[34.8130596,32.0875355],[34.8130154,32.0875173],[34.812956,32.0875045],[34.8129054,32.0874819],[34.8124472,32.0871899],[34.8124169,32.087162],[34.8123893,32.0871219],[34.8123402,32.0870749],[34.8118255,32.0867423],[34.8116157,32.0866071]]},"properties":{"highway":"cycleway","oneway":"yes"}},
{"type":"Feature","geometry":{"type":"LineString","coordinates":[[34.7714965,32.0637543],[34.771525,32.0637378],[34.7716853,32.063332],[34.7716839,32.0632808]]},"properties":{"highway":"cycleway","incline":"0%","motor_vehicle":"no","oneway":"no","restriction:conditional":"no acess @ (Feb 10-Jun 16)","surface":"asphalt"}},
{"type":"Feature","geometry":{"type":"LineString","coordinates":[[34.7707694,32.065562],[34.7709712,32.0650886],[34.770959,32.06506]]},"properties":{"highway":"cycleway","incline":"0%","motor_vehicle":"no","oneway":"no","restriction:conditional":"no acess @ (Feb 10-Jun 16)","surface":"asphalt"}},
{"type":"Feature","geometry":{"type":"LineString","coordinates":[[34.7697284,32.0702611],[34.7701611,32.0705027]]},"properties":{"bicycle":"designated","highway":"pedestrian","lit":"yes","maxspeed":"30","name":"נג'ארה","name:en":"Najara","name:he":"נג'ארה","surface":"asphalt"}},
{"type":"Feature","geometry":{"type":"LineString","coordinates":[[34.7830988,32.0908328],[34.7833114,32.0908243]]},"properties":{"foot":"no","highway":"cycleway","surface":"paving_stones","width":"1.5"}},
{"type":"Feature","geometry":{"type":"LineString","coordinates":[[34.769168,32.0351857],[34.7692049,32.0351666],[34.7692152,32.0351035],[34.7692312,32.0350048],[34.7692373,32.0349676],[34.7692636,32.0349311],[34.7692618,32.0348899]]},"properties":{"bicycle":"designated","foot":"designated","highway":"path","path":"crossing"}},
{"type":"Feature","geometry":{"type":"LineString","coordinates":[[34.8019476,32.1015404],[34.8019413,32.101604],[34.8021724,32.101652]]},"properties":{"bicycle":"designated","foot":"designated","highway":"path","segregated":"yes"}},
{"type":"Feature","geometry":{"type":"LineString","coordinates":[[34.8005329,32.0592721],[34.8004735,32.0592798],[34.8003071,32.0592696],[34.8002302,32.0592674]]},"properties":{"bicycle":"designated","crossing":"marked","cycleway":"crossing","foot":"designated","highway":"path"}},
{"type":"Feature","geometry":{"type":"LineString","coordinates":[[34.7600526,32.0577255],[34.7600491,32.0576902],[34.7600433,32.0576365],[34.7600377,32.057551],[34.7600233,32.057287],[34.7599931,32.0572232],[34.7599728,32.0570202]]},"properties":{"bicycle":"designated","cycleway:surface":"asphalt","foot":"designated","footway:surface":"paving_stones","highway":"path","oneway":"no","segregated":"yes","surface":"paved","width":"3"}},
{"type":"Feature","geometry":{"type":"LineString","coordinates":[[34.77987,32.0718371],[34.7799355,32.0717886],[34.7799433,32.071782],[34.7800266,32.0717343],[34.7800763,32.0716907],[34.7808393,32.0714561],[34.7816621,32.0712268],[34.7816911,32.0712253],[34.7817215,32.071232],[34.7817469,32.0712486],[34.7817638,32.0712719]]},"properties":{"highway":"cycleway","oneway":"no","surface":"paving_stones","width":"2"}},
{"type":"Feature","geometry":{"type":"LineString","coordinates":[[34.794296,32.0723714],[34.7942636,32.0724018],[34.7942194,32.0724384],[34.794179,32.0724662],[34.7941355,32.0724851],[34.7940506,32.0725182]]},"properties":{"bicycle":"designated","highway":"path","lit":"yes","surface":"paving_stones"}},
{"type":"Feature","geometry":{"type":"LineString","coordinates":[[34.7734994,32.0782994],[34.7737451,32.0781465]]},"properties":{"bicycle":"designated","highway":"pedestrian","lit":"yes","surface":"paving_stones"}},
{"type":"Feature","geometry":{"type":"LineString","coordinates":[[34.7742194,32.0783434],[34.7741918,32.07837],[34.7741711,32.0783979],[34.774158,32.0784246],[34.7741523,32.0784357],[34.7741496,32.0784495],[34.7741459,32.0784622],[34.7741419,32.0784816],[34.7740217,32.0790689],[34.7739859,32.0792436],[34.7739992,32.079277],[34.7739927,32.079314],[34.7739828,32.07937],[34.7739786,32.0793935],[34.773956,32.0794224],[34.773904,32.0797263],[34.7738196,32.0811514],[34.7738575,32.0817849]]},"properties":{"highway":"cycleway","oneway":"yes","surface":"asphalt","width":"1.5"}},
{"type":"Feature","geometry":{"type":"LineString","coordinates":[[34.7742694,32.0844959],[34.7742474,32.0844023],[34.7742267,32.0843056],[34.7742153,32.0842536],[34.7739523,32.0830456],[34.7737603,32.0818022],[34.7737191,32.0811392],[34.7737774,32.0797307]]},"properties":{"highway":"cycleway","oneway":"yes","surface":"asphalt","width":"2"}},
{"type":"Feature","geometry":{"type":"LineString","coordinates":[[34.7560581,32.0498461],[34.756895,32.0497839]]},"properties":{"cycleway":"lane","highway":"tertiary","lanes":"2","maxspeed:type":"IL:urban","name":"יהודה הימית","name:ar":"يهودا هيميت","name:en":"Yehuda HaYamit","name:he":"יהודה הימית","name:ro":"Yehuda HaYamit","oneway":"no","parking:both":"yes","parking:type":"paid","parking_zone":"1","surface":"asphalt"}},
{"type":"Feature","geometry":{"type":"LineString","coordinates":[[34.7528669,32.0501061],[34.7530492,32.0500942],[34.7532306,32.0500843]]},"properties":{"cycleway":"lane","highway":"tertiary","lanes":"2","maxspeed:type":"IL:urban","name":"יהודה הימית","name:ar":"يهودا هيميت","name:en":"Yehuda HaYamit","name:he":"יהודה הימית","name:ro":"Yehuda HaYamit","oneway":"no","parking:both":"no","parking_zone":"1","surface":"asphalt"}},
{"type":"Feature","geometry":{"type":"LineString","coordinates":[[34.8074286,32.1004645],[34.8074616,32.1005605],[34.8076607,32.1006248],[34.8078191,32.1006491],[34.8083144,32.1005621],[34.8083357,32.1005612]]},"properties":{"highway":"cycleway","oneway":"no"}},
{"type":"Feature","geometry":{"type":"LineString","coordinates":[[34.8204591,32.1048796],[34.8206308,32.1050284]]},"properties":{"bicycle":"designated","foot":"designated","highway":"path","segregated":"yes","surface":"asphalt"}},
{"type":"Feature","geometry":{"type":"LineString","coordinates":[[34.7947429,32.0723525],[34.7947858,32.0724879]]},"properties":{"bicycle":"designated","crossing":"marked","crossing:markings":"yes","footway":"crossing","highway":"footway"}},
{"type":"Feature","geometry":{"type":"LineString","coordinates":[[34.7946895,32.0723287],[34.7947169,32.07232],[34.7947322,32.0723177],[34.7947429,32.0723525]]},"properties":{"bicycle":"designated","crossing":"traffic_signals","footway":"crossing","highway":"footway"}},
{"type":"Feature","geometry":{"type":"LineString","coordinates":[[34.7945455,32.0723595],[34.7946895,32.0723287]]},"properties":{"bicycle":"designated","crossing":"marked","crossing:markings":"yes","footway":"crossing","highway":"footway"}},
{"type":"Feature","geometry":{"type":"LineString","coordinates":[[34.7945196,32.0724191],[34.7945035,32.0723713],[34.7945455,32.0723595]]},"properties":{"bicycle":"designated","crossing":"traffic_signals","footway":"crossing","highway":"footway"}},
{"type":"Feature","geometry":{"type":"LineString","coordinates":[[34.7944826,32.075792],[34.7935443,32.0760593]]},"properties":{"bridge":"yes","highway":"cycleway","layer":"1","oneway":"yes","surface":"asphalt"}},
{"type":"Feature","geometry":{"type":"LineString","coordinates":[[34.7944333,32.0756644],[34.7947355,32.0755857],[34.7951925,32.0754504],[34.795692,32.0753014],[34.7957032,32.075298],[34.7957163,32.0752941]]},"properties":{"highway":"cycleway","oneway":"yes","surface":"asphalt","width":"1.2"}},
{"type":"Feature","geometry":{"type":"LineString","coordinates":[[34.7988947,32.0643299],[34.7975137,32.0641092],[34.7968302,32.0640561]]},"properties":{"foot":"no","highway":"cycleway","name":"יצחק שדה","name:en":"Yitzhak Sadeh","name:he":"יצחק שדה","oneway":"yes","surface":"asphalt","width":"1"}},
{"type":"Feature","geometry":{"type":"LineString","coordinates":[[34.7968302,32.0640561],[34.796786,32.0640527],[34.7962239,32.0640083]]},"properties":{"bicycle":"designated","foot":"designated","highway":"path","oneway:mtb":"yes","segregated":"no","surface":"asphalt"}},
{"type":"Feature","geometry":{"type":"LineString","coordinates":[[34.8040145,32.0582746],[34.8040254,32.0581689],[34.804046,32.0580686],[34.8043115,32.0576322],[34.8044978,32.0574238],[34.8045592,32.057368],[34.8046228,32.0573102],[34.8048077,32.0571889],[34.8051656,32.056966],[34.8056837,32.0567583],[34.806318,32.0565379]]},"properties":{"bicycle":"designated","fixme":"unfinished","foot":"designated","highway":"path","oneway":"no","segregated":"yes","surface":"asphalt"}},
{"type":"Feature","geometry":{"type":"LineString","coordinates":[[34.806318,32.0565379],[34.8065504,32.0564606],[34.8077005,32.0560784],[34.8082011,32.0558819],[34.8088712,32.0556044],[34.8093585,32.0553632],[34.8096738,32.055202],[34.8097378,32.0551692],[34.8097613,32.0551572],[34.8099484,32.0550515],[34.8101856,32.054894],[34.810261,32.0548404],[34.810292,32.0548102],[34.8103189,32.05478],[34.8108258,32.0543691]]},"properties":{"bicycle":"designated","fixme":"unfinished","foot":"designated","highway":"path","oneway":"no","segregated":"no","surface":"asphalt"}},
{"type":"Feature","geometry":{"type":"LineString","coordinates":[[34.7846623,32.0737897],[34.7846515,32.0735139]]},"properties":{"bicycle":"designated","foot":"designated","highway":"path","lit":"yes","oneway":"no","segregated":"no","surface":"paving_stones"}},
{"type":"Feature","geometry":{"type":"LineString","coordinates":[[34.7701529,32.051207],[34.7700859,32.0512108],[34.7699227,32.0512515],[34.7699344,32.0512887],[34.7699437,32.0513184],[34.7700122,32.051456],[34.7701238,32.0515092],[34.7701775,32.0518105],[34.7703207,32.0529534],[34.7703357,32.0530763],[34.7703467,32.0531162],[34.7703711,32.0532045],[34.7704195,32.0533136],[34.7706512,32.0535616],[34.770735,32.0536578],[34.7707553,32.0536962],[34.7708014,32.0537832],[34.7708463,32.0540274],[34.7708431,32.0547353],[34.7708373,32.0548064],[34.77079,32.0563073],[34.7708194,32.0572595],[34.7708417,32.0581157],[34.7707323,32.0588451],[34.7706072,32.0597063],[34.7704645,32.0605055],[34.7704609,32.0605238],[34.7703872,32.060877],[34.7703448,32.0610713],[34.7703357,32.0611134],[34.7702501,32.0615073],[34.7702401,32.0615601],[34.7701224,32.062132],[34.7701165,32.0621606],[34.7701056,32.0622146],[34.7699818,32.0627685],[34.7699778,32.0627869],[34.7699735,32.0628061],[34.7699696,32.0628418],[34.7699575,32.0628843],[34.7699536,32.0629074],[34.7699285,32.0630181],[34.7698405,32.0634063],[34.7697957,32.063592],[34.7698276,32.0636281]]},"properties":{"highway":"cycleway","lit":"yes","oneway":"no","surface":"asphalt","width":"3"}},
{"type":"Feature","geometry":{"type":"LineString","coordinates":[[34.7738575,32.0817849],[34.7740584,32.0830299],[34.7741928,32.0836988],[34.7743084,32.0842308],[34.7743187,32.0842781],[34.7743493,32.0843724],[34.7743792,32.0844598]]},"properties":{"highway":"cycleway","oneway":"yes","surface":"asphalt"}},
{"type":"Feature","geometry":{"type":"LineString","coordinates":[[34.7759034,32.096669],[34.7758572,32.0971407],[34.7758397,32.0971758],[34.7758115,32.09719],[34.7757801,32.097189],[34.7757695,32.0972126],[34.7757394,32.0972935],[34.7757321,32.0973124],[34.7757567,32.0973216],[34.7757857,32.0973348],[34.7758313,32.0973563],[34.7758559,32.0973822],[34.775865,32.0973918],[34.7759119,32.0975947],[34.7759137,32.0976215],[34.7759158,32.0976533],[34.7759155,32.0976991],[34.7759104,32.0977181],[34.7758872,32.0977608],[34.7758443,32.0978437],[34.7758419,32.0978484],[34.7758136,32.0979145],[34.775704,32.0981598],[34.7756895,32.098213],[34.7756773,32.0983097],[34.7756619,32.0983331],[34.7756333,32.0983746]]},"properties":{"highway":"cycleway","oneway":"no","surface":"asphalt"}},
{"type":"Feature","geometry":{"type":"LineString","coordinates":[[34.814632,32.0433618],[34.8148048,32.0432746]]},"properties":{"bicycle":"designated","highway":"path","surface":"asphalt"}},
{"type":"Feature","geometry":{"type":"LineString","coordinates":[[34.782482,32.0882882],[34.7826943,32.0893563],[34.7827231,32.0894991],[34.7828262,32.0900743],[34.782903,32.0906785],[34.7829084,32.0907213]]},"properties":{"bicycle":"designated","cycleway:surface":"paving_stones","cycleway:width":"1.5","foot":"designated","footway":"sidewalk","footway:surface":"paving_stones","highway":"footway","mtb:name":"שביל אבן גבירול","mtb:name:he":"שביל אבן גבירול","oneway":"yes","surface":"paving_stones"}},
{"type":"Feature","geometry":{"type":"LineString","coordinates":[[34.7904138,32.0645041],[34.7892517,32.0647064]]},"properties":{"bridge":"yes","highway":"cycleway","layer":"1","oneway":"no","surface":"asphalt","width":"2"}},
{"type":"Feature","geometry":{"type":"LineString","coordinates":[[34.7986108,32.0640716],[34.7986715,32.0641394]]},"properties":{"foot":"no","highway":"cycleway","name":"יצחק שדה","name:en":"Yitzhak Sadeh","name:he":"יצחק שדה","oneway":"yes","surface":"asphalt"}},
{"type":"Feature","geometry":{"type":"LineString","coordinates":[[34.7788957,32.0379536],[34.7787814,32.0380141],[34.7786295,32.0380945],[34.7785195,32.0380229],[34.7784158,32.0379555],[34.7782334,32.0378103],[34.778051,32.0376572],[34.7779198,32.0374767],[34.7778491,32.0373932],[34.7777864,32.0373902]]},"properties":{"bicycle":"designated","foot":"designated","highway":"path","lit":"yes","segregated":"yes"}},
{"type":"Feature","geometry":{"type":"LineString","coordinates":[[34.7986028,32.0908072],[34.7984906,32.0908472],[34.7984285,32.0908693]]},"properties":{"highway":"cycleway","oneway":"no","surface":"asphalt"}},
{"type":"Feature","geometry":{"type":"LineString","coordinates":[[34.7942955,32.0998831],[34.794349,32.0998958],[34.7944254,32.0998868],[34.7952251,32.1000389],[34.7954267,32.1000085],[34.7954929,32.1000605],[34.7956665,32.1001394],[34.7962341,32.1002871],[34.796781,32.1004112],[34.7977007,32.1006173],[34.7981626,32.100704]]},"properties":{"highway":"cycleway","surface":"concrete"}},
{"type":"Feature","geometry":{"type":"LineString","coordinates":[[34.799092,32.1002746],[34.799152,32.1003221],[34.7991878,32.1003418],[34.7992305,32.1003635],[34.7993117,32.1004053],[34.7993683,32.1004253],[34.7995384,32.1004354],[34.7997065,32.1004387],[34.7997579,32.100437],[34.7998104,32.10044],[34.7998728,32.1004489],[34.8001442,32.1005031],[34.8002161,32.1005174],[34.8002844,32.1005273],[34.8005075,32.1005316],[34.8006354,32.1005244],[34.8007329,32.1005143],[34.8009674,32.1004415],[34.8015891,32.1002423],[34.8018171,32.1001943],[34.8019834,32.1001646],[34.8022564,32.1001352]]},"properties":{"highway":"cycleway","surface":"paving_stones"}},
{"type":"Feature","geometry":{"type":"LineString","coordinates":[[34.8158644,32.1046736],[34.8154838,32.1049359],[34.8152133,32.1051222],[34.8149203,32.1053241],[34.8147446,32.1054451]]},"properties":{"bicycle":"designated","foot":"yes","highway":"path","oneway":"no","surface":"asphalt"}},
{"type":"Feature","geometry":{"type":"LineString","coordinates":[[34.794204,32.1070456],[34.7942101,32.1070137],[34.794276,32.1066719],[34.7944744,32.1055627],[34.7945147,32.1053519],[34.794443,32.105325]]},"properties":{"highway":"cycleway","name":"שביל רדינג","name:he":"שביל רדינג","oneway":"no","surface":"asphalt","width":"2.2"}},
{"type":"Feature","geometry":{"type":"LineString","coordinates":[[34.7477607,32.0478315],[34.7477169,32.0479381],[34.7479871,32.0483627],[34.7481,32.0485402],[34.7481179,32.0485683],[34.7485736,32.04931],[34.7489414,32.0498978],[34.7491449,32.0502469],[34.7492009,32.0502219],[34.7492211,32.0502128],[34.7492984,32.050344],[34.7495703,32.0508061],[34.7495872,32.0508547],[34.7496195,32.0509876],[34.7496755,32.0511187],[34.7497074,32.051152],[34.7498235,32.0512859],[34.7502636,32.0516885],[34.7503154,32.0517836],[34.7503248,32.0518744],[34.7502819,32.0519195],[34.7502913,32.0519678]]},"properties":{"highway":"cycleway","surface":"asphalt","width":"1.5"}},
{"type":"Feature","geometry":{"type":"LineString","coordinates":[[34.8021528,32.1213673],[34.8022896,32.1213413],[34.802335,32.1213128],[34.8023761,32.121287],[34.802482,32.1212641],[34.8027541,32.121205],[34.8028364,32.1212089],[34.8028915,32.1212115],[34.803103,32.1211604],[34.8049134,32.1207815],[34.806427,32.1203217],[34.8077176,32.1198474],[34.8077369,32.1198403],[34.8094618,32.1192516]]},"properties":{"highway":"cycleway","surface":"asphalt"}},
{"type":"Feature","geometry":{"type":"LineString","coordinates":[[34.7754408,32.094718],[34.7763408,32.0947823],[34.7763694,32.0948129]]},"properties":{"foot":"no","highway":"cycleway","horse":"no","motor_vehicle":"no","name":"ירמיהו","name:en":"Yirmiyahu","name:he":"ירמיהו","oneway":"no","surface":"asphalt","width":"2"}},
{"type":"Feature","geometry":{"type":"LineString","coordinates":[[34.7760771,32.0957339],[34.7761045,32.0956487],[34.7764169,32.0948159]]},"properties":{"foot":"no","highway":"cycleway","name":"דיזנגוף","name:en":"Dizengoff","name:he":"דיזנגוף","surface":"asphalt","width":"2"}},
{"type":"Feature","geometry":{"type":"LineString","coordinates":[[34.7684275,32.0456268],[34.7686,32.045832],[34.768715,32.0461212],[34.7687693,32.0462835],[34.7690019,32.0470097]]},"properties":{"highway":"cycleway","oneway":"no","surface":"asphalt"}},
{"type":"Feature","geometry":{"type":"LineString","coordinates":[[34.7690019,32.0470097],[34.7690495,32.0473745],[34.769142,32.0480585],[34.7692668,32.0486967],[34.7692764,32.0488661],[34.7692848,32.0490132],[34.769307,32.0493511],[34.7693474,32.0495833],[34.7693534,32.049598],[34.7694673,32.0498539],[34.7697024,32.0502761]]},"properties":{"highway":"cycleway","oneway":"no","surface":"asphalt"}},
{"type":"Feature","geometry":{"type":"LineString","coordinates":[[34.7957359,32.0818118],[34.7959383,32.0816561],[34.7959583,32.0816356],[34.7959722,32.0816152],[34.7959976,32.0815847],[34.7961719,32.0814199],[34.7961944,32.0814026],[34.7962272,32.0813779],[34.7962731,32.0813575],[34.7963045,32.08135],[34.7963335,32.081348],[34.7963549,32.0813413],[34.7963673,32.0813327],[34.7963887,32.0813128],[34.7966623,32.0810496],[34.7966863,32.0810147],[34.7967036,32.0809882],[34.7967079,32.0809712],[34.7967085,32.0809527],[34.7966959,32.0809347],[34.7966798,32.0809212],[34.7965197,32.0808316],[34.7959531,32.0805087],[34.7959145,32.0804793],[34.795884,32.0804492],[34.7958562,32.080427],[34.7958321,32.0804158],[34.7957978,32.0804144],[34.7957504,32.080413],[34.7957173,32.0804078],[34.7956976,32.0804002],[34.7954846,32.0802831],[34.7954578,32.0802683],[34.795384,32.0802525],[34.795339,32.0802622]]},"properties":{"bicycle":"designated","foot":"designated","highway":"path","oneway":"yes","segregated":"yes","surface":"paved"}},
{"type":"Feature","geometry":{"type":"LineString","coordinates":[[34.7845446,32.0758389],[34.7845901,32.0758554],[34.7847956,32.0758657],[34.7849203,32.0758828],[34.7851657,32.0759214],[34.785273,32.0759408],[34.7853521,32.0759544]]},"properties":{"bicycle":"designated","cycleway:surface":"asphalt","foot":"designated","highway":"path","oneway":"no","segregated":"yes","surface":"asphalt"}},
{"type":"Feature","geometry":{"type":"LineString","coordinates":[[34.7738027,32.0796023],[34.774033,32.0784589],[34.7740406,32.0784237],[34.774034,32.0783755],[34.7740059,32.0783183],[34.7739841,32.0782939]]},"properties":{"highway":"cycleway","oneway":"yes","surface":"asphalt"}},
{"type":"Feature","geometry":{"type":"LineString","coordinates":[[34.794204,32.1070456],[34.7941916,32.1071119],[34.7941895,32.1073197],[34.7942316,32.1083048],[34.7945227,32.1088641],[34.7948331,32.1091646],[34.7951993,32.1093617],[34.7951607,32.109427],[34.7951201,32.1095234],[34.7958235,32.1096602],[34.7965157,32.109776],[34.7973731,32.10991],[34.7979557,32.1099935],[34.7980778,32.110019]]},"properties":{"highway":"cycleway","name":"שביל רדינג","name:he":"שביל רדינג","oneway":"no","surface":"asphalt","width":"2.5"}},
{"type":"Feature","geometry":{"type":"LineString","coordinates":[[34.7781271,32.096942],[34.778031,32.097014],[34.7779646,32.0971301]]},"properties":{"bicycle":"designated","foot":"designated","highway":"path","oneway":"no","segregated":"no","surface":"paving_stones"}},
{"type":"Feature","geometry":{"type":"LineString","coordinates":[[34.7784706,32.0966562],[34.7783563,32.0967499]]},"properties":{"bicycle":"designated","foot":"designated","highway":"path","segregated":"no"}},
{"type":"Feature","geometry":{"type":"LineString","coordinates":[[34.7966798,32.0809212],[34.7967241,32.0808712],[34.7968359,32.080745],[34.7969266,32.0806363]]},"properties":{"bicycle":"designated","cycleway":"crossing","foot":"designated","highway":"path"}},
{"type":"Feature","geometry":{"type":"LineString","coordinates":[[34.7938472,32.0769493],[34.7935613,32.0770543],[34.7930362,32.0772128],[34.7930059,32.0772238],[34.7928554,32.0772464],[34.7927767,32.0772826],[34.7927316,32.0773372]]},"properties":{"highway":"cycleway","oneway":"no"}},
{"type":"Feature","geometry":{"type":"LineString","coordinates":[[34.8094282,32.0961173],[34.8094338,32.0955726],[34.8094194,32.0954039],[34.8094244,32.0951859],[34.8094182,32.0951439],[34.80939,32.0950652]]},"properties":{"highway":"cycleway","oneway":"no","surface":"asphalt"}},
{"type":"Feature","geometry":{"type":"LineString","coordinates":[[34.7941916,32.1071119],[34.7944817,32.107159],[34.7946766,32.1071648],[34.7948981,32.1072509],[34.7949584,32.1072176],[34.7951205,32.1071875]]},"properties":{"highway":"cycleway"}},
{"type":"Feature","geometry":{"type":"LineString","coordinates":[[34.7853748,32.067562],[34.7854604,32.0674889],[34.7855263,32.0674328]]},"properties":{"bicycle":"designated","crossing":"marked","cycleway":"crossing","foot":"designated","highway":"path","surface":"asphalt"}},
{"type":"Feature","geometry":{"type":"LineString","coordinates":[[34.8394733,32.1086025],[34.8396321,32.1082365],[34.8396605,32.1081638],[34.8396812,32.1080925],[34.8397029,32.1080025],[34.839763,32.1077454]]},"properties":{"bicycle":"designated","foot":"designated","highway":"path","oneway":"no","segregated":"yes","separated":"yes"}},
{"type":"Feature","geometry":{"type":"LineString","coordinates":[[34.7816647,32.0742861],[34.7816907,32.0737933]]},"properties":{"bicycle":"designated","cycleway:surface":"paving_stones","cycleway:width":"0.5","foot":"designated","footway:surface":"paving_stones","highway":"path","oneway":"yes","segregated":"yes","surface":"paving_stones"}},
{"type":"Feature","geometry":{"type":"LineString","coordinates":[[34.7970479,32.0811468],[34.7970374,32.0811315],[34.7970196,32.0811177],[34.7969353,32.0810701],[34.7968005,32.0810003],[34.7967085,32.0809527]]},"properties":{"bicycle":"designated","crossing":"marked","cycleway":"crossing","foot":"designated","highway":"path"}},
{"type":"Feature","geometry":{"type":"LineString","coordinates":[[34.7759675,32.0635077],[34.7760237,32.0634442]]},"properties":{"bicycle":"designated","cycleway":"crossing","foot":"designated","highway":"path","surface":"paving_stones"}},
{"type":"Feature","geometry":{"type":"LineString","coordinates":[[34.7744313,32.0623987],[34.7744918,32.0623243],[34.7745387,32.0622641]]},"properties":{"bicycle":"designated","cycleway:surface":"asphalt","cycleway:width":"2.5","foot":"designated","footway:surface":"paving_stones","highway":"path","lit":"yes","segregated":"yes","source:cycleway:width":"ARCore"}},
{"type":"Feature","geometry":{"type":"LineString","coordinates":[[34.7800667,32.0986538],[34.7809352,32.0986881]]},"properties":{"highway":"cycleway","oneway":"no","surface":"asphalt","width":"2"}},
{"type":"Feature","geometry":{"type":"LineString","coordinates":[[34.7837007,32.0878102],[34.7838119,32.0877915],[34.7839037,32.087776],[34.7844787,32.0876756],[34.7846473,32.0876619]]},"properties":{"bicycle":"designated","highway":"cycleway","oneway":"yes","surface":"asphalt"}},
{"type":"Feature","geometry":{"type":"LineString","coordinates":[[34.7919724,32.0698582],[34.7918605,32.0699009],[34.7918148,32.0699184]]},"properties":{"alt_name:en":"Gesher Yehudit","highway":"cycleway","lit":"yes","name":"גשר יהודית","name:en":"Yehudit Bridge","name:he":"גשר יהודית","oneway":"yes","surface":"asphalt"}},
{"type":"Feature","geometry":{"type":"LineString","coordinates":[[34.791798,32.0698272],[34.7918631,32.0698499],[34.7919724,32.0698582]]},"properties":{"highway":"cycleway","oneway":"yes","surface":"wood"}},
{"type":"Feature","geometry":{"type":"LineString","coordinates":[[34.7837162,32.0879514],[34.7837081,32.0879096],[34.783697,32.087844],[34.7837007,32.0878102]]},"properties":{"crossing":"traffic_signals","crossing:markings":"yes","cycleway":"crossing","foot":"designated","highway":"cycleway","oneway":"yes","surface":"asphalt"}},
{"type":"Feature","geometry":{"type":"LineString","coordinates":[[34.8079046,32.1200025],[34.8078434,32.1198824]]},"properties":{"bicycle":"designated","crossing":"marked","crossing:island":"yes","cycleway":"crossing","foot":"designated","highway":"path","tactile_paving":"yes"}},
{"type":"Feature","geometry":{"type":"LineString","coordinates":[[34.7985563,32.0904921],[34.7985868,32.0905376],[34.7986219,32.0905898],[34.7986464,32.090689],[34.7986698,32.0907837],[34.7986028,32.0908072]]},"properties":{"bicycle":"designated","cycleway":"crossing","foot":"designated","highway":"path","surface":"asphalt"}},
{"type":"Feature","geometry":{"type":"LineString","coordinates":[[34.7812008,32.0670797],[34.7813081,32.0670302],[34.7816209,32.0668857],[34.7819047,32.0667108],[34.7820546,32.0666312],[34.7821463,32.0665787],[34.7822516,32.0665006],[34.7822917,32.0664788],[34.7823603,32.0664557],[34.7824198,32.0664345],[34.7828078,32.0662284],[34.7831033,32.0660947],[34.7833432,32.0659812],[34.7834331,32.0659328]]},"properties":{"highway":"cycleway","oneway":"no","source:width":"ARCore","surface":"asphalt","width":"2.5"}},
{"type":"Feature","geometry":{"type":"LineString","coordinates":[[34.7935443,32.0760593],[34.7935024,32.0760729],[34.7934891,32.0760455]]},"properties":{"highway":"cycleway","oneway":"yes"}},
{"type":"Feature","geometry":{"type":"LineString","coordinates":[[34.7991874,32.0644223],[34.7992346,32.0644399]]},"properties":{"cycleway":"crossing","footway":"crossing","footway:surface":"asphalt","highway":"path","segregated":"yes"}},
{"type":"Feature","geometry":{"type":"LineString","coordinates":[[34.8233612,32.0535433],[34.8229393,32.0542015],[34.8229247,32.05423]]},"properties":{"bicycle":"designated","foot":"no","highway":"cycleway","motor_vehicle":"no","oneway":"no","surface":"asphalt","width":"2"}},
{"type":"Feature","geometry":{"type":"LineString","coordinates":[[34.8229247,32.05423],[34.8224622,32.0555388],[34.8224573,32.0555528]]},"properties":{"bicycle":"designated","foot":"no","highway":"cycleway","motor_vehicle":"no","oneway":"no","source:width":"ARCore","surface":"asphalt","width":"2"}},
{"type":"Feature","geometry":{"type":"LineString","coordinates":[[34.8233612,32.0535433],[34.8234304,32.0535672]]},"properties":{"bicycle":"designated","foot":"no","highway":"cycleway","lit":"yes","motor_vehicle":"no","oneway":"no","surface":"asphalt","width":"2"}},
{"type":"Feature","geometry":{"type":"LineString","coordinates":[[34.7759551,32.0483912],[34.7759687,32.0484176],[34.7759919,32.0484513],[34.7760574,32.0485851],[34.7760709,32.0486191]]},"properties":{"highway":"cycleway"}},
{"type":"Feature","geometry":{"type":"LineString","coordinates":[[34.7741642,32.0776373],[34.7741982,32.0776159],[34.7742087,32.0775964],[34.7742156,32.077577],[34.7742208,32.0775588],[34.7742332,32.0775073],[34.7743752,32.076967],[34.7744005,32.0768709],[34.7744105,32.0768413],[34.7746734,32.0760645],[34.7746964,32.0760193],[34.7747653,32.0759014],[34.7748833,32.0757083],[34.774953,32.0756085]]},"properties":{"highway":"cycleway","oneway":"yes","surface":"asphalt"}},
{"type":"Feature","geometry":{"type":"LineString","coordinates":[[34.7750833,32.0756964],[34.7750389,32.0757559],[34.7749315,32.075961],[34.7748819,32.0760613],[34.7747399,32.0763998],[34.7746305,32.0766816],[34.7745659,32.0768807],[34.7745516,32.076925],[34.7745273,32.0770043],[34.7743686,32.0775221],[34.7743571,32.0776011],[34.7743647,32.0776406],[34.7743934,32.0776774]]},"properties":{"highway":"cycleway","oneway":"yes","surface":"asphalt"}},
{"type":"Feature","geometry":{"type":"LineString","coordinates":[[34.7798705,32.081563],[34.7797908,32.0815767]]},"properties":{"bicycle":"designated","foot":"designated","highway":"path","lit":"yes","mtb:name":"שביל דוד בן גוריון","mtb:name:he":"שביל דוד בן גוריון","oneway":"no","path":"crossing","surface":"concrete"}},
{"type":"Feature","geometry":{"type":"LineString","coordinates":[[34.7813891,32.0788891],[34.7813959,32.0793296],[34.7813994,32.0795023]]},"properties":{"bicycle":"designated","foot":"designated","highway":"path","mtb:name":"שביל אבן גבירול","mtb:name:en":"Even Gvirol path","mtb:name:he":"שביל אבן גבירול","oneway":"yes","segregated":"yes","surface":"paved"}},
{"type":"Feature","geometry":{"type":"LineString","coordinates":[[34.7995462,32.06407],[34.7996191,32.0640693],[34.7997228,32.0640478],[34.7999461,32.0639767],[34.8009125,32.0634558],[34.801196,32.0633486],[34.8014637,32.0632777],[34.8029499,32.0632022],[34.803514,32.0631683],[34.8035792,32.0632248]]},"properties":{"highway":"cycleway","oneway":"no","surface":"asphalt","width":"2"}},
{"type":"Feature","geometry":{"type":"LineString","coordinates":[[34.7735335,32.0618999],[34.7735816,32.0619176],[34.7739704,32.0620604]]},"properties":{"alt_name:en":"Mikveh Israel;Miqve Israel","cycleway:surface":"asphalt","cycleway:width":"3","foot":"yes","footway:surface":"paving_stones","highway":"cycleway","lit":"yes","name":"מקוה ישראל","name:en":"Mikve Israel","name:he":"מקוה ישראל","oneway":"no","segregated":"yes"}},
{"type":"Feature","geometry":{"type":"LineString","coordinates":[[34.7724032,32.0614797],[34.7731029,32.0617408],[34.7734175,32.0618582],[34.7734907,32.0618847]]},"properties":{"alt_name:en":"Yehuda Ha'Levi;Yehuda HaLevy;Jehuda HaLevi;Jehuda Ha'Levi","bicycle":"designated","cycleway:surface":"asphalt","foot":"designated","footway:surface":"asphalt","highway":"path","name":"יהודה הלוי","name:ar":"يِهودا هاليڨي","name:en":"Yehuda HaLevi","name:he":"יהודה הלוי","name:ru":"Иегуда ХаЛеви","oneway":"no","segregated":"yes","surface":"asphalt"}},
{"type":"Feature","geometry":{"type":"LineString","coordinates":[[34.782903,32.0906785],[34.7828452,32.0906862],[34.7827277,32.0907018],[34.7826879,32.0907071]]},"properties":{"bicycle":"designated","check_date:surface":"2023-12-03","cycleway:surface":"asphalt","foot":"designated","footway:surface":"asphalt","highway":"path","segregated":"yes","surface":"asphalt"}},
{"type":"Feature","geometry":{"type":"LineString","coordinates":[[34.7758501,32.0598833],[34.7758208,32.0598596],[34.7757388,32.0596423],[34.7756152,32.0593184],[34.7753477,32.0586192],[34.7751315,32.0580764]]},"properties":{"highway":"cycleway","surface":"asphalt","width":"1.5"}},
{"type":"Feature","geometry":{"type":"LineString","coordinates":[[34.775971,32.0602779],[34.7759417,32.0602571],[34.7758746,32.0600246],[34.7758868,32.0599907]]},"properties":{"highway":"cycleway","surface":"asphalt"}},
{"type":"Feature","geometry":{"type":"LineString","coordinates":[[34.7502913,32.0519678],[34.7502646,32.0519738]]},"properties":{"highway":"cycleway","surface":"asphalt"}},
{"type":"Feature","geometry":{"type":"LineString","coordinates":[[34.7502913,32.0519678],[34.750307,32.0520136],[34.7503397,32.0520492],[34.7504106,32.052075],[34.75062,32.0520758]]},"properties":{"highway":"cycleway","oneway":"yes","surface":"asphalt"}},
{"type":"Feature","geometry":{"type":"LineString","coordinates":[[34.802075,32.1216919],[34.8021195,32.1216354],[34.8021362,32.1215624],[34.8021034,32.1214056],[34.8021073,32.1213763]]},"properties":{"highway":"cycleway","oneway":"no"}},
{"type":"Feature","geometry":{"type":"LineString","coordinates":[[34.764917,32.0515913],[34.7648814,32.0516046],[34.7646434,32.0516936],[34.7644593,32.0517702],[34.7643909,32.0517426],[34.764301,32.0517664],[34.763418,32.0519996],[34.7628371,32.052153],[34.7627096,32.0521882],[34.7624801,32.0522516]]},"properties":{"bicycle":"designated","cycleway:surface":"asphalt","foot":"no","highway":"cycleway","segregated":"yes","width":"2"}},
{"type":"Feature","geometry":{"type":"LineString","coordinates":[[34.7624801,32.0522516],[34.7623459,32.0523184],[34.7621585,32.0523958],[34.761385,32.0526068]]},"properties":{"bicycle":"designated","covered":"yes","cycleway:surface":"asphalt","foot":"no","highway":"cycleway","segregated":"yes","width":"1"}},
{"type":"Feature","geometry":{"type":"LineString","coordinates":[[34.7755947,32.075056],[34.7755374,32.0751461]]},"properties":{"covered":"yes","highway":"cycleway","oneway":"yes"}},
{"type":"Feature","geometry":{"type":"LineString","coordinates":[[34.7750193,32.0755164],[34.7750515,32.0754743],[34.7750489,32.0754399],[34.7751418,32.0753255],[34.7752514,32.0752617]]},"properties":{"highway":"cycleway","oneway":"yes","surface":"asphalt"}},
{"type":"Feature","geometry":{"type":"LineString","coordinates":[[34.774953,32.0756085],[34.7750193,32.0755164]]},"properties":{"covered":"yes","highway":"cycleway","oneway":"yes"}},
{"type":"Feature","geometry":{"type":"LineString","coordinates":[[34.7755374,32.0751461],[34.7755223,32.0751738],[34.775351,32.0753734],[34.7752609,32.0754554],[34.7751489,32.0756068]]},"properties":{"highway":"cycleway","oneway":"yes","surface":"asphalt"}},
{"type":"Feature","geometry":{"type":"LineString","coordinates":[[34.7751489,32.0756068],[34.7751267,32.0756371],[34.7750833,32.0756964]]},"properties":{"covered":"yes","highway":"cycleway","oneway":"yes"}},
{"type":"Feature","geometry":{"type":"LineString","coordinates":[[34.7661734,32.0734723],[34.7655834,32.073626],[34.7655295,32.0736496],[34.7655151,32.0736559],[34.7654669,32.0736921],[34.7654357,32.0737281],[34.7653353,32.0738755],[34.7653157,32.0738986],[34.7652854,32.0739211],[34.7652497,32.0739353],[34.7651038,32.0739719]]},"properties":{"bicycle":"designated","foot":"designated","highway":"path","name":"אלנבי","name:ar":"اللنبي","name:en":"Allenby","name:he":"אלנבי","name:ru":"Алленби"}},
{"type":"Feature","geometry":{"type":"LineString","coordinates":[[34.7837079,32.065801],[34.7838,32.0657435],[34.783914,32.065723],[34.7839707,32.0657073],[34.7841882,32.0656374],[34.7842707,32.0656163],[34.7844768,32.0655658],[34.7850954,32.0654277]]},"properties":{"bicycle":"yes","highway":"cycleway","surface":"asphalt"}},
{"type":"Feature","geometry":{"type":"LineString","coordinates":[[34.7786591,32.0952991],[34.7786031,32.0952787],[34.7785161,32.0953103],[34.778354,32.0950272],[34.7766179,32.0948094],[34.7765783,32.094832]]},"properties":{"highway":"cycleway","oneway":"no","surface":"asphalt"}},
{"type":"Feature","geometry":{"type":"LineString","coordinates":[[34.7779397,32.0636946],[34.7779551,32.0637638]]},"properties":{"crossing":"marked","crossing:markings":"yes","cycleway":"crossing","highway":"cycleway","surface":"paving_stones"}},
{"type":"Feature","geometry":{"type":"LineString","coordinates":[[34.7873522,32.0693278],[34.7873423,32.069255],[34.7873231,32.0691711],[34.7873147,32.0691361],[34.7872208,32.0691323],[34.7871758,32.0691253],[34.7871408,32.0691165],[34.7871189,32.0691003],[34.7871065,32.0690775],[34.7870927,32.0690281],[34.7870465,32.0689631],[34.7866406,32.0685849],[34.7855454,32.0677033],[34.7853748,32.067562],[34.7845462,32.0668753],[34.7839487,32.0663371],[34.7838595,32.0662994],[34.7838335,32.0662926],[34.7838075,32.0662801],[34.7837044,32.0661754],[34.7835879,32.0660741],[34.7834863,32.0659819],[34.7834331,32.0659328],[34.7834233,32.0659217],[34.7834187,32.0659122],[34.7834182,32.0659009],[34.7834165,32.0658931],[34.7833877,32.0658638]]},"properties":{"highway":"cycleway","oneway":"no","surface":"asphalt"}},
{"type":"Feature","geometry":{"type":"LineString","coordinates":[[34.7909255,32.073887],[34.7909234,32.0739664],[34.7909467,32.0741208],[34.7910033,32.0742887],[34.7910261,32.0743562],[34.7913282,32.075133],[34.7914055,32.0752789],[34.7914261,32.0753118],[34.7919986,32.0762227],[34.792094,32.0763734]]},"properties":{"highway":"cycleway","oneway":"no","surface":"asphalt","width":"1.2"}},
{"type":"Feature","geometry":{"type":"LineString","coordinates":[[34.7837079,32.065801],[34.7836659,32.0658395],[34.7835558,32.0658866],[34.7835041,32.0659143],[34.7834599,32.0658723],[34.7834182,32.0659009]]},"properties":{"highway":"cycleway","oneway":"no","surface":"paving_stones","width":"2"}},
{"type":"Feature","geometry":{"type":"LineString","coordinates":[[34.7934578,32.0759632],[34.7934462,32.0759226],[34.793472,32.0759147]]},"properties":{"highway":"cycleway","oneway":"yes","surface":"paving_stones","width":"1.2"}},
{"type":"Feature","geometry":{"type":"LineString","coordinates":[[34.787939,32.0694086],[34.7881542,32.0696285],[34.7882676,32.0697423],[34.7883798,32.0698587],[34.7884965,32.0699797],[34.7885513,32.0700353],[34.7886131,32.0700879],[34.7886411,32.0701107],[34.7888578,32.0702843],[34.7888861,32.070311]]},"properties":{"highway":"cycleway","oneway":"no","surface":"asphalt"}},
{"type":"Feature","geometry":{"type":"LineString","coordinates":[[34.7842895,32.0755122],[34.7842623,32.0755327],[34.7836288,32.0754829],[34.7836118,32.0754565]]},"properties":{"bicycle":"designated","foot":"designated","highway":"path","oneway":"no","segregated":"yes"}},
{"type":"Feature","geometry":{"type":"LineString","coordinates":[[34.7827741,32.0755154],[34.7826875,32.0754521],[34.7820053,32.0754219],[34.7818898,32.0753749]]},"properties":{"bicycle":"designated","foot":"designated","highway":"path","oneway":"no","segregated":"yes"}},
{"type":"Feature","geometry":{"type":"LineString","coordinates":[[34.7960265,32.0820817],[34.7961191,32.0819824],[34.7961788,32.0819183],[34.7962131,32.0818693],[34.796276,32.0817794],[34.7963767,32.0817774]]},"properties":{"bicycle":"designated","cycleway":"crossing","foot":"designated","highway":"path"}},
{"type":"Feature","geometry":{"type":"LineString","coordinates":[[34.7756561,32.1006837],[34.7756351,32.1007079],[34.7755848,32.1007657],[34.7755622,32.1007918]]},"properties":{"crossing":"uncontrolled","crossing:markings":"yes","cycleway":"crossing","highway":"cycleway"}},
{"type":"Feature","geometry":{"type":"LineString","coordinates":[[34.7593582,32.0364056],[34.7594738,32.0365839],[34.7595533,32.0366938],[34.7596615,32.0368022],[34.7597455,32.036848],[34.7597919,32.0368921],[34.7598369,32.0369801],[34.759939,32.0370646]]},"properties":{"foot":"no","highway":"cycleway","name":"שביל אופנידן איילון","name:he":"שביל אופני דן","surface":"asphalt"}},
{"type":"Feature","geometry":{"type":"LineString","coordinates":[[34.759939,32.0370646],[34.759889,32.0371279],[34.7599187,32.0372019]]},"properties":{"bicycle":"designated","foot":"designated","highway":"path","name":"שביל אופנידן איילון","name:he":"שביל אופני דן","surface":"asphalt"}},
{"type":"Feature","geometry":{"type":"LineString","coordinates":[[34.7957359,32.0818118],[34.7955506,32.081662],[34.7954541,32.0815166],[34.7952703,32.0812398],[34.7956862,32.0810804],[34.7961539,32.0812296],[34.7961811,32.0812568],[34.7962022,32.0812779],[34.7962348,32.0812886]]},"properties":{"bicycle":"designated","foot":"designated","highway":"path","oneway":"no","segregated":"yes","surface":"paved"}},
{"type":"Feature","geometry":{"type":"LineString","coordinates":[[34.7962348,32.0812886],[34.7967336,32.0814444]]},"properties":{"bicycle":"designated","foot":"designated","highway":"path","layer":"-1","oneway":"no","segregated":"yes","surface":"paved","tunnel":"yes"}},
{"type":"Feature","geometry":{"type":"LineString","coordinates":[[34.7967336,32.0814444],[34.7968016,32.0814781],[34.7970922,32.0816219],[34.7972427,32.0815952],[34.7972298,32.0814709],[34.7970476,32.0811968]]},"properties":{"bicycle":"designated","foot":"designated","highway":"path","oneway":"no","segregated":"yes","surface":"asphalt"}},
{"type":"Feature","geometry":{"type":"LineString","coordinates":[[34.792094,32.0763734],[34.7921483,32.0764647],[34.7925286,32.0770614],[34.7926515,32.0772297],[34.792704,32.0773042],[34.7927316,32.0773372],[34.7929248,32.0776447],[34.7929791,32.0777231],[34.7930458,32.0777807],[34.7930783,32.0778198]]},"properties":{"bicycle":"designated","cycleway:surface":"asphalt","foot":"designated","footway:surface":"paving_stones","highway":"path","oneway":"no","segregated":"yes","surface":"paved"}},
{"type":"Feature","geometry":{"type":"LineString","coordinates":[[34.800259,32.0849386],[34.8003289,32.0849323],[34.8008419,32.0851133],[34.8009528,32.0851722],[34.8010437,32.0852136],[34.8013421,32.0852807],[34.8015921,32.085294],[34.802149,32.0852884],[34.8021957,32.0853284],[34.8022153,32.08535],[34.8022397,32.0853956],[34.8022249,32.0855541],[34.8021448,32.0858472]]},"properties":{"highway":"cycleway","oneway":"no","surface":"asphalt"}},
{"type":"Feature","geometry":{"type":"LineString","coordinates":[[34.8152304,32.1166139],[34.8152917,32.1165753],[34.8153494,32.11649],[34.8154738,32.1163922],[34.8156736,32.1162442],[34.8157921,32.1161176],[34.8159496,32.1159926]]},"properties":{"highway":"cycleway"}},
{"type":"Feature","geometry":{"type":"LineString","coordinates":[[34.8169476,32.1157177],[34.8169478,32.1157416],[34.8167957,32.1157749],[34.8165085,32.1158119],[34.8161708,32.1159317],[34.8159496,32.1159926]]},"properties":{"highway":"cycleway"}},
{"type":"Feature","geometry":{"type":"LineString","coordinates":[[34.8077176,32.1198474],[34.8075859,32.1195858]]},"properties":{"highway":"cycleway"}},
{"type":"Feature","geometry":{"type":"LineString","coordinates":[[34.8075859,32.1195858],[34.8074187,32.119263],[34.8068798,32.118962]]},"properties":{"highway":"cycleway"}},
{"type":"Feature","geometry":{"type":"LineString","coordinates":[[34.8221783,32.0561259],[34.8222224,32.0561719],[34.8222175,32.0561977],[34.8221546,32.0565288],[34.8219767,32.0569384],[34.821304,32.0590065],[34.821193,32.0592781],[34.8212267,32.0593298]]},"properties":{"bicycle":"designated","foot":"no","highway":"cycleway","motor_vehicle":"no","oneway":"no","surface":"asphalt","width":"2"}},
{"type":"Feature","geometry":{"type":"LineString","coordinates":[[34.7950832,32.083572],[34.7951592,32.0835576],[34.7955372,32.0834859],[34.7955854,32.0834767]]},"properties":{"bicycle":"designated","foot":"designated","highway":"path","segregated":"yes","surface":"asphalt"}},
{"type":"Feature","geometry":{"type":"LineString","coordinates":[[34.8030831,32.0779687],[34.8038251,32.0780947]]},"properties":{"highway":"cycleway"}},
{"type":"Feature","geometry":{"type":"LineString","coordinates":[[34.804385,32.0781422],[34.8044759,32.0781551],[34.8047568,32.0781951],[34.8055297,32.0783049],[34.8056155,32.0783171]]},"properties":{"highway":"cycleway"}},
{"type":"Feature","geometry":{"type":"LineString","coordinates":[[34.8063089,32.0784289],[34.8073725,32.0786308]]},"properties":{"highway":"cycleway"}},
{"type":"Feature","geometry":{"type":"LineString","coordinates":[[34.8079855,32.0787452],[34.8083763,32.0788124],[34.808547,32.0788418],[34.8091068,32.078938]]},"properties":{"highway":"cycleway","surface":"concrete"}},
{"type":"Feature","geometry":{"type":"LineString","coordinates":[[34.7773392,32.0658933],[34.7773508,32.0659271],[34.7775638,32.0666381],[34.7780815,32.0681645],[34.7780977,32.0682102],[34.7781017,32.0682247],[34.7785515,32.0695876],[34.7788346,32.0705147],[34.7792435,32.0717673],[34.7793068,32.0719657]]},"properties":{"foot":"no","highway":"cycleway","lit":"yes","oneway":"no","surface":"concrete","width":"2"}},
{"type":"Feature","geometry":{"type":"LineString","coordinates":[[34.7768254,32.0653921],[34.777168,32.0657194],[34.7772262,32.0657719],[34.7773091,32.0658502],[34.7773392,32.0658933]]},"properties":{"foot":"no","highway":"cycleway","lit":"yes","oneway":"no","source:width":"ARCore","surface":"concrete","width":"2"}},
{"type":"Feature","geometry":{"type":"LineString","coordinates":[[34.7626311,32.0492631],[34.7620843,32.0494731],[34.7618197,32.0495728],[34.7613041,32.0497543],[34.7609857,32.0498554]]},"properties":{"cycleway:right":"lane","cycleway:right:oneway":"no","highway":"cycleway","width":"1.5"}},
{"type":"Feature","geometry":{"type":"LineString","coordinates":[[34.7966586,32.0413823],[34.7972003,32.0427904]]},"properties":{"bicycle":"designated","foot":"designated","highway":"path","oneway":"no","segregated":"yes","surface":"paved"}},
{"type":"Feature","geometry":{"type":"LineString","coordinates":[[34.7958383,32.042288],[34.7958891,32.0423074],[34.7960035,32.0425246],[34.7960418,32.0425693],[34.7966711,32.0427044],[34.7971111,32.0427839],[34.7972003,32.0427904],[34.7972153,32.0427918],[34.797326,32.042797]]},"properties":{"highway":"cycleway","oneway":"no","surface":"asphalt"}},
{"type":"Feature","geometry":{"type":"LineString","coordinates":[[34.7975864,32.0854126],[34.7976809,32.0853987],[34.7977779,32.0853831],[34.7978726,32.0853678],[34.7979089,32.0853829]]},"properties":{"bicycle":"designated","crossing":"marked","crossing:markings":"yes","foot":"designated","highway":"path","path":"crossing"}},
{"type":"Feature","geometry":{"type":"LineString","coordinates":[[34.7682094,32.0452607],[34.7680902,32.0453752],[34.7680063,32.045447],[34.7679327,32.0455164],[34.7679314,32.0455932],[34.7678452,32.0455992],[34.7677636,32.045635],[34.7675686,32.04586],[34.7665347,32.0468849],[34.7657996,32.0476017],[34.7655159,32.0478641],[34.7653704,32.0479637],[34.7652032,32.0480848],[34.7646443,32.0483933],[34.7644918,32.0485261],[34.764343,32.0486251],[34.7641477,32.0487418],[34.7640665,32.0487978],[34.7640206,32.0488524],[34.7639948,32.0489009],[34.7639926,32.0489075],[34.7639832,32.0489358]]},"properties":{"highway":"cycleway","oneway":"no","surface":"asphalt"}},
{"type":"Feature","geometry":{"type":"LineString","coordinates":[[34.7825055,32.0879312],[34.7825631,32.0879537],[34.782632,32.0879643],[34.7826839,32.0879627],[34.7829437,32.0879147],[34.7829941,32.0878869],[34.7830147,32.087869],[34.7830646,32.0878587],[34.7831112,32.0878592],[34.7831384,32.0878633],[34.7831675,32.0878676],[34.7832916,32.087844]]},"properties":{"highway":"cycleway","oneway":"yes","surface":"asphalt","width":"1.5"}},
{"type":"Feature","geometry":{"type":"LineString","coordinates":[[34.7824938,32.0881356],[34.7824775,32.0880553],[34.7824642,32.0879894]]},"properties":{"bicycle":"designated","cycleway":"crossing","foot":"designated","highway":"path"}},
{"type":"Feature","geometry":{"type":"LineString","coordinates":[[34.7825055,32.0879312],[34.7824862,32.0879583],[34.7824642,32.0879894]]},"properties":{"bicycle":"designated","cycleway":"crossing","foot":"designated","highway":"path"}},
{"type":"Feature","geometry":{"type":"LineString","coordinates":[[34.7824938,32.0881356],[34.7824904,32.0881793],[34.7824821,32.08822],[34.782482,32.0882882]]},"properties":{"bicycle":"designated","foot":"designated","highway":"path","segregated":"no","surface":"paving_stones"}},
{"type":"Feature","geometry":{"type":"LineString","coordinates":[[34.7832916,32.087844],[34.783349,32.087832],[34.7835239,32.0878012],[34.7836271,32.0877481],[34.7836511,32.0877708],[34.7837007,32.0878102]]},"properties":{"bicycle":"designated","foot":"designated","highway":"path","oneway":"yes","surface":"paved"}},
{"type":"Feature","geometry":{"type":"LineString","coordinates":[[34.797847,32.0573813],[34.7986278,32.0573606]]},"properties":{"bicycle":"designated","foot":"designated","highway":"path","name":"סמטת מלילות","name:en":"Melilot","name:he":"סמטת מלילות","segregated":"no"}},
{"type":"Feature","geometry":{"type":"LineString","coordinates":[[34.7889017,32.0709686],[34.7885216,32.0705306],[34.788496,32.0705012],[34.7884349,32.0704308],[34.7883472,32.0703298],[34.7883121,32.0702893],[34.7878742,32.0698176],[34.7877814,32.0697123],[34.7876531,32.0695495],[34.7876014,32.0694719],[34.7875662,32.0694278],[34.7875307,32.0694081],[34.7874972,32.0693987],[34.7873547,32.0693894],[34.7873522,32.0693278]]},"properties":{"highway":"cycleway","oneway":"no","surface":"asphalt","width":"1"}},
{"type":"Feature","geometry":{"type":"LineString","coordinates":[[34.7883121,32.0702893],[34.7880572,32.070297],[34.7880223,32.0702971],[34.787848,32.0702752]]},"properties":{"bicycle":"designated","foot":"designated","highway":"path","oneway":"no","segregated":"yes","surface":"asphalt"}},
{"type":"Feature","geometry":{"type":"LineString","coordinates":[[34.7636792,32.0585975],[34.7636167,32.0585702]]},"properties":{"bicycle":"designated","highway":"cycleway","oneway":"no","surface":"asphalt"}},
{"type":"Feature","geometry":{"type":"LineString","coordinates":[[34.7872775,32.0910177],[34.7871304,32.0910141],[34.7870868,32.0910192],[34.7865803,32.0910131],[34.7864139,32.0910263]]},"properties":{"highway":"cycleway"}},
{"type":"Feature","geometry":{"type":"LineString","coordinates":[[34.8282472,32.0515819],[34.8282667,32.0513738],[34.8282734,32.0512567],[34.8282815,32.0511817],[34.8282922,32.051126],[34.8283123,32.0510487],[34.8283445,32.0509623],[34.8283754,32.0509055],[34.8284223,32.050727],[34.8284518,32.0505281],[34.8284518,32.0504485],[34.8284357,32.0503683],[34.8283892,32.0502388],[34.8283492,32.0501388],[34.8282817,32.0500209],[34.8282139,32.0499026],[34.8278959,32.0495138],[34.8276995,32.0493913],[34.8269067,32.0490023],[34.8264506,32.0487848],[34.8261795,32.0486021],[34.8257306,32.0482379],[34.8254067,32.0478746],[34.8251351,32.0476019],[34.825036,32.0475191],[34.8249431,32.0474726],[34.8248606,32.0474464],[34.8246883,32.0474202],[34.824339,32.0473671],[34.8242897,32.0473493],[34.8242353,32.0473189],[34.8241763,32.0472741],[34.8241196,32.0472307]]},"properties":{"highway":"cycleway","oneway":"no"}},
{"type":"Feature","geometry":{"type":"LineString","coordinates":[[34.823328,32.0465511],[34.8230451,32.0464037],[34.8229126,32.0463996],[34.8227918,32.0464098],[34.8224858,32.0465192],[34.8221332,32.0465947],[34.8215198,32.0466732],[34.8210613,32.0467427],[34.8193827,32.046972],[34.8180336,32.0472061],[34.817869,32.0472074]]},"properties":{"highway":"cycleway","lit":"yes","oneway":"no","surface":"paving_stones","width":"3"}},
{"type":"Feature","geometry":{"type":"LineString","coordinates":[[34.8041701,32.041076],[34.8040856,32.0410936],[34.8040275,32.0411239],[34.8039841,32.041161],[34.8039125,32.0412361],[34.8038128,32.0413689],[34.8037416,32.041398],[34.8033103,32.0415861]]},"properties":{"bicycle":"designated","foot":"designated","highway":"footway","segregated":"yes","surface":"asphalt"}},
{"type":"Feature","geometry":{"type":"LineString","coordinates":[[34.7697024,32.0502761],[34.7699529,32.0507287]]},"properties":{"bicycle":"designated","foot":"designated","highway":"path","segregated":"no","surface":"asphalt"}},
{"type":"Feature","geometry":{"type":"LineString","coordinates":[[34.7890168,32.0702602],[34.7889171,32.0702932],[34.7888861,32.070311],[34.7888398,32.0703375],[34.7887542,32.0703909],[34.7885905,32.0704876],[34.7885216,32.0705306]]},"properties":{"highway":"cycleway"}},
{"type":"Feature","geometry":{"type":"LineString","coordinates":[[34.7852109,32.0633905],[34.7852411,32.063479]]},"properties":{"bicycle":"designated","crossing":"traffic_signals","crossing:markings":"yes","foot":"designated","highway":"path","path":"crossing"}},
{"type":"Feature","geometry":{"type":"LineString","coordinates":[[34.7787315,32.0724895],[34.7787445,32.0724832],[34.7788342,32.0724371],[34.779217,32.0722406],[34.7793627,32.0721622]]},"properties":{"bicycle":"designated","foot":"designated","highway":"path","lit":"yes","mtb:name":"Ben Zion Cycle Path","mtb:name:en":"Ben Zion Cycle Path","oneway":"no","sidewalk":"yes","surface":"asphalt"}},
{"type":"Feature","geometry":{"type":"LineString","coordinates":[[34.8328612,32.1057763],[34.832497,32.1058487],[34.8320896,32.10593]]},"properties":{"bicycle":"designated","foot":"designated","highway":"path","segregated":"yes","surface":"asphalt"}},
{"type":"Feature","geometry":{"type":"LineString","coordinates":[[34.795339,32.0802622],[34.795336,32.0802407],[34.7953275,32.0802198],[34.7953082,32.0801963],[34.7952693,32.080168],[34.7947514,32.079849]]},"properties":{"highway":"cycleway","oneway":"no"}},
{"type":"Feature","geometry":{"type":"LineString","coordinates":[[34.7961811,32.0812568],[34.7963236,32.0811025],[34.7963565,32.081046]]},"properties":{"bicycle":"designated","foot":"designated","highway":"path"}},
{"type":"Feature","geometry":{"type":"LineString","coordinates":[[34.7964659,32.081031],[34.7963565,32.081046],[34.7962854,32.0810516],[34.7961535,32.0810497],[34.7960378,32.081041],[34.7959501,32.0810238],[34.795849,32.0809945],[34.7957808,32.0809667],[34.795725,32.0809359],[34.7956378,32.0808828],[34.7955492,32.0808133],[34.795505,32.0807705],[34.7954572,32.0807159],[34.7954167,32.0806543],[34.7953794,32.0805819],[34.7953588,32.0805177],[34.7953445,32.0804603],[34.7953329,32.0803575],[34.795339,32.0802622]]},"properties":{"bicycle":"designated","foot":"designated","highway":"path"}},
{"type":"Feature","geometry":{"type":"LineString","coordinates":[[34.7906007,32.0941559],[34.7905817,32.0949237],[34.79056,32.0953194],[34.7905548,32.0954207],[34.7905536,32.0959095]]},"properties":{"foot":"no","highway":"cycleway","oneway":"yes","surface":"asphalt"}},
{"type":"Feature","geometry":{"type":"LineString","coordinates":[[34.7903791,32.0938194],[34.7904246,32.093815],[34.7905748,32.0938166],[34.7906135,32.0938174]]},"properties":{"highway":"cycleway","surface":"asphalt"}},
{"type":"Feature","geometry":{"type":"LineString","coordinates":[[34.7903858,32.0936732],[34.7904291,32.0926593],[34.7904327,32.0925758],[34.7904407,32.091517]]},"properties":{"foot":"no","highway":"cycleway","oneway":"yes","surface":"asphalt"}},
{"type":"Feature","geometry":{"type":"LineString","coordinates":[[34.7906118,32.0938921],[34.7905716,32.0938926],[34.7904218,32.0938867],[34.7903769,32.0938856]]},"properties":{"highway":"cycleway"}},
{"type":"Feature","geometry":{"type":"LineString","coordinates":[[34.8001518,32.0436915],[34.8001812,32.043691],[34.8001709,32.043589]]},"properties":{"bicycle":"designated","foot":"designated","highway":"path","segregated":"yes","surface":"asphalt"}},
{"type":"Feature","geometry":{"type":"LineString","coordinates":[[34.8007982,32.043403],[34.8007952,32.0433307],[34.8007945,32.0433116],[34.8007681,32.0430791],[34.8007228,32.0429351]]},"properties":{"bicycle":"designated","foot":"designated","highway":"path","segregated":"yes","surface":"asphalt"}},
{"type":"Feature","geometry":{"type":"LineString","coordinates":[[34.8001709,32.043589],[34.8001531,32.0434628],[34.8001638,32.0434622],[34.8007887,32.0434036],[34.8007982,32.043403]]},"properties":{"bicycle":"designated","highway":"path","oneway":"yes"}},
{"type":"Feature","geometry":{"type":"LineString","coordinates":[[34.8034591,32.0432066],[34.8034772,32.0433047],[34.8035125,32.0433563],[34.803563,32.0433808],[34.8036362,32.0433825],[34.8037234,32.0433593]]},"properties":{"bicycle":"designated","foot":"designated","highway":"path","segregated":"no","surface":"paved"}},
{"type":"Feature","geometry":{"type":"LineString","coordinates":[[34.7590634,32.0358448],[34.7589992,32.0360543],[34.7589957,32.0360899],[34.7589366,32.0361651],[34.7589546,32.0361838],[34.7589847,32.0362014],[34.7590137,32.0362133]]},"properties":{"foot":"no","highway":"cycleway","name":"שביל אופנידן איילון","name:he":"שביל אופני דן","surface":"asphalt"}},
{"type":"Feature","geometry":{"type":"LineString","coordinates":[[34.7590137,32.0362133],[34.7590743,32.0362694],[34.7591625,32.0362668],[34.7592506,32.0362783],[34.7592869,32.0363116],[34.7593582,32.0364056]]},"properties":{"foot":"yes","highway":"cycleway","name":"שביל אופנידן איילון","name:he":"שביל אופני דן","surface":"asphalt"}},
{"type":"Feature","geometry":{"type":"LineString","coordinates":[[34.7910777,32.0757003],[34.791232,32.0757982],[34.7913407,32.0759171],[34.791627,32.0763896],[34.7919505,32.0769236],[34.7920317,32.0770576],[34.7921466,32.0771972],[34.7922742,32.0773963],[34.7924327,32.0776434],[34.7924455,32.0777175],[34.7924535,32.0777496],[34.7924833,32.077791]]},"properties":{"bicycle":"designated","foot":"designated","highway":"path","segregated":"yes","surface":"paved"}},
{"type":"Feature","geometry":{"type":"LineString","coordinates":[[34.779592,32.0631784],[34.7796747,32.0631856],[34.7797175,32.0632018],[34.7801334,32.0634217],[34.7801869,32.0634592],[34.7802372,32.063515],[34.7802856,32.0635501],[34.7806299,32.0637312],[34.7806999,32.0637741],[34.7809097,32.0638971],[34.7812928,32.0641078],[34.781431,32.0641749],[34.7816573,32.0642725],[34.7817085,32.0642921],[34.7817515,32.0643005],[34.7817951,32.0643065],[34.781848,32.0643037],[34.7819009,32.0642993],[34.7818858,32.0644295],[34.7818836,32.064448],[34.7819058,32.064492],[34.7819686,32.0645299],[34.7820474,32.0645392],[34.7821267,32.0644573]]},"properties":{"bicycle":"designated","foot":"designated","footway:surface":"paving_stones","highway":"path","oneway":"no","segregated":"yes","surface":"asphalt"}},
{"type":"Feature","geometry":{"type":"LineString","coordinates":[[34.7818511,32.0646924],[34.7818033,32.0646668],[34.7817694,32.0646485],[34.7814872,32.064478],[34.7810591,32.0642439],[34.7805607,32.0639699],[34.7806093,32.06391],[34.7806945,32.0638364],[34.7806999,32.0637741]]},"properties":{"bicycle":"designated","foot":"designated","highway":"path","oneway":"no","sidewalk":"yes","surface":"asphalt"}},
{"type":"Feature","geometry":{"type":"LineString","coordinates":[[34.7838882,32.0659767],[34.7839995,32.0661082],[34.7840227,32.0661606],[34.7840695,32.066213],[34.78475,32.0667555],[34.7852902,32.0672305],[34.7853697,32.0673011],[34.7855263,32.0674328],[34.7865481,32.068292],[34.7874225,32.0690216],[34.7875432,32.0691099],[34.7876259,32.0691349],[34.7877846,32.0691307],[34.7878134,32.0692292],[34.7878213,32.0692499],[34.787828,32.0692673],[34.7878487,32.0693074],[34.7878731,32.0693409],[34.787939,32.0694086]]},"properties":{"bicycle":"designated","foot":"designated","highway":"path","oneway":"no","surface":"asphalt","width":"2"}},
{"type":"Feature","geometry":{"type":"LineString","coordinates":[[34.7831232,32.0640576],[34.7831982,32.0640401],[34.7835961,32.0639417],[34.7836767,32.0639225],[34.7837116,32.0639167],[34.7838051,32.0639013],[34.7842228,32.0637979],[34.7849066,32.0636285],[34.7850767,32.0635882],[34.7852602,32.0635316],[34.7852411,32.063479]]},"properties":{"bicycle":"designated","foot":"designated","highway":"path","oneway":"no"}},
{"type":"Feature","geometry":{"type":"LineString","coordinates":[[34.7906244,32.0732011],[34.7906689,32.0731748],[34.790638,32.0731316],[34.790266,32.0724153],[34.7901857,32.0722209],[34.790036,32.0718892],[34.7899511,32.0718281]]},"properties":{"highway":"cycleway","lit":"yes","oneway":"no","surface":"asphalt","width":"2"}},
{"type":"Feature","geometry":{"type":"LineString","coordinates":[[34.7876259,32.0691349],[34.7875312,32.0691379],[34.787374,32.0691388],[34.7873147,32.0691361]]},"properties":{"highway":"cycleway","oneway":"no","surface":"asphalt"}},
{"type":"Feature","geometry":{"type":"LineString","coordinates":[[34.7830417,32.0638531],[34.7826619,32.063961],[34.7824826,32.0640078],[34.7822929,32.0640734],[34.7821745,32.0641279],[34.7819729,32.0642325],[34.7819119,32.0642778],[34.7819009,32.0642993]]},"properties":{"bicycle":"designated","foot":"designated","highway":"path","oneway":"no","segregated":"yes","surface":"paved"}},
{"type":"Feature","geometry":{"type":"LineString","coordinates":[[34.7892828,32.1125878],[34.7892206,32.1125193],[34.7889315,32.112466],[34.7877673,32.1123627],[34.7865969,32.1122589],[34.7863107,32.1122336],[34.7853374,32.1121472],[34.7850647,32.1120971],[34.7848873,32.1120834]]},"properties":{"highway":"cycleway","oneway":"yes"}},
{"type":"Feature","geometry":{"type":"LineString","coordinates":[[34.7833877,32.0658638],[34.7830032,32.0655302]]},"properties":{"bicycle":"designated","cycleway:surface":"asphalt","foot":"designated","footway:surface":"paving_stones","highway":"path","oneway":"no","segregated":"yes","surface":"paved"}},
{"type":"Feature","geometry":{"type":"LineString","coordinates":[[34.7792018,32.0633635],[34.779262,32.0633541],[34.7792648,32.0633361],[34.7792557,32.0633114],[34.77936,32.0632728],[34.7794504,32.0631932],[34.7794982,32.0631524],[34.779592,32.0631784]]},"properties":{"bicycle":"designated","cycleway:surface":"paving_stones","foot":"designated","footway:surface":"paving_stones","highway":"path","oneway":"no","segregated":"yes","surface":"paving_stones"}},
{"type":"Feature","geometry":{"type":"LineString","coordinates":[[34.7651038,32.0739719],[34.7649914,32.074]]},"properties":{"bicycle":"designated","foot":"designated","highway":"path"}},
{"type":"Feature","geometry":{"type":"LineString","coordinates":[[34.7615168,32.038801],[34.7615629,32.0388438],[34.7615946,32.0388741],[34.7616067,32.0388907],[34.7616154,32.0389082],[34.7617228,32.0391372],[34.7617558,32.0392083],[34.7617633,32.0392547],[34.7617556,32.039288]]},"properties":{"foot":"no","highway":"cycleway","name":"שביל אופנידן איילון","name:he":"שביל אופני דן","surface":"asphalt"}},
{"type":"Feature","geometry":{"type":"LineString","coordinates":[[34.7613925,32.0386233],[34.7614098,32.0386763],[34.7614117,32.038692],[34.7614236,32.0387101],[34.7615168,32.038801]]},"properties":{"foot":"no","highway":"cycleway","name":"שביל אופנידן איילון","name:he":"שביל אופני דן","surface":"asphalt"}},
{"type":"Feature","geometry":{"type":"LineString","coordinates":[[34.7623372,32.0418697],[34.7623703,32.0420983],[34.7623897,32.042233],[34.7625989,32.0436563],[34.7626579,32.0438759],[34.7626934,32.0439355],[34.7627266,32.0439682],[34.7626988,32.0440125]]},"properties":{"bicycle":"yes","foot":"no","highway":"cycleway","oneway":"yes","surface":"asphalt"}},
{"type":"Feature","geometry":{"type":"LineString","coordinates":[[34.7652067,32.0530057],[34.7652336,32.052998],[34.7653312,32.0529701],[34.7654892,32.0529342],[34.7655794,32.0529224]]},"properties":{"bicycle":"designated","foot":"designated","highway":"path","path":"crossing"}},
{"type":"Feature","geometry":{"type":"LineString","coordinates":[[34.764917,32.0515913],[34.765029,32.0515503],[34.765184,32.0514936],[34.7652851,32.0514566]]},"properties":{"foot":"no","highway":"cycleway","width":"1"}},
{"type":"Feature","geometry":{"type":"LineString","coordinates":[[34.7639039,32.0498052],[34.763996,32.0497688],[34.7641962,32.0496904],[34.7643054,32.0496478]]},"properties":{"foot":"no","highway":"cycleway","surface":"asphalt"}},
{"type":"Feature","geometry":{"type":"LineString","coordinates":[[34.7640016,32.0499761],[34.7640969,32.0499404],[34.7642983,32.0498672],[34.7644078,32.0498278]]},"properties":{"foot":"no","highway":"cycleway"}},
{"type":"Feature","geometry":{"type":"LineString","coordinates":[[34.7722708,32.0549899],[34.772704,32.0558991],[34.7727439,32.0559829],[34.7727613,32.0560182]]},"properties":{"highway":"cycleway"}},
{"type":"Feature","geometry":{"type":"LineString","coordinates":[[34.7934538,32.0692228],[34.7933933,32.0692354],[34.7934038,32.0692753]]},"properties":{"bicycle":"designated","cycleway:surface":"metal","foot":"designated","footway:surface":"wood","highway":"path","incline":"10%","layer":"1","lit":"yes","name":"גשר יצחק נבון","name:en":"Yitzhak Navon Bridge","name:he":"גשר יצחק נבון","old_name":"גשר יהודית","old_name:en":"Yehudit Bridge;Gesher Yehudit","old_name:he":"גשר יהודית","segregated":"yes","surface":"paved","wheelchair":"yes","wikidata":"Q55648855","wikipedia":"he:גשר יהודית","wikipedia:he":"גשר יהודית"}},
{"type":"Feature","geometry":{"type":"LineString","coordinates":[[34.7826612,32.0652574],[34.7827453,32.0651931],[34.7827845,32.0651579],[34.7828658,32.0650957]]},"properties":{"bicycle":"designated","cycleway":"crossing","foot":"designated","highway":"path"}},
{"type":"Feature","geometry":{"type":"LineString","coordinates":[[34.7619773,32.0580955],[34.7615726,32.0580207],[34.7612782,32.0579635]]},"properties":{"bicycle":"designated","foot":"designated","highway":"path","oneway":"no","surface":"asphalt"}},
{"type":"Feature","geometry":{"type":"LineString","coordinates":[[34.7733101,32.0580367],[34.773477,32.0587508],[34.7734908,32.0587888]]},"properties":{"highway":"cycleway"}},
{"type":"Feature","geometry":{"type":"LineString","coordinates":[[34.7731464,32.0574093],[34.7733101,32.0580367]]},"properties":{"highway":"cycleway"}},
{"type":"Feature","geometry":{"type":"LineString","coordinates":[[34.7729889,32.0568508],[34.7731464,32.0574093]]},"properties":{"highway":"cycleway"}},
{"type":"Feature","geometry":{"type":"LineString","coordinates":[[34.7978968,32.044203],[34.797965,32.0441853],[34.7980574,32.0441623],[34.7981343,32.0441443]]},"properties":{"bicycle":"use_sidepath","highway":"cycleway","surface":"paved"}},
{"type":"Feature","geometry":{"type":"LineString","coordinates":[[34.7752855,32.0739654],[34.7751443,32.073725],[34.7750326,32.0734867],[34.7749724,32.073403],[34.7747749,32.0731285],[34.774604,32.0729413],[34.7745654,32.072899],[34.7741332,32.0725068],[34.7741024,32.0724789],[34.7737784,32.0722226],[34.7736749,32.0721479],[34.7734271,32.071969],[34.7730936,32.0717217],[34.7730498,32.0716892]]},"properties":{"highway":"cycleway","lit":"yes","oneway":"yes","sidewalk":"right","surface":"asphalt"}},
{"type":"Feature","geometry":{"type":"LineString","coordinates":[[34.7730498,32.0716892],[34.7730168,32.0716621],[34.7726178,32.0713343],[34.7724799,32.0712281]]},"properties":{"alt_name:en":"HaMelech George;King George","highway":"cycleway","lanes":"1","lit":"yes","motor_vehicle":"yes","motor_vehicle:conditional":"no @ (Su-Th 10:00-19:00; Fr 10:00-16:00)","name":"המלך ג׳ורג׳","name:ar":"هميلخ جورج","name:en":"HaMelekh George","name:he":"המלך ג׳ורג׳","oneway":"yes","psv":"yes","service":"bus","sidewalk":"both","surface":"asphalt"}},
{"type":"Feature","geometry":{"type":"LineString","coordinates":[[34.7724799,32.0712281],[34.7724599,32.0712131],[34.7723909,32.0711614]]},"properties":{"alt_name:en":"HaMelech George;King George","highway":"cycleway","lanes":"1","lit":"yes","motor_vehicle":"yes","motor_vehicle:conditional":"no @ (Su-Th 10:00-19:00; Fr 10:00-16:00)","name":"המלך ג׳ורג׳","name:ar":"هميلخ جورج","name:en":"HaMelekh George","name:he":"המלך ג׳ורג׳","oneway":"yes","psv":"yes","service":"bus","sidewalk":"both","surface":"asphalt"}},
{"type":"Feature","geometry":{"type":"LineString","coordinates":[[34.7723909,32.0711614],[34.7720093,32.0708755],[34.771812,32.0707347],[34.7714278,32.0704895],[34.7713756,32.0704494],[34.771329,32.0704044]]},"properties":{"alt_name:en":"HaMelech George;King George","highway":"cycleway","lanes":"1","lit":"yes","motor_vehicle":"yes","motor_vehicle:conditional":"no @ (Su-Th 10:00-19:00; Fr 10:00-16:00)","name":"המלך ג׳ורג׳","name:ar":"هميلخ جورج","name:en":"HaMelekh George","name:he":"המלך ג׳ורג׳","oneway":"yes","psv":"yes","service":"bus","sidewalk":"both","surface":"asphalt"}},
{"type":"Feature","geometry":{"type":"LineString","coordinates":[[34.7752699,32.0330232],[34.7753528,32.0333203],[34.775441,32.033626],[34.7755047,32.0338191],[34.7756102,32.0340154],[34.775714,32.0342043],[34.775876,32.0344664],[34.7759857,32.0346296],[34.7761145,32.0348941],[34.7762693,32.0352426],[34.7763251,32.0353473],[34.7764529,32.035544],[34.7766408,32.0358569],[34.7769149,32.0362152],[34.7769484,32.0362567],[34.7769715,32.0362789],[34.7770503,32.0363417],[34.7770993,32.0363808],[34.7771194,32.0364069],[34.7771505,32.0364495],[34.7771841,32.0365179],[34.7772023,32.0365433],[34.7772318,32.0365754],[34.7772472,32.0366106],[34.7772645,32.0366526],[34.7773405,32.0369411],[34.777361,32.0369967],[34.7773688,32.0370285],[34.7773688,32.0370543],[34.7773478,32.03708],[34.7772707,32.0371889],[34.7772637,32.0372106],[34.7772707,32.0372482],[34.7774015,32.0379311],[34.7774249,32.0379826],[34.7774505,32.0380083],[34.7775953,32.0381231],[34.777614,32.0381528],[34.777634,32.038253],[34.7776233,32.0382993],[34.7776233,32.0383329],[34.7776327,32.0384418],[34.7776502,32.0384876],[34.7778198,32.0386993],[34.7779355,32.0388434],[34.7779806,32.038899],[34.7779829,32.0389169],[34.7779576,32.0389592],[34.7779409,32.0389743],[34.7779152,32.0389782],[34.7778288,32.0389802],[34.7777704,32.039002],[34.7777401,32.0390237],[34.7777167,32.0390514],[34.7776817,32.0390772],[34.7773268,32.0392652],[34.7772918,32.0392811],[34.7772334,32.0392929],[34.777196,32.0393068],[34.7762971,32.0398353]]},"properties":{"highway":"cycleway"}},
{"type":"Feature","geometry":{"type":"LineString","coordinates":[[34.8089941,32.0664027],[34.8092246,32.0663826],[34.8094652,32.0663526],[34.8097642,32.0662909],[34.8100123,32.0662092],[34.8101003,32.0661769],[34.8102987,32.0660735],[34.8104127,32.0660121],[34.8105589,32.0659541],[34.8106689,32.06592],[34.8108298,32.065903],[34.8108976,32.0658741],[34.811086,32.0657939],[34.8112751,32.0657098],[34.8115394,32.0656015],[34.8116774,32.065545],[34.8119228,32.0654552],[34.8120678,32.0653945],[34.8123872,32.0652589],[34.8135383,32.0650472],[34.813975,32.0649621]]},"properties":{"highway":"cycleway"}},
{"type":"Feature","geometry":{"type":"LineString","coordinates":[[34.790723,32.07325],[34.7908685,32.0732465],[34.7913274,32.0731986],[34.7918126,32.0731386],[34.7919699,32.0731096],[34.7921508,32.0730736],[34.7924403,32.0729747]]},"properties":{"highway":"cycleway","surface":"asphalt","width":"2"}},
{"type":"Feature","geometry":{"type":"LineString","coordinates":[[34.7772707,32.0372482],[34.7773315,32.0372502],[34.7773548,32.0372641],[34.7773782,32.0372918],[34.7774202,32.037297],[34.7776081,32.037277],[34.7777244,32.0372992],[34.7777864,32.0373902],[34.7777981,32.0381931],[34.7778441,32.0382717],[34.777966,32.0383654],[34.7779718,32.038477]]},"properties":{"highway":"cycleway"}},
{"type":"Feature","geometry":{"type":"LineString","coordinates":[[34.7954276,32.0855607],[34.7954292,32.0855329],[34.7954632,32.0854878]]},"properties":{"foot":"no","highway":"cycleway","oneway":"no","surface":"asphalt","width":"3"}},
{"type":"Feature","geometry":{"type":"LineString","coordinates":[[34.7814988,32.1172661],[34.7816238,32.1172709],[34.7817037,32.1172669],[34.781804,32.1172438],[34.7819056,32.1172089],[34.7827288,32.1169028],[34.7835468,32.1165604],[34.7840707,32.1163358],[34.7843822,32.1161466],[34.7844311,32.1161056],[34.7844495,32.1160791],[34.7844618,32.116044],[34.7844743,32.1159843],[34.7845023,32.1158887],[34.7845456,32.1158365],[34.7845984,32.1157694],[34.7846276,32.1157382],[34.7846886,32.1156961],[34.7848583,32.1156412]]},"properties":{"bicycle":"designated","foot":"designated","highway":"path","oneway":"no","segregated":"yes","surface":"asphalt","width":"5"}},
{"type":"Feature","geometry":{"type":"LineString","coordinates":[[34.8252043,32.113909],[34.8250953,32.1123731]]},"properties":{"highway":"cycleway"}},
{"type":"Feature","geometry":{"type":"LineString","coordinates":[[34.8090403,32.099785],[34.8089036,32.1002348]]},"properties":{"bicycle":"designated","foot":"designated","highway":"path","oneway":"no","segregated":"yes","surface":"paving_stones"}},
{"type":"Feature","geometry":{"type":"LineString","coordinates":[[34.8094317,32.096917],[34.8091629,32.096929]]},"properties":{"bicycle":"designated","foot":"designated","highway":"path","segregated":"yes","surface":"asphalt"}},
{"type":"Feature","geometry":{"type":"LineString","coordinates":[[34.8065289,32.0953654],[34.8066887,32.0954357],[34.8071038,32.0956022],[34.8071848,32.0956442]]},"properties":{"highway":"cycleway","oneway":"no","segregated":"yes","surface":"paved"}},
{"type":"Feature","geometry":{"type":"LineString","coordinates":[[34.8043731,32.0994375],[34.8039647,32.0994309],[34.8038663,32.0994243],[34.8037398,32.0993747]]},"properties":{"bicycle":"designated","foot":"designated","highway":"path","lit":"no","oneway":"no","segregated":"yes","surface":"paved"}},
{"type":"Feature","geometry":{"type":"LineString","coordinates":[[34.7947969,32.0822891],[34.7947695,32.0822663],[34.7947215,32.0821608],[34.7946989,32.0820512]]},"properties":{"bicycle":"designated","cycleway:surface":"paving_stones","foot":"designated","footway:surface":"paving_stones","highway":"path","oneway":"no","segregated":"yes","surface":"paving_stones"}},
{"type":"Feature","geometry":{"type":"LineString","coordinates":[[34.8066526,32.1030515],[34.806839,32.1030935],[34.8078636,32.1034446],[34.807987,32.1034889],[34.8083048,32.1035741],[34.8090572,32.103891],[34.8090719,32.103899],[34.80908,32.1039138],[34.8090947,32.1039297],[34.8092702,32.1040097],[34.8093737,32.1040569],[34.8093631,32.1040755]]},"properties":{"highway":"cycleway"}},
{"type":"Feature","geometry":{"type":"LineString","coordinates":[[34.8093631,32.1040755],[34.8096629,32.1041801],[34.8099855,32.1043138]]},"properties":{"bicycle":"designated","foot":"yes","highway":"path"}},
{"type":"Feature","geometry":{"type":"LineString","coordinates":[[34.7832339,32.0967905],[34.7835853,32.0968004],[34.7841694,32.0968168]]},"properties":{"bicycle":"designated","check_date:surface":"2023-12-03","cycleway:surface":"asphalt","foot":"designated","footway:surface":"asphalt","highway":"path","oneway":"no","segregated":"yes","surface":"asphalt"}},
{"type":"Feature","geometry":{"type":"LineString","coordinates":[[34.7838127,32.0984309],[34.7837576,32.098428],[34.7837101,32.0984015]]},"properties":{"bicycle":"designated","highway":"cycleway","surface":"paved"}},
{"type":"Feature","geometry":{"type":"LineString","coordinates":[[34.7690244,32.0362964],[34.769013,32.0364351],[34.7690039,32.0366253],[34.7690018,32.0366678],[34.7690009,32.0369186],[34.769027,32.0371712]]},"properties":{"bicycle":"designated","bridge":"yes","foot":"designated","highway":"path","layer":"1","oneway":"no","segregated":"yes","surface":"paved"}},
{"type":"Feature","geometry":{"type":"LineString","coordinates":[[34.769027,32.0371712],[34.7690522,32.0373944],[34.7691167,32.0377268]]},"properties":{"bicycle":"designated","foot":"designated","highway":"path","oneway":"no","segregated":"yes","surface":"paved"}},
{"type":"Feature","geometry":{"type":"LineString","coordinates":[[34.7691167,32.0377268],[34.7691739,32.0380644]]},"properties":{"bicycle":"designated","foot":"designated","highway":"path","surface":"paving_stones"}},
{"type":"Feature","geometry":{"type":"LineString","coordinates":[[34.7691739,32.0380644],[34.7692123,32.0382766],[34.7692348,32.0384954],[34.769304,32.0386904]]},"properties":{"bicycle":"designated","foot":"designated","highway":"path","oneway":"no","segregated":"yes","surface":"paved"}},
{"type":"Feature","geometry":{"type":"LineString","coordinates":[[34.7898659,32.0966231],[34.7898872,32.0964804],[34.7899236,32.0963961],[34.7900254,32.0962179],[34.7901676,32.0961361],[34.7902534,32.0961316]]},"properties":{"bicycle":"designated","foot":"designated","highway":"path","segregated":"no"}},
{"type":"Feature","geometry":{"type":"LineString","coordinates":[[34.7757061,32.1006416],[34.7756801,32.1006628]]},"properties":{"bicycle":"designated","foot":"designated","highway":"path","segregated":"yes"}},
{"type":"Feature","geometry":{"type":"LineString","coordinates":[[34.7854612,32.1230437],[34.7854407,32.1230506],[34.7854047,32.1230625],[34.7853585,32.123078],[34.7853449,32.1230826]]},"properties":{"crossing":"uncontrolled","crossing:markings":"yes","cycleway":"crossing","highway":"cycleway","surface":"asphalt"}},
{"type":"Feature","geometry":{"type":"LineString","coordinates":[[34.7745661,32.0979618],[34.7755443,32.0983401],[34.7756333,32.0983746],[34.7756811,32.098393]]},"properties":{"highway":"cycleway","motor_vehicle":"no","oneway":"no","surface":"asphalt"}},
{"type":"Feature","geometry":{"type":"LineString","coordinates":[[34.7756811,32.098393],[34.7757123,32.0984042],[34.7757618,32.0984183],[34.775785,32.0984262]]},"properties":{"crossing":"uncontrolled","crossing:markings":"yes","cycleway":"crossing","highway":"cycleway","motor_vehicle":"no","oneway":"no","surface":"asphalt"}},
{"type":"Feature","geometry":{"type":"LineString","coordinates":[[34.7756801,32.1006628],[34.7756561,32.1006837]]},"properties":{"highway":"cycleway"}},
{"type":"Feature","geometry":{"type":"LineString","coordinates":[[34.7755622,32.1007918],[34.775552,32.1008044]]},"properties":{"highway":"cycleway"}},
{"type":"Feature","geometry":{"type":"LineString","coordinates":[[34.773841,32.0964343],[34.7737969,32.096442],[34.7737474,32.0964511]]},"properties":{"crossing":"uncontrolled","crossing:markings":"yes","cycleway":"crossing","foot":"no","highway":"cycleway","oneway":"no","surface":"asphalt"}},
{"type":"Feature","geometry":{"type":"LineString","coordinates":[[34.777864,32.0978645],[34.7781256,32.0979588],[34.778424,32.0980645],[34.7785487,32.098102],[34.7788598,32.0981827],[34.7789921,32.0981939]]},"properties":{"bicycle":"designated","cycleway:surface":"asphalt","cycleway:width":"2.5","footway":"sidewalk","footway:surface":"paving_stones","highway":"footway","segregated":"yes","source:cycleway:width":"ARCore","surface":"paved"}},
{"type":"Feature","geometry":{"type":"LineString","coordinates":[[34.7837101,32.0984015],[34.783659,32.0984286],[34.783597,32.0984791],[34.783568,32.0985052],[34.7835564,32.0985292]]},"properties":{"bicycle":"designated","crossing":"marked","crossing:markings":"yes","cycleway":"crossing","foot":"designated","footway:surface":"paving_stones","highway":"path","segregated":"yes","surface":"paving_stones"}},
{"type":"Feature","geometry":{"type":"LineString","coordinates":[[34.778004,32.0978412],[34.778285,32.0979838],[34.7786966,32.0981208],[34.7789921,32.0981939]]},"properties":{"bicycle":"designated","foot":"designated","highway":"footway","segregated":"no","surface":"paving_stones"}},
{"type":"Feature","geometry":{"type":"LineString","coordinates":[[34.7826273,32.0955515],[34.7826655,32.0955709],[34.7826949,32.0955858],[34.7826858,32.0956144],[34.78269,32.095643],[34.7827071,32.095671],[34.7827375,32.0956922],[34.7827929,32.0957027],[34.7829196,32.095679],[34.7830083,32.0956877],[34.7830917,32.0957338],[34.783176,32.0957994]]},"properties":{"bicycle":"designated","foot":"designated","highway":"path","segregated":"yes"}},
{"type":"Feature","geometry":{"type":"LineString","coordinates":[[34.7826431,32.0954003],[34.7826422,32.0954161],[34.7826394,32.0954645],[34.7826317,32.0955198],[34.7826273,32.0955515]]},"properties":{"bicycle":"designated","crossing":"uncontrolled","crossing:markings":"yes","foot":"designated","footway":"crossing","highway":"footway","segregated":"yes"}},
{"type":"Feature","geometry":{"type":"LineString","coordinates":[[34.7871095,32.0957025],[34.7871345,32.0956372],[34.7871507,32.095584],[34.7871615,32.0955484]]},"properties":{"bicycle":"designated","crossing":"uncontrolled","crossing:markings":"yes","foot":"designated","highway":"path","path":"crossing","surface":"asphalt"}},
{"type":"Feature","geometry":{"type":"LineString","coordinates":[[34.7934583,32.0980242],[34.7934187,32.0980475],[34.7932622,32.0980756],[34.7931881,32.0980926]]},"properties":{"highway":"cycleway","surface":"asphalt"}},
{"type":"Feature","geometry":{"type":"LineString","coordinates":[[34.8014029,32.1014412],[34.801481,32.1014542],[34.8016687,32.1014849],[34.8018122,32.1015042],[34.8019517,32.1015008],[34.8019476,32.1015404]]},"properties":{"bicycle":"designated","foot":"designated","highway":"path","segregated":"yes","surface":"concrete"}},
{"type":"Feature","geometry":{"type":"LineString","coordinates":[[34.7936408,32.099712],[34.793653,32.0997085],[34.7936861,32.0996991],[34.7937142,32.0997372],[34.7937429,32.0997635],[34.7939449,32.0998076],[34.7942955,32.0998831]]},"properties":{"bicycle":"designated","foot":"designated","highway":"path","segregated":"yes","surface":"concrete"}},
{"type":"Feature","geometry":{"type":"LineString","coordinates":[[34.8306668,32.1035563],[34.830617,32.1031899],[34.8305717,32.1030795]]},"properties":{"highway":"cycleway"}},
{"type":"Feature","geometry":{"type":"LineString","coordinates":[[34.83066,32.1038377],[34.8306549,32.1037954],[34.8306464,32.1037255],[34.8306399,32.1036719]]},"properties":{"crossing":"uncontrolled","crossing:markings":"yes","cycleway":"crossing","highway":"cycleway"}},
{"type":"Feature","geometry":{"type":"LineString","coordinates":[[34.8306399,32.1036719],[34.8306587,32.1036571],[34.8306721,32.1036151],[34.8306713,32.1035894],[34.8306668,32.1035563]]},"properties":{"bicycle":"designated","foot":"designated","highway":"path"}},
{"type":"Feature","geometry":{"type":"LineString","coordinates":[[34.8154714,32.1045984],[34.8154961,32.1046864],[34.8155058,32.1047491],[34.8155052,32.1048013],[34.8154968,32.104872],[34.8154838,32.1049359]]},"properties":{"bicycle":"designated","foot":"yes","highway":"path","oneway":"no","surface":"asphalt"}},
{"type":"Feature","geometry":{"type":"LineString","coordinates":[[34.7720641,32.0466495],[34.7720634,32.0467842],[34.7720643,32.0468061],[34.7720794,32.0468399],[34.7721103,32.0468728],[34.7721559,32.0469081],[34.7722095,32.0469308],[34.7722605,32.0469479],[34.7723101,32.0469729],[34.7723302,32.0469933],[34.7723718,32.0470354],[34.772404,32.0470911],[34.7724161,32.0471195],[34.7724147,32.0471474],[34.772408,32.0471684],[34.7723718,32.0472286],[34.7723503,32.0472752],[34.7723503,32.0473139],[34.772357,32.0473457],[34.7723731,32.047381],[34.7723892,32.047431],[34.7723986,32.0474958],[34.772404,32.0475333],[34.7724,32.0475753],[34.7723973,32.0476322],[34.7724076,32.0477279],[34.7724076,32.0477666],[34.7724023,32.0478086],[34.7723942,32.0478598],[34.7723795,32.0479177],[34.7723781,32.0479428],[34.7724023,32.0481155],[34.7724251,32.0481621],[34.7724586,32.0482122],[34.7724678,32.0482187],[34.7725002,32.0482417],[34.7725404,32.048261],[34.7726021,32.0482735],[34.772653,32.048286],[34.7727013,32.0483065],[34.7727563,32.0483327],[34.7727965,32.0483565],[34.7728529,32.0484077],[34.7728958,32.0484656],[34.7729387,32.0485577],[34.7731868,32.0493216],[34.7731983,32.0494159]]},"properties":{"highway":"cycleway","surface":"asphalt"}},
{"type":"Feature","geometry":{"type":"LineString","coordinates":[[34.7696892,32.0454557],[34.7696951,32.0454859],[34.7697033,32.0455281],[34.7697172,32.0456096],[34.7698289,32.0461883],[34.7699138,32.0467252],[34.7699199,32.0467599],[34.7699266,32.0467877]]},"properties":{"highway":"cycleway","surface":"asphalt"}},
{"type":"Feature","geometry":{"type":"LineString","coordinates":[[34.7709896,32.0430775],[34.7708844,32.0431325],[34.7706943,32.0432553],[34.7705634,32.0433399],[34.7704519,32.0434119],[34.7703018,32.0435012]]},"properties":{"bicycle":"designated","cycleway:right":"lane","cycleway:right:oneway":"no","foot":"designated","highway":"path","segregated":"no","surface":"asphalt"}},
{"type":"Feature","geometry":{"type":"LineString","coordinates":[[34.8221783,32.0561259],[34.8221145,32.0560702],[34.8221269,32.056],[34.8221873,32.0557284],[34.8221915,32.0557103],[34.8222165,32.0556011],[34.8222456,32.0555599],[34.8224573,32.0555528]]},"properties":{"highway":"cycleway","surface":"asphalt"}},
{"type":"Feature","geometry":{"type":"LineString","coordinates":[[34.7908566,32.0643746],[34.7908601,32.064316],[34.7908628,32.0642673],[34.7908543,32.0642349],[34.7908464,32.0642168],[34.7908354,32.0641995],[34.790796,32.0641452],[34.7907845,32.0641255],[34.7907756,32.0641019],[34.7907652,32.0640631],[34.7907335,32.0639271],[34.7906681,32.0637502],[34.7906663,32.0637136],[34.7906763,32.0635638],[34.7906618,32.0631675],[34.7906328,32.0627412],[34.7905989,32.0621169],[34.7905606,32.0620833],[34.790511,32.0620577],[34.7904905,32.0620176],[34.7904776,32.0619788],[34.7904809,32.0619198],[34.7905287,32.0618559],[34.7905685,32.0617411],[34.7905917,32.0615655],[34.790591,32.0614699]]},"properties":{"bicycle":"designated","highway":"cycleway","oneway":"no","surface":"asphalt"}},
{"type":"Feature","geometry":{"type":"LineString","coordinates":[[34.7746806,32.0624326],[34.7747576,32.0623322]]},"properties":{"bicycle":"designated","foot":"designated","footway:surface":"paving_stones","highway":"path","segregated":"yes","surface":"asphalt"}},
{"type":"Feature","geometry":{"type":"LineString","coordinates":[[34.7960265,32.0820817],[34.7960013,32.0821087],[34.7959689,32.0821418],[34.7959374,32.0821838],[34.7958956,32.0822434],[34.7958384,32.0823252],[34.7958093,32.0823668],[34.7957969,32.0823843],[34.7957683,32.0823998],[34.795554,32.0824662],[34.795489,32.0824997],[34.7954582,32.082532],[34.7954472,32.0825559],[34.7954375,32.0825674],[34.7954219,32.0825773],[34.794912,32.0827883]]},"properties":{"highway":"cycleway","oneway":"yes","surface":"asphalt"}},
{"type":"Feature","geometry":{"type":"LineString","coordinates":[[34.83938,32.051201],[34.8401355,32.0509319],[34.8402272,32.0508995],[34.8403255,32.0508175],[34.8403728,32.0507356],[34.8403703,32.0505914],[34.8402795,32.0503991],[34.8400936,32.0499002],[34.8399144,32.049419],[34.8397338,32.0489419],[34.8397633,32.0488422],[34.8396816,32.048614]]},"properties":{"foot":"yes","highway":"cycleway"}},
{"type":"Feature","geometry":{"type":"LineString","coordinates":[[34.7594613,32.0540728],[34.7594646,32.0540955],[34.7595784,32.0548902],[34.7595786,32.0548919],[34.7595834,32.0549244],[34.7595857,32.0549452],[34.7595929,32.055005],[34.7596024,32.0550831],[34.7596081,32.0551174]]},"properties":{"bicycle":"designated","foot":"designated","highway":"path","oneway":"no"}},
{"type":"Feature","geometry":{"type":"LineString","coordinates":[[34.7598859,32.0569089],[34.7599071,32.056979],[34.7599728,32.0570202]]},"properties":{"bicycle":"designated","foot":"designated","highway":"path","oneway":"no","segregated":"yes","surface":"paving_stones","width":"3"}},
{"type":"Feature","geometry":{"type":"LineString","coordinates":[[34.7596081,32.0551174],[34.7596563,32.0551146],[34.7596742,32.0551149],[34.7596901,32.0551181],[34.7597014,32.0551248],[34.7597103,32.0551353],[34.7597179,32.0551534]]},"properties":{"bicycle":"designated","foot":"designated","highway":"path","oneway":"no","segregated":"yes","surface":"paving_stones","width":"3"}},
{"type":"Feature","geometry":{"type":"LineString","coordinates":[[34.756895,32.0497839],[34.7570883,32.0497391],[34.7572026,32.0497271]]},"properties":{"cycleway":"lane","highway":"tertiary","lanes":"1","maxspeed:type":"IL:urban","name":"יהודה הימית","name:ar":"يهودا هيميت","name:en":"Yehuda HaYamit","name:he":"יהודה הימית","name:ro":"Yehuda HaYamit","oneway":"yes","parking:right":"yes","parking:type":"paid","parking_zone":"1","surface":"asphalt"}},
{"type":"Feature","geometry":{"type":"LineString","coordinates":[[34.7909461,32.0643577],[34.7908566,32.0643746],[34.7907477,32.0644234],[34.790619,32.0644448],[34.7905789,32.0644568],[34.7905399,32.0644775],[34.7905105,32.0644865],[34.7904832,32.0644921],[34.7904138,32.0645041]]},"properties":{"highway":"cycleway","oneway":"no","surface":"asphalt","width":"2"}},
{"type":"Feature","geometry":{"type":"LineString","coordinates":[[34.8127789,32.0684688],[34.813959,32.0684531],[34.8153963,32.0684375],[34.8158647,32.0684362]]},"properties":{"bicycle":"designated","cycleway:surface":"asphalt","foot":"designated","footway:surface":"paving_stones","highway":"cycleway","oneway":"no","segregated":"yes","surface":"paved"}},
{"type":"Feature","geometry":{"type":"LineString","coordinates":[[34.7762724,32.0634482],[34.7762565,32.0634955],[34.7762315,32.0634907],[34.7762195,32.0635348]]},"properties":{"bicycle":"designated","highway":"cycleway","surface":"paving_stones"}},
{"type":"Feature","geometry":{"type":"LineString","coordinates":[[34.7779007,32.0635355],[34.7779335,32.0636716],[34.7779397,32.0636946]]},"properties":{"bicycle":"designated","foot":"designated","highway":"path","lit":"yes","oneway":"no","source:width":"ARCore","surface":"paving_stones","width":"3"}},
{"type":"Feature","geometry":{"type":"LineString","coordinates":[[34.8242199,32.0909522],[34.8241896,32.0910395]]},"properties":{"alt_name:en":"Hertzog;Hertsog","bicycle":"yes","foot":"yes","highway":"cycleway","name":"הרצוג","name:en":"Herzog","name:he":"הרצוג"}},
{"type":"Feature","geometry":{"type":"LineString","coordinates":[[34.7932856,32.0761097],[34.7933057,32.0761531],[34.7933297,32.0761487],[34.7933565,32.0761517],[34.7933834,32.0761661],[34.7934075,32.076204],[34.7934986,32.076382],[34.793516,32.0764125],[34.7935349,32.0764448],[34.7937443,32.0767714],[34.7937455,32.0767845],[34.7937474,32.0767928],[34.7937512,32.0768008],[34.7937588,32.0768078],[34.7937673,32.0768193],[34.7937743,32.0768305],[34.7938209,32.07691],[34.7938277,32.076921],[34.7938472,32.0769493],[34.7938713,32.0769738],[34.7942001,32.0773356],[34.7943152,32.0774537],[34.7943232,32.0774629],[34.7947791,32.0779882],[34.7948445,32.078145]]},"properties":{"bicycle":"designated","foot":"designated","highway":"path","oneway":"no","segregated":"yes","surface":"paved"}},
{"type":"Feature","geometry":{"type":"LineString","coordinates":[[34.7969279,32.0805877],[34.7969021,32.0806772],[34.7968625,32.0807529],[34.796806,32.0808339],[34.7967436,32.0809015],[34.7966885,32.0809463],[34.7966266,32.0809855],[34.7965463,32.0810129],[34.7964659,32.081031]]},"properties":{"bicycle":"designated","foot":"designated","highway":"path","layer":"-1","tunnel":"yes"}},
{"type":"Feature","geometry":{"type":"LineString","coordinates":[[34.7968421,32.0802796],[34.7967759,32.0803647],[34.7967259,32.0803982],[34.7966828,32.0804065],[34.7966412,32.0804024],[34.7965854,32.0803855],[34.796475,32.0803286]]},"properties":{"bicycle":"designated","foot":"designated","highway":"path"}},
{"type":"Feature","geometry":{"type":"LineString","coordinates":[[34.7841271,32.1232932],[34.7841421,32.1233625],[34.7841611,32.1234293],[34.7842029,32.1234975],[34.7842652,32.1235407],[34.7844805,32.1235842],[34.7845665,32.1236215],[34.7846398,32.1236894],[34.7848171,32.1239499],[34.7849032,32.1240389],[34.7851922,32.1242463],[34.7854845,32.1245975],[34.785568,32.1247533],[34.785564,32.1249233],[34.7855845,32.1250377],[34.7856305,32.1251172],[34.785706,32.1251876],[34.7859818,32.1253343],[34.7860966,32.125416],[34.7861986,32.1255485],[34.7862621,32.1256631],[34.7862981,32.125803],[34.7863062,32.1260728],[34.7863276,32.1262867],[34.786375,32.1264622],[34.7864271,32.1265879],[34.7865232,32.1267549],[34.7867086,32.1269998],[34.7868852,32.1272891],[34.7869751,32.1275261],[34.7870559,32.1276907],[34.787112,32.127768],[34.7871902,32.1278403],[34.787718,32.1282753],[34.7878004,32.1283393],[34.7878384,32.1284559],[34.7878161,32.1285058],[34.7877435,32.1285685],[34.7876507,32.1286289],[34.7875035,32.1287414],[34.7874259,32.1288105],[34.787336,32.1289745],[34.7871336,32.1294532],[34.7871199,32.1295623],[34.787155,32.1296405],[34.7872297,32.1297297]]},"properties":{"highway":"cycleway","surface":"concrete"}},
{"type":"Feature","geometry":{"type":"LineString","coordinates":[[34.7613153,32.0387115],[34.7613683,32.0387023]]},"properties":{"bicycle":"designated","foot":"designated","highway":"path","surface":"asphalt","width":"2"}},
{"type":"Feature","geometry":{"type":"LineString","coordinates":[[34.7611188,32.038783],[34.7611636,32.0387612]]},"properties":{"bicycle":"designated","foot":"designated","highway":"path","surface":"asphalt","width":"2"}},
{"type":"Feature","geometry":{"type":"LineString","coordinates":[[34.7613683,32.0387023],[34.7614117,32.038692]]},"properties":{"bicycle":"designated","foot":"no","highway":"cycleway","surface":"asphalt","width":"2"}},
{"type":"Feature","geometry":{"type":"LineString","coordinates":[[34.7883503,32.1234858],[34.7883679,32.123506],[34.7884021,32.1235451],[34.7884318,32.1236097],[34.7884707,32.123734],[34.7884969,32.1237847],[34.7885131,32.1238151],[34.7885291,32.1238403],[34.7886185,32.1238304],[34.7888293,32.1238075],[34.7888799,32.1238026],[34.7889397,32.1237867]]},"properties":{"bicycle":"designated","foot":"designated","highway":"path"}},
{"type":"Feature","geometry":{"type":"LineString","coordinates":[[34.7889397,32.1237867],[34.7889057,32.1237004],[34.7888527,32.1235684],[34.7889061,32.123451],[34.7889272,32.123409]]},"properties":{"bicycle":"designated","foot":"designated","highway":"path"}},
{"type":"Feature","geometry":{"type":"LineString","coordinates":[[34.7889397,32.1237867],[34.7889857,32.123794]]},"properties":{"bicycle":"designated","foot":"designated","highway":"path"}},
{"type":"Feature","geometry":{"type":"LineString","coordinates":[[34.7912349,32.122986],[34.7913233,32.1230375],[34.7913731,32.1230676]]},"properties":{"bicycle":"designated","foot":"designated","highway":"path","segregated":"no"}},
{"type":"Feature","geometry":{"type":"LineString","coordinates":[[34.7974489,32.071712],[34.7970737,32.0718255],[34.7958336,32.072188],[34.7955015,32.0722937],[34.7951343,32.0724002],[34.7950175,32.0724659],[34.7949194,32.0725513]]},"properties":{"highway":"cycleway"}},
{"type":"Feature","geometry":{"type":"LineString","coordinates":[[34.7606766,32.0379631],[34.7601073,32.0373794],[34.7599187,32.0372019]]},"properties":{"highway":"cycleway","oneway":"no","surface":"asphalt"}},
{"type":"Feature","geometry":{"type":"LineString","coordinates":[[34.7891317,32.0837864],[34.7890473,32.0838036],[34.7890387,32.0837726],[34.7890102,32.0836706],[34.7889945,32.0836146]]},"properties":{"highway":"cycleway"}},
{"type":"Feature","geometry":{"type":"LineString","coordinates":[[34.7892517,32.0647064],[34.7891123,32.0647291]]},"properties":{"highway":"cycleway","oneway":"no","surface":"asphalt","width":"2"}},
{"type":"Feature","geometry":{"type":"LineString","coordinates":[[34.7993991,32.0640946],[34.7994343,32.0640135],[34.7994728,32.0640481],[34.7995026,32.0640603],[34.7995462,32.06407]]},"properties":{"bicycle":"designated","foot":"designated","highway":"path","segregated":"no","surface":"paving_stones"}},
{"type":"Feature","geometry":{"type":"LineString","coordinates":[[34.78494,32.1156273],[34.7849607,32.1157622],[34.7850588,32.1160152],[34.785123,32.116165],[34.7852642,32.1164591],[34.785577,32.1169615],[34.7858707,32.1174334],[34.7860257,32.1177037],[34.7860748,32.1178287],[34.7862485,32.1181047],[34.7863012,32.1181656],[34.7863398,32.1182079],[34.7863784,32.1182436],[34.7863926,32.1182506],[34.7864376,32.1182732],[34.7864728,32.1182828],[34.7865375,32.118289]]},"properties":{"highway":"cycleway"}},
{"type":"Feature","geometry":{"type":"LineString","coordinates":[[34.7763364,32.1017991],[34.7763166,32.1017778],[34.776315,32.1017512],[34.776322,32.1017253],[34.7763348,32.1017081]]},"properties":{"bicycle":"designated","foot":"designated","highway":"path","name":"דוד רוטלוי","name:en":"David Rotlevy","name:he":"דוד רוטלוי","oneway":"no","segregated":"yes","surface":"asphalt"}},
{"type":"Feature","geometry":{"type":"LineString","coordinates":[[34.7772793,32.0992294],[34.7772658,32.0992111],[34.7772509,32.099194]]},"properties":{"bicycle":"designated","foot":"designated","highway":"path","name":"דוד רוטלוי","name:en":"David Rotlevy","name:he":"דוד רוטלוי","segregated":"yes","surface":"asphalt"}},
{"type":"Feature","geometry":{"type":"LineString","coordinates":[[34.7769503,32.0983039],[34.7770511,32.0981615]]},"properties":{"bicycle":"designated","cycleway:surface":"asphalt","foot":"designated","footway:surface":"paving_stones","highway":"path","name":"דוד רוטלוי","name:en":"David Rotlevy","name:he":"דוד רוטלוי","segregated":"yes"}},
{"type":"Feature","geometry":{"type":"LineString","coordinates":[[34.8281035,32.1065666],[34.8276608,32.1065501]]},"properties":{"bicycle":"designated","foot":"designated","highway":"path","surface":"asphalt"}},
{"type":"Feature","geometry":{"type":"LineString","coordinates":[[34.7805721,32.0739162],[34.7799707,32.074033],[34.779871,32.0740531],[34.7797817,32.0740729],[34.7797355,32.0740825],[34.7791241,32.0742093],[34.7790187,32.0742236]]},"properties":{"bicycle":"designated","foot":"no","highway":"cycleway","oneway":"no","segregated":"no","surface":"asphalt"}},
{"type":"Feature","geometry":{"type":"LineString","coordinates":[[34.7935978,32.1001956],[34.7935414,32.1002654],[34.7934934,32.1003242],[34.7934734,32.1003624],[34.793324,32.1010396],[34.7930986,32.1022845],[34.7930902,32.1023865],[34.7930584,32.1024891],[34.7930545,32.1026108],[34.7930098,32.1026343]]},"properties":{"bicycle":"designated","foot":"designated","footway":"sidewalk","highway":"path","surface":"paved"}},
{"type":"Feature","geometry":{"type":"LineString","coordinates":[[34.7924961,32.1026063],[34.7925781,32.1025076],[34.7926282,32.1024281],[34.7926656,32.1023421],[34.792678,32.1022753],[34.7926862,32.1021627],[34.7926929,32.1020774],[34.7927078,32.1019921]]},"properties":{"bicycle":"designated","foot":"designated","highway":"path","segregated":"yes","surface":"paved"}},
{"type":"Feature","geometry":{"type":"LineString","coordinates":[[34.7935354,32.1116285],[34.7936766,32.1116554],[34.7940631,32.1117224],[34.7941632,32.1117382]]},"properties":{"bicycle":"designated","foot":"designated","highway":"footway","segregated":"no"}},
{"type":"Feature","geometry":{"type":"LineString","coordinates":[[34.7940051,32.1124455],[34.7941632,32.1117382],[34.7942182,32.1114976]]},"properties":{"bicycle":"designated","foot":"designated","highway":"footway","segregated":"no"}},
{"type":"Feature","geometry":{"type":"LineString","coordinates":[[34.7940051,32.1124455],[34.7939981,32.112477],[34.7939912,32.112509]]},"properties":{"bicycle":"designated","crossing":"uncontrolled","crossing:markings":"yes","foot":"designated","footway":"crossing","highway":"footway","segregated":"no"}},
{"type":"Feature","geometry":{"type":"LineString","coordinates":[[34.7975371,32.1128301],[34.7976045,32.1127775],[34.7976246,32.1127514],[34.7976313,32.1127264],[34.7976829,32.1124424],[34.797697,32.1124089],[34.7977191,32.1123629],[34.7977319,32.1123243],[34.7977498,32.1122316],[34.7978251,32.1118427],[34.7978291,32.1118165],[34.7978305,32.111791],[34.7978271,32.1117682],[34.797817,32.1117433],[34.797801,32.1117149],[34.7977862,32.1116882],[34.7977761,32.1116649],[34.7977694,32.1116461],[34.7977654,32.1116211],[34.7977694,32.111602],[34.7977975,32.1115378]]},"properties":{"highway":"cycleway"}},
{"type":"Feature","geometry":{"type":"LineString","coordinates":[[34.7977975,32.1115378],[34.7978124,32.111511],[34.7978318,32.1114956],[34.797866,32.111486],[34.7978962,32.1114684],[34.7979037,32.1114559],[34.797923,32.1114241]]},"properties":{"highway":"cycleway"}},
{"type":"Feature","geometry":{"type":"LineString","coordinates":[[34.8073136,32.1169417],[34.8073143,32.1166668],[34.8073491,32.1161488],[34.8073584,32.1160949],[34.8073832,32.1160317]]},"properties":{"highway":"cycleway"}},
{"type":"Feature","geometry":{"type":"LineString","coordinates":[[34.8074069,32.1157172],[34.8073867,32.1156365],[34.8074323,32.1148357],[34.8074323,32.1148119],[34.8074229,32.1147869],[34.8074202,32.1147687],[34.8074228,32.1147456],[34.8074582,32.1144226],[34.8074725,32.1142916],[34.8075235,32.1141337],[34.8075584,32.113768],[34.8075618,32.1136851],[34.8075733,32.1134061],[34.8075879,32.1130501],[34.8075812,32.1124582],[34.8075516,32.1122992],[34.8075368,32.111755],[34.8075356,32.1117074],[34.8075597,32.1115336],[34.8075503,32.1113166],[34.8075208,32.1112167],[34.8075101,32.1111803],[34.8074953,32.110994],[34.8074779,32.1108986],[34.8074551,32.1108055],[34.8074522,32.1107764],[34.8074511,32.1107646],[34.8074537,32.1107146],[34.8074645,32.1106771],[34.8074819,32.110643],[34.8074993,32.1105987],[34.807502,32.1105624],[34.807502,32.1105215],[34.8074926,32.1104942],[34.8074739,32.1104545],[34.807443,32.110409],[34.8074068,32.1103636],[34.8073653,32.1103277],[34.8073398,32.1103045],[34.8073196,32.1102716],[34.8073009,32.1102341],[34.8072915,32.1101977],[34.8072807,32.1101318],[34.8072727,32.1100546],[34.8072687,32.1099864],[34.807262,32.1099331],[34.8072298,32.1098024],[34.8071533,32.109615],[34.8067872,32.1089448],[34.8064439,32.1083461],[34.8059893,32.1076997],[34.8057546,32.1073942],[34.8054461,32.1070556],[34.8052423,32.1068602],[34.8050214,32.106671],[34.8049352,32.1065933],[34.8048748,32.1065194],[34.8048359,32.1064592],[34.8047917,32.106374],[34.8047689,32.1063252],[34.8046347,32.1059424],[34.8046542,32.1058911]]},"properties":{"highway":"cycleway","surface":"asphalt"}},
{"type":"Feature","geometry":{"type":"LineString","coordinates":[[34.8007094,32.0426787],[34.8007157,32.0428362],[34.8007228,32.0429351],[34.8007215,32.0429697]]},"properties":{"bicycle":"designated","foot":"designated","highway":"service","horse":"no","motor_vehicle":"private","segregated":"yes","surface":"asphalt"}},
{"type":"Feature","geometry":{"type":"LineString","coordinates":[[34.7830528,32.0968814],[34.7830556,32.0965881],[34.7830656,32.0965599],[34.7830807,32.0965511],[34.7831072,32.096539],[34.7833143,32.0965481],[34.7833755,32.0965719],[34.7834309,32.0966056],[34.7834893,32.0966559],[34.7835441,32.0967239],[34.7835853,32.0968004]]},"properties":{"bicycle":"designated","check_date:surface":"2023-10-05","cycleway:surface":"asphalt","foot":"designated","footway:surface":"asphalt","highway":"path","oneway":"no","segregated":"yes","surface":"asphalt"}},
{"type":"Feature","geometry":{"type":"LineString","coordinates":[[34.8426509,32.0633643],[34.8425329,32.0634285],[34.8424299,32.0634734],[34.8423569,32.0634497],[34.842284,32.0634316],[34.8422311,32.0634223],[34.8421381,32.0634297],[34.8420673,32.0634479],[34.841887,32.0634934],[34.8416918,32.0635152],[34.8415158,32.0635134],[34.8412712,32.0635116],[34.8410459,32.0634916],[34.8408249,32.0634607],[34.8405974,32.0634116],[34.8404064,32.0633643],[34.8402176,32.063297],[34.8399966,32.0632061],[34.8398099,32.0631115],[34.8397746,32.0630883],[34.8396983,32.0630697],[34.8396511,32.0630697],[34.8395911,32.0630951],[34.8394859,32.0631733]]},"properties":{"highway":"cycleway"}},
{"type":"Feature","geometry":{"type":"LineString","coordinates":[[34.8397746,32.0630883],[34.8398071,32.0630192],[34.8398602,32.0629351],[34.8399355,32.0628569]]},"properties":{"highway":"cycleway"}},
{"type":"Feature","geometry":{"type":"LineString","coordinates":[[34.8393547,32.0631294],[34.8393872,32.0630415],[34.8394195,32.0629786],[34.8394205,32.0628713],[34.8393907,32.0628083],[34.8393516,32.0627476],[34.8392965,32.0626823],[34.8391759,32.0625889],[34.8390763,32.0624862],[34.8389581,32.0623053],[34.8388714,32.0621659],[34.8388031,32.0620324],[34.8387153,32.0618313],[34.8385818,32.061514],[34.8383914,32.0610888],[34.8383422,32.0610312],[34.8383165,32.0609984],[34.8382693,32.0609675],[34.8382371,32.0609457],[34.8382178,32.0609075],[34.8382122,32.0608535],[34.8382088,32.060821]]},"properties":{"highway":"cycleway"}},
{"type":"Feature","geometry":{"type":"LineString","coordinates":[[34.8395911,32.0630951],[34.839545,32.0630694],[34.8394195,32.0629786]]},"properties":{"highway":"cycleway"}},
{"type":"Feature","geometry":{"type":"LineString","coordinates":[[34.8395854,32.0475288],[34.8394888,32.0475356],[34.839395,32.0475674],[34.8392218,32.0476601],[34.8391562,32.0477357],[34.8390758,32.0477766],[34.8389765,32.0478107],[34.8388585,32.047838],[34.8387995,32.0478493],[34.8387392,32.0478778],[34.8386976,32.0479096],[34.8386587,32.0479596],[34.8386466,32.0480051],[34.8386547,32.048054],[34.8386761,32.048104],[34.8387271,32.0481756],[34.8387552,32.0482256],[34.8387633,32.048279],[34.8387633,32.0483472],[34.8387351,32.0484348],[34.8387271,32.0484927],[34.8387271,32.0485552],[34.8387445,32.0486291],[34.83877,32.0486939],[34.8388236,32.0487849],[34.8388464,32.0488315],[34.8388639,32.048894],[34.8388666,32.0489751],[34.838863,32.0489968],[34.8388572,32.0490679],[34.8388263,32.0491441],[34.8387687,32.0493066],[34.8387472,32.049376],[34.8387257,32.0494737],[34.8386976,32.0496158],[34.8386842,32.0497613],[34.8386721,32.0498966],[34.8386614,32.0499409],[34.8386426,32.0499943],[34.8385954,32.0500935],[34.8385863,32.0501125],[34.8385662,32.0501614],[34.8385474,32.0502194],[34.8383188,32.0508954]]},"properties":{"highway":"cycleway"}},
{"type":"Feature","geometry":{"type":"LineString","coordinates":[[34.8391106,32.049002],[34.8389336,32.0489974],[34.838863,32.0489968]]},"properties":{"highway":"cycleway"}},
{"type":"Feature","geometry":{"type":"LineString","coordinates":[[34.797927,32.1129397],[34.7979484,32.1129229],[34.7990986,32.11305],[34.7991441,32.1130543],[34.8004416,32.1131779],[34.8013067,32.1132651]]},"properties":{"highway":"cycleway"}},
{"type":"Feature","geometry":{"type":"LineString","coordinates":[[34.8254286,32.1060496],[34.8255037,32.1060801],[34.8258254,32.1061965],[34.8260493,32.1063755],[34.8261483,32.1064616]]},"properties":{"bicycle":"designated","highway":"cycleway","surface":"asphalt"}},
{"type":"Feature","geometry":{"type":"LineString","coordinates":[[34.794553,32.0726135],[34.794532,32.0726441]]},"properties":{"bicycle":"designated","cycleway:surface":"asphalt","cycleway:width":"2.2","foot":"designated","footway:surface":"paving_stones","highway":"path","lit":"yes","segregated":"yes"}},
{"type":"Feature","geometry":{"type":"LineString","coordinates":[[34.7791649,32.0582922],[34.7792294,32.0582464],[34.7792737,32.0582014],[34.7794099,32.05802],[34.7795214,32.057849],[34.7795781,32.0577425],[34.7796199,32.0576484],[34.7796279,32.057634],[34.7797249,32.0574591],[34.7798028,32.0572821],[34.7799143,32.0570181],[34.7799585,32.0568772],[34.7799604,32.0567838],[34.7799542,32.0567181]]},"properties":{"highway":"cycleway","oneway":"yes"}},
{"type":"Feature","geometry":{"type":"LineString","coordinates":[[34.8015065,32.099495],[34.8013944,32.0994349],[34.801322,32.0992796],[34.801305,32.0991961],[34.801245,32.099123],[34.8012547,32.0990271],[34.8012908,32.0988742]]},"properties":{"highway":"cycleway"}},
{"type":"Feature","geometry":{"type":"LineString","coordinates":[[34.7893139,32.0837496],[34.7893102,32.0837506],[34.789266,32.0837629],[34.7892506,32.0837672],[34.7891317,32.0837864]]},"properties":{"highway":"cycleway","oneway":"yes","surface":"asphalt","width":"1"}},
{"type":"Feature","geometry":{"type":"LineString","coordinates":[[34.7889945,32.0836146],[34.7891003,32.0835916],[34.7892102,32.0835705],[34.7892666,32.0835628]]},"properties":{"highway":"cycleway","oneway":"yes","surface":"asphalt"}},
{"type":"Feature","geometry":{"type":"LineString","coordinates":[[34.8081274,32.1027768],[34.8078974,32.1027323],[34.8076998,32.1027317],[34.8072927,32.1028425],[34.8071986,32.1028274]]},"properties":{"bicycle":"designated","foot":"designated","highway":"path","oneway":"no","segregated":"yes","surface":"paving_stones"}},
{"type":"Feature","geometry":{"type":"LineString","coordinates":[[34.8135874,32.1062878],[34.8139284,32.1066056],[34.8141841,32.1068246],[34.8143397,32.1069069],[34.8148404,32.107314],[34.8148612,32.1073324],[34.8148745,32.1073468],[34.8148828,32.1073612],[34.8148973,32.1073739],[34.8149155,32.1073823],[34.814936,32.1073868],[34.8149827,32.1073942]]},"properties":{"bicycle":"designated","foot":"designated","highway":"path","oneway":"no","segregated":"yes","surface":"paved"}},
{"type":"Feature","geometry":{"type":"LineString","coordinates":[[34.8134444,32.1061306],[34.8135874,32.1062878]]},"properties":{"bicycle":"designated","foot":"designated","highway":"path","oneway":"no","segregated":"yes","surface":"paved"}},
{"type":"Feature","geometry":{"type":"LineString","coordinates":[[34.8138201,32.1049341],[34.8135558,32.1051876]]},"properties":{"bicycle":"designated","foot":"designated","highway":"path","oneway":"no","segregated":"yes","surface":"paved"}},
{"type":"Feature","geometry":{"type":"LineString","coordinates":[[34.7699529,32.0507287],[34.7701082,32.0510869],[34.7701529,32.051207]]},"properties":{"highway":"cycleway","lit":"yes","oneway":"no","surface":"asphalt","width":"3"}},
{"type":"Feature","geometry":{"type":"LineString","coordinates":[[34.8282637,32.0616954],[34.8283128,32.0622349],[34.8283446,32.0627761],[34.8283617,32.0631577],[34.8283627,32.063357],[34.8283414,32.0633868],[34.8283319,32.0634112],[34.8283391,32.0634935],[34.828334,32.0637864],[34.8283106,32.0640994],[34.8282818,32.0643114],[34.8282861,32.0648292],[34.828317,32.065632],[34.828319,32.0656636],[34.8282914,32.0657141],[34.8282776,32.0657538],[34.8282893,32.0661272],[34.8283297,32.0665232],[34.8283564,32.0670148],[34.8283351,32.0670554],[34.8283116,32.0670735],[34.8283115,32.0671228],[34.8283159,32.067179],[34.8283446,32.0671844],[34.8283702,32.0671998],[34.8283776,32.067253],[34.8283766,32.0673621],[34.8284043,32.0676823],[34.8284468,32.068174],[34.8285032,32.0687684],[34.8285116,32.0688956],[34.8285426,32.0693105],[34.8285724,32.0697543],[34.8285916,32.0700456]]},"properties":{"highway":"cycleway","surface":"asphalt","width":"2"}},
{"type":"Feature","geometry":{"type":"LineString","coordinates":[[34.7816574,32.0852542],[34.7804991,32.0855414]]},"properties":{"alt_name:en":"Arlozorov;Dr. Haim Arlosoroff","alt_name:he":"ד\"ר חיים ארלוזורוב","foot":"yes","highway":"cycleway","lanes":"1","maxspeed:type":"IL:urban","name":"ארלוזורוב","name:ar":"أرلوزوروڤ","name:en":"Arlosoroff","name:he":"ארלוזורוב","name:ro":"Arlozorov","name:ru":"Арлозоров","oneway":"yes","sidewalk":"both","surface":"asphalt"}},
{"type":"Feature","geometry":{"type":"LineString","coordinates":[[34.7777723,32.0861795],[34.7771283,32.0863473]]},"properties":{"alt_name:en":"Arlozorov;Dr. Haim Arlosoroff","alt_name:he":"ד\"ר חיים ארלוזורוב","foot":"yes","highway":"cycleway","maxspeed":"50","maxspeed:type":"IL:urban","name":"ארלוזורוב","name:ar":"أرلوزوروڤ","name:en":"Arlosoroff","name:he":"ארלוזורוב","name:ro":"Arlozorov","name:ru":"Арлозоров","oneway":"yes","surface":"asphalt"}},
{"type":"Feature","geometry":{"type":"LineString","coordinates":[[34.8239157,32.1056055],[34.8236033,32.1054904],[34.8235445,32.1054251],[34.8235129,32.1053474],[34.8235117,32.1052653],[34.8235411,32.105187],[34.8235981,32.1051205],[34.8236769,32.1050726],[34.8237695,32.1050481],[34.8238664,32.1050495],[34.8241812,32.1051627]]},"properties":{"highway":"cycleway","leisure":"track","sport":"cycling"}},
{"type":"Feature","geometry":{"type":"LineString","coordinates":[[34.8241812,32.1051627],[34.8244995,32.1052974],[34.8245546,32.1053719],[34.8245769,32.1054577],[34.824564,32.1055449],[34.8245171,32.1056234],[34.8244419,32.1056839],[34.8243471,32.1057196],[34.8242436,32.1057262],[34.8239157,32.1056055]]},"properties":{"highway":"cycleway","leisure":"track","sport":"cycling"}},
{"type":"Feature","geometry":{"type":"LineString","coordinates":[[34.7776131,32.0544452],[34.7775927,32.0543683]]},"properties":{"crossing":"traffic_signals","cycleway":"crossing","footway":"crossing","highway":"path"}},
{"type":"Feature","geometry":{"type":"LineString","coordinates":[[34.7820708,32.0711599],[34.7820868,32.0710668],[34.7821243,32.0710088],[34.7821695,32.0709652],[34.7822586,32.0708813],[34.7823529,32.0707682],[34.7824927,32.0705962],[34.782544,32.0705089],[34.7826004,32.0704055],[34.7826478,32.0703478],[34.7826843,32.0703421],[34.7827219,32.0703501]]},"properties":{"highway":"cycleway","surface":"asphalt"}},
{"type":"Feature","geometry":{"type":"LineString","coordinates":[[34.7874972,32.0693987],[34.7876078,32.0693465],[34.7877392,32.0692871],[34.7878213,32.0692499]]},"properties":{"highway":"cycleway","oneway":"no","surface":"asphalt"}},
{"type":"Feature","geometry":{"type":"LineString","coordinates":[[34.7875432,32.0691099],[34.7874205,32.0686766],[34.7873532,32.068453],[34.7870971,32.0679796],[34.7869161,32.0674642],[34.7868726,32.0673047],[34.7868361,32.0671709],[34.7868105,32.0670132],[34.7865997,32.0664305],[34.7865681,32.0663324],[34.7862716,32.0656001],[34.7862765,32.0655443],[34.7862811,32.0654956]]},"properties":{"bicycle":"designated","foot":"designated","highway":"path","segregated":"yes","surface":"paved"}},
{"type":"Feature","geometry":{"type":"LineString","coordinates":[[34.7839714,32.0704153],[34.7839057,32.070443],[34.7837413,32.0704422],[34.783471,32.0704448],[34.7833406,32.0704402],[34.7832738,32.0704379],[34.7830451,32.0704172],[34.7827484,32.0703556],[34.7827219,32.0703501]]},"properties":{"highway":"cycleway","surface":"asphalt"}},
{"type":"Feature","geometry":{"type":"LineString","coordinates":[[34.7852602,32.0635316],[34.7853267,32.0635947],[34.7854227,32.0636634],[34.7858442,32.0646443],[34.7858672,32.0646979],[34.7858904,32.0647517],[34.7859156,32.0648105],[34.7861153,32.0652059]]},"properties":{"bicycle":"designated","check_date:surface":"2025-12-07","cycleway:surface":"asphalt","cycleway:width":"1.5","foot":"designated","footway:surface":"paving_stones","highway":"path","segregated":"yes","surface":"paved"}},
{"type":"Feature","geometry":{"type":"LineString","coordinates":[[34.7815993,32.0749002],[34.7816647,32.0742861]]},"properties":{"bicycle":"designated","foot":"designated","footway":"sidewalk","highway":"path","segregated":"no"}},
{"type":"Feature","geometry":{"type":"LineString","coordinates":[[34.7652584,32.0526854],[34.7652868,32.0526746]]},"properties":{"foot":"yes","highway":"cycleway"}},
{"type":"Feature","geometry":{"type":"LineString","coordinates":[[34.7689029,32.0613452],[34.7689637,32.0609695]]},"properties":{"highway":"cycleway","surface":"asphalt"}},
{"type":"Feature","geometry":{"type":"LineString","coordinates":[[34.7689637,32.0609695],[34.7689692,32.0609244]]},"properties":{"highway":"cycleway","surface":"concrete"}},
{"type":"Feature","geometry":{"type":"LineString","coordinates":[[34.7923077,32.1127913],[34.7926614,32.1144229],[34.7928617,32.115438],[34.7928373,32.1155439],[34.7928882,32.1156398],[34.793072,32.1167242],[34.7930639,32.1167879],[34.7930807,32.1168793],[34.7931357,32.1170263],[34.7937501,32.1199646],[34.793879,32.1208129],[34.7938309,32.1209088],[34.7938277,32.1210042],[34.7938489,32.1210783],[34.7939607,32.1212307],[34.7940629,32.1216704],[34.7941005,32.1222176],[34.7941225,32.1224254],[34.7942052,32.1226556]]},"properties":{"highway":"cycleway"}},
{"type":"Feature","geometry":{"type":"LineString","coordinates":[[34.7863343,32.0651668],[34.7863858,32.0652184],[34.7864361,32.0652577],[34.7871796,32.065125],[34.7877249,32.0650187],[34.7883588,32.0648952],[34.7885797,32.0648522],[34.7886833,32.0648116],[34.7888129,32.0647609],[34.7889463,32.0647277]]},"properties":{"highway":"cycleway"}},
{"type":"Feature","geometry":{"type":"LineString","coordinates":[[34.7842023,32.0585733],[34.7842751,32.0588734],[34.7842936,32.0589325],[34.7843301,32.0590013],[34.7843792,32.0590464],[34.7844269,32.0590801],[34.7844584,32.0590935],[34.7844952,32.0591037],[34.7845464,32.0591095],[34.7850313,32.0591235]]},"properties":{"bicycle":"designated","foot":"designated","highway":"path","segregated":"no","surface":"paving_stones"}},
{"type":"Feature","geometry":{"type":"LineString","coordinates":[[34.802597,32.0925794],[34.8017219,32.0920778],[34.8017747,32.0918969],[34.801747,32.0917862],[34.8017604,32.0913075],[34.8014262,32.0905297],[34.8013878,32.0900297],[34.8013301,32.0898688],[34.801336,32.0898001],[34.8013596,32.0897254]]},"properties":{"bicycle":"designated","foot":"designated","highway":"path","segregated":"yes","surface":"paved"}},
{"type":"Feature","geometry":{"type":"LineString","coordinates":[[34.8012237,32.0894919],[34.8017973,32.0892202],[34.802221,32.0889804]]},"properties":{"bicycle":"designated","foot":"designated","highway":"path","segregated":"yes","surface":"paved"}},
{"type":"Feature","geometry":{"type":"LineString","coordinates":[[34.7832293,32.0984619],[34.7831831,32.0984923],[34.7831446,32.0985094],[34.7830814,32.0985069],[34.7828682,32.0984877],[34.7826503,32.0984526],[34.7825668,32.0984553]]},"properties":{"bicycle":"designated","foot":"yes","highway":"cycleway","lit":"yes","one":"no","segregated":"no","surface":"asphalt"}},
{"type":"Feature","geometry":{"type":"LineString","coordinates":[[34.7801186,32.0982942],[34.7800891,32.0982825],[34.7800618,32.0982485],[34.78005,32.098155],[34.7799579,32.0980509],[34.7797981,32.0979116],[34.779743,32.0978189],[34.7797336,32.0977257],[34.7798335,32.0966164],[34.7798325,32.0965784],[34.7798077,32.0965404],[34.7797756,32.0965083]]},"properties":{"bicycle":"designated","foot":"designated","highway":"path","lit":"yes","one":"no","segregated":"no","surface":"asphalt"}},
{"type":"Feature","geometry":{"type":"LineString","coordinates":[[34.7831833,32.0967891],[34.7832339,32.0967905]]},"properties":{"bicycle":"designated","check_date:surface":"2023-12-03","cycleway:surface":"asphalt","foot":"designated","footway:surface":"asphalt","highway":"path","oneway":"no","segregated":"yes","surface":"asphalt"}},
{"type":"Feature","geometry":{"type":"LineString","coordinates":[[34.7832339,32.0967905],[34.7832284,32.0968867]]},"properties":{"bicycle":"designated","foot":"designated","highway":"path","segregated":"no"}},
{"type":"Feature","geometry":{"type":"LineString","coordinates":[[34.8378449,32.0518128],[34.8379276,32.0517716],[34.8378986,32.0517246],[34.8379757,32.0516884],[34.8381883,32.0515648],[34.8385686,32.0514419],[34.838696,32.0514226],[34.83938,32.051201]]},"properties":{"foot":"yes","highway":"cycleway","lit":"yes","oneway":"no","surface":"asphalt"}},
{"type":"Feature","geometry":{"type":"LineString","coordinates":[[34.7643991,32.0578528],[34.7642679,32.0578899]]},"properties":{"bicycle":"designated","foot":"designated","highway":"path","oneway":"yes","segregated":"no"}},
{"type":"Feature","geometry":{"type":"LineString","coordinates":[[34.7643761,32.0572648],[34.7644144,32.0572749],[34.7645643,32.0573141],[34.7646454,32.0573353]]},"properties":{"bicycle":"designated","crossing":"uncontrolled","crossing:markings":"yes","foot":"designated","highway":"path","path":"crossing"}},
{"type":"Feature","geometry":{"type":"LineString","coordinates":[[34.7656716,32.0524784],[34.7656147,32.052595],[34.7655864,32.0526038],[34.7655316,32.0526238],[34.7653677,32.0526607],[34.7652868,32.0526746]]},"properties":{"foot":"no","highway":"cycleway","surface":"asphalt","width":"1"}},
{"type":"Feature","geometry":{"type":"LineString","coordinates":[[34.7655864,32.0526038],[34.7655881,32.0526612],[34.7655945,32.0527927],[34.7655794,32.0529224],[34.7654726,32.0535625],[34.7653412,32.0541979],[34.7652956,32.0543422],[34.765265,32.0544927],[34.7652716,32.054565],[34.7652963,32.0546183],[34.7652621,32.0546544],[34.76519,32.0546903],[34.7651792,32.0547576],[34.7651573,32.0548198],[34.7651499,32.0548436],[34.7651296,32.0549075],[34.765104,32.0549884],[34.7650013,32.0553649],[34.764943,32.0556466],[34.7648142,32.0563003],[34.7647857,32.0564281],[34.7647619,32.056541],[34.7646974,32.0572094],[34.7646761,32.0572678],[34.7646454,32.0573353],[34.7646033,32.0574297]]},"properties":{"highway":"cycleway","oneway":"yes","width":"1"}},
{"type":"Feature","geometry":{"type":"LineString","coordinates":[[34.7641625,32.0578484],[34.764119,32.0577782],[34.7642428,32.057528],[34.7643761,32.0572648],[34.7644338,32.0571508],[34.7645316,32.0565167],[34.7645699,32.0562686],[34.7646562,32.0557101],[34.764755,32.0552274],[34.7648666,32.0548584],[34.7648478,32.054795],[34.7648599,32.0547583],[34.7648797,32.0546985],[34.7648916,32.0546664],[34.7649177,32.0546361],[34.7649518,32.0546001],[34.7650123,32.0543394],[34.7650562,32.054221],[34.7652294,32.053317],[34.7652215,32.0532229],[34.7651625,32.0531126],[34.7651669,32.0530906],[34.7652238,32.0530176],[34.7652336,32.052998],[34.7652436,32.0529154],[34.7652662,32.0527773],[34.7652868,32.0526746]]},"properties":{"highway":"cycleway","oneway":"yes","width":"1"}},
{"type":"Feature","geometry":{"type":"LineString","coordinates":[[34.7948445,32.078145],[34.7949635,32.0782584],[34.7949916,32.0782751],[34.7950267,32.0782903],[34.7952212,32.0783792]]},"properties":{"bicycle":"designated","foot":"designated","highway":"path","name":"טיילת איילון","name:en":"Ayalon Promenade","name:he":"טיילת איילון"}},
{"type":"Feature","geometry":{"type":"LineString","coordinates":[[34.7952212,32.0783792],[34.7953293,32.0784805],[34.7955925,32.0786591],[34.7958916,32.0790509],[34.7960085,32.0791749],[34.7962706,32.0794777],[34.7964159,32.079659],[34.7965386,32.0798119],[34.7967512,32.0801343],[34.7968421,32.0802796]]},"properties":{"bicycle":"designated","highway":"cycleway"}},
{"type":"Feature","geometry":{"type":"LineString","coordinates":[[34.7968421,32.0802796],[34.7969046,32.0804005],[34.7969247,32.0804541],[34.7969368,32.0804886],[34.7969408,32.0805197],[34.7969417,32.0805473],[34.7969279,32.0805877]]},"properties":{"bicycle":"designated","foot":"designated","highway":"path","name":"טיילת איילון","name:en":"Ayalon Promenade","name:he":"טיילת איילון"}},
{"type":"Feature","geometry":{"type":"LineString","coordinates":[[34.7707506,32.0692245],[34.7706085,32.0696197],[34.770514,32.0698708],[34.7704572,32.0699966],[34.7703245,32.0702273],[34.7700549,32.0707967],[34.7700299,32.0708472],[34.7699674,32.07098],[34.7698819,32.0711592],[34.7693991,32.0718638],[34.7689686,32.0725729],[34.7688634,32.0727097],[34.7688186,32.072768]]},"properties":{"highway":"cycleway","oneway":"no"}},
{"type":"Feature","geometry":{"type":"LineString","coordinates":[[34.7709135,32.0684524],[34.7709715,32.0682834],[34.7712188,32.0677103],[34.7715174,32.0670247],[34.7722065,32.0653549]]},"properties":{"highway":"cycleway"}},
{"type":"Feature","geometry":{"type":"LineString","coordinates":[[34.7707506,32.0692245],[34.7709135,32.0684524]]},"properties":{"highway":"cycleway","oneway":"yes"}},
{"type":"Feature","geometry":{"type":"LineString","coordinates":[[34.7860653,32.0646298],[34.7859867,32.0646623],[34.7858672,32.0646979]]},"properties":{"bicycle":"designated","foot":"designated","highway":"path"}},
{"type":"Feature","geometry":{"type":"LineString","coordinates":[[34.7689712,32.0369303],[34.7690009,32.0369186],[34.769053,32.0368982]]},"properties":{"bicycle":"designated","bridge":"yes","cycleway:width":"3","foot":"designated","highway":"path","layer":"1","segregated":"no","source:cycleway:width":"ARCore"}},
{"type":"Feature","geometry":{"type":"LineString","coordinates":[[34.762171,32.0672019],[34.7621318,32.0671623],[34.7619931,32.0671693],[34.7618627,32.0671114],[34.7618441,32.067057],[34.7617426,32.0670342],[34.7616598,32.0669939],[34.7616309,32.0669325],[34.7616474,32.0668799],[34.7617075,32.0668658],[34.7617468,32.0668992],[34.7618068,32.0669325],[34.7618441,32.0669553],[34.7619372,32.0669763],[34.7620221,32.0669606],[34.7620966,32.0669448],[34.7621566,32.0669237],[34.7621939,32.0669255],[34.7622105,32.0669728],[34.7622043,32.0670062],[34.7621649,32.0670237],[34.7621401,32.067057],[34.7621484,32.0671149],[34.7621318,32.0671623]]},"properties":{"cycling":"pump_track","highway":"cycleway","leisure":"track","lit":"yes","mtb:scale":"2","sport":"cycling","surface":"asphalt","width":"2"}},
{"type":"Feature","geometry":{"type":"LineString","coordinates":[[34.7923472,32.1127743],[34.7923077,32.1127913]]},"properties":{"bicycle":"designated","crossing":"uncontrolled","crossing:markings":"yes","foot":"yes","footway":"crossing","highway":"footway","oneway:mtb":"yes"}},
{"type":"Feature","geometry":{"type":"LineString","coordinates":[[34.7923226,32.1034842],[34.7921623,32.1034058],[34.7918556,32.1033431],[34.7893319,32.1030305],[34.7892548,32.1030325],[34.7892101,32.1030482],[34.7891776,32.1029965]]},"properties":{"bicycle":"designated","highway":"cycleway"}},
{"type":"Feature","geometry":{"type":"LineString","coordinates":[[34.8012237,32.0894919],[34.8012387,32.0895518],[34.8012656,32.0896644],[34.8012795,32.0897241],[34.8013596,32.0897254]]},"properties":{"bicycle":"designated","crossing:markings":"yes","foot":"designated","highway":"path","path":"crossing"}},
{"type":"Feature","geometry":{"type":"LineString","coordinates":[[34.802221,32.0889804],[34.8023966,32.0888707]]},"properties":{"bicycle":"designated","foot":"designated","highway":"path","segregated":"yes","surface":"paved"}},
{"type":"Feature","geometry":{"type":"LineString","coordinates":[[34.809724,32.0950633],[34.8096399,32.0950469],[34.8094093,32.0950649],[34.80939,32.0950652]]},"properties":{"cycleway:surface":"asphalt","footway:surface":"asphalt","highway":"cycleway","oneway":"no","surface":"asphalt"}},
{"type":"Feature","geometry":{"type":"LineString","coordinates":[[34.8312182,32.0375426],[34.8311339,32.0375878]]},"properties":{"bicycle":"designated","foot":"designated","highway":"path","image":"https://lh3.googleusercontent.com/pw/ACtC-3f2Bompn4zwqX8q7-J-oBapI0xel9bDo0laaYp6MDEL9PNhN7IKenOYI6AQTGW6NkUZSwvoL1g7suCtadZYV6FbPx0XzQWaH9OGBeWiTll-sQO-4CasRtpxBvfhZ-upvqM128pGmlUz_6pCAKn8LDFeoQ=w460-h828-no?authuser=2","surface":"asphalt","width":"3.5"}},
{"type":"Feature","geometry":{"type":"LineString","coordinates":[[34.7938785,32.0795046],[34.7938612,32.0794475],[34.7938371,32.0793472],[34.7938267,32.0792591],[34.7938416,32.0792106]]},"properties":{"bicycle":"designated","crossing":"traffic_signals","foot":"designated","highway":"path","path":"crossing"}},
{"type":"Feature","geometry":{"type":"LineString","coordinates":[[34.7821267,32.0644573],[34.7821544,32.0644917],[34.7821711,32.0645231],[34.7821942,32.0645683],[34.7822171,32.0645945],[34.7822377,32.064609],[34.7823774,32.0647119],[34.7824638,32.0647751],[34.7826156,32.0648859],[34.7828658,32.0650957],[34.7837079,32.065801]]},"properties":{"bicycle":"designated","foot":"designated","footway:surface":"paving_stones","highway":"path","oneway":"no","segregated":"yes","surface":"asphalt"}},
{"type":"Feature","geometry":{"type":"LineString","coordinates":[[34.7936856,32.0692882],[34.7936563,32.0691863]]},"properties":{"bicycle":"designated","foot":"designated","highway":"path"}},
{"type":"Feature","geometry":{"type":"LineString","coordinates":[[34.7889857,32.123794],[34.7890816,32.12384],[34.789064,32.1238917],[34.7890495,32.1239473],[34.7890674,32.1240578],[34.7893001,32.1247114],[34.7898935,32.1262694],[34.7903107,32.1273264],[34.790565,32.1279833],[34.7909182,32.129005],[34.7915901,32.1307018],[34.7916658,32.1308949],[34.7920091,32.1317706],[34.7921282,32.1319284],[34.7921707,32.1320286],[34.7921915,32.1322155],[34.7926015,32.1331272],[34.7927269,32.1333459],[34.7930049,32.1338286],[34.7933782,32.1344039],[34.7938341,32.1351],[34.7945906,32.1363743],[34.7951034,32.137241],[34.7951938,32.137392],[34.7954639,32.1378642],[34.7959248,32.1386701],[34.7959798,32.1387663]]},"properties":{"foot":"designated","highway":"cycleway","oneway":"yes","segregated":"yes"}},
{"type":"Feature","geometry":{"type":"LineString","coordinates":[[34.7647619,32.056541],[34.7647295,32.0565375],[34.7645805,32.0565218],[34.7645316,32.0565167]]},"properties":{"bicycle":"designated","foot":"designated","highway":"path","path":"crossing"}},
{"type":"Feature","geometry":{"type":"LineString","coordinates":[[34.7645699,32.0562686],[34.7646197,32.056275],[34.7647724,32.0562949],[34.7648142,32.0563003]]},"properties":{"bicycle":"designated","foot":"designated","highway":"path","path":"crossing"}},
{"type":"Feature","geometry":{"type":"LineString","coordinates":[[34.7877846,32.0691307],[34.7877712,32.0691019],[34.7876462,32.0688326],[34.7876252,32.0687211],[34.7875913,32.0685846],[34.7872592,32.0677982],[34.7871665,32.0676004],[34.7872069,32.0675723],[34.787215,32.0675405],[34.7871787,32.0675099],[34.7871253,32.0675129],[34.7870979,32.0674237],[34.7870093,32.0674406]]},"properties":{"bicycle":"designated","foot":"designated","highway":"path","segregated":"yes"}},
{"type":"Feature","geometry":{"type":"LineString","coordinates":[[34.7863343,32.0651668],[34.7862858,32.0650975],[34.7860954,32.0646909],[34.7860653,32.0646298],[34.7858396,32.0641728],[34.7854879,32.0633951],[34.7854639,32.0632988]]},"properties":{"bicycle":"designated","foot":"designated","highway":"path","segregated":"yes"}},
{"type":"Feature","geometry":{"type":"LineString","coordinates":[[34.7661734,32.0734723],[34.7662449,32.0734336],[34.7662287,32.0733912],[34.7662308,32.0733793],[34.7662426,32.0733233],[34.7663035,32.0733246],[34.7663651,32.0733174],[34.7670423,32.0731304],[34.7671558,32.0730442],[34.7673773,32.0729844],[34.7678175,32.0728693],[34.7685078,32.0726846],[34.7686075,32.0726645],[34.7687013,32.0726315],[34.7687597,32.0726855],[34.7688441,32.0727052],[34.7688634,32.0727097]]},"properties":{"highway":"cycleway"}},
{"type":"Feature","geometry":{"type":"LineString","coordinates":[[34.7899778,32.1275057],[34.7895346,32.1263936],[34.7890115,32.1250386],[34.7885291,32.1238403]]},"properties":{"highway":"cycleway","oneway":"yes"}},
{"type":"Feature","geometry":{"type":"LineString","coordinates":[[34.7763312,32.0835347],[34.7779136,32.0826582],[34.7779385,32.0826231]]},"properties":{"highway":"cycleway","lit":"yes","surface":"concrete"}},
{"type":"Feature","geometry":{"type":"LineString","coordinates":[[34.7848954,32.061578],[34.7847676,32.0615961],[34.7847028,32.0616078],[34.7846667,32.0616171],[34.7846215,32.0616427],[34.7846253,32.0616975],[34.7848799,32.0624185],[34.7850293,32.0627751],[34.7851806,32.0631137],[34.7852048,32.0631837],[34.7852176,32.0632551],[34.7852277,32.0633059],[34.7852109,32.0633905]]},"properties":{"bicycle":"designated","foot":"designated","highway":"path","segregated":"yes"}},
{"type":"Feature","geometry":{"type":"LineString","coordinates":[[34.76519,32.0546903],[34.765112,32.0546769],[34.7650042,32.0546583],[34.7649177,32.0546361]]},"properties":{"bicycle":"designated","foot":"designated","highway":"path","path":"crossing"}},
{"type":"Feature","geometry":{"type":"LineString","coordinates":[[34.7651296,32.0549075],[34.7650598,32.0548945],[34.764949,32.0548738],[34.7648666,32.0548584]]},"properties":{"bicycle":"designated","foot":"designated","highway":"path","path":"crossing"}},
{"type":"Feature","geometry":{"type":"LineString","coordinates":[[34.7736936,32.0459086],[34.7737502,32.046065],[34.7738313,32.0462163],[34.7738263,32.0464044],[34.7739192,32.0465186],[34.7742027,32.0465345],[34.7742883,32.0466178],[34.774279,32.0466848]]},"properties":{"highway":"cycleway","oneway":"no"}},
{"type":"Feature","geometry":{"type":"LineString","coordinates":[[34.7735006,32.0456462],[34.7736936,32.0459086],[34.7737481,32.0458973]]},"properties":{"bicycle":"designated","foot":"designated","highway":"path","oneway":"no","segregated":"no"}},
{"type":"Feature","geometry":{"type":"LineString","coordinates":[[34.7734907,32.0618847],[34.7735335,32.0618999]]},"properties":{"alt_name:en":"Mikveh Israel;Miqve Israel","cycleway:surface":"asphalt","cycleway:width":"3","foot":"yes","footway:surface":"paving_stones","highway":"cycleway","lit":"yes","name":"מקוה ישראל","name:en":"Mikve Israel","name:he":"מקוה ישראל","oneway":"no","segregated":"yes"}},
{"type":"Feature","geometry":{"type":"LineString","coordinates":[[34.7891123,32.0647291],[34.7889463,32.0647277]]},"properties":{"bicycle":"designated","foot":"designated","highway":"path","surface":"paving_stones"}},
{"type":"Feature","geometry":{"type":"LineString","coordinates":[[34.7993116,32.0642867],[34.7993265,32.0642144],[34.7993566,32.0641071]]},"properties":{"crossing":"traffic_signals","cycleway":"crossing","highway":"path"}},
{"type":"Feature","geometry":{"type":"LineString","coordinates":[[34.7954276,32.0855607],[34.7954144,32.0855953],[34.7954233,32.0856585],[34.7954413,32.0857459],[34.7954563,32.0858193]]},"properties":{"bicycle":"designated","cycleway:width":"3","foot":"designated","highway":"path","lit":"yes","path":"crossing","segregated":"yes","surface":"asphalt"}},
{"type":"Feature","geometry":{"type":"LineString","coordinates":[[34.7954563,32.0858193],[34.7954698,32.0858883]]},"properties":{"bicycle":"designated","check_date:surface":"2026-06-25","cycleway:surface":"asphalt","cycleway:width":"3","foot":"designated","footway:surface":"paving_stones","highway":"path","lit":"yes","segregated":"yes","surface":"paved"}},
{"type":"Feature","geometry":{"type":"LineString","coordinates":[[34.8076514,32.1004844],[34.8077065,32.1004649],[34.8077758,32.1004498],[34.8078194,32.1004021],[34.8077992,32.1003688],[34.8077341,32.1003393],[34.8076376,32.1002547],[34.8075824,32.1001541],[34.8075288,32.1000223],[34.807465,32.0998932],[34.8073917,32.099859],[34.8073502,32.0998516],[34.8072863,32.099874],[34.8072125,32.0998597],[34.8071844,32.0998214],[34.8072156,32.0997841],[34.807262,32.0997731],[34.8073172,32.0997675],[34.8073811,32.0997619],[34.8074341,32.0997899],[34.8075025,32.0998347],[34.8075841,32.0999357],[34.8077385,32.1000758],[34.8078007,32.1001063],[34.8078465,32.1001504],[34.8078665,32.1002048],[34.8079213,32.1002799],[34.8079543,32.1003037],[34.807999,32.1003176],[34.8080486,32.100322],[34.8080893,32.1003188],[34.8081819,32.1002664],[34.8082758,32.1001853],[34.8083228,32.1001502],[34.8083238,32.1001401],[34.8083588,32.1001314],[34.8084278,32.1001449],[34.8084731,32.1001487],[34.8084974,32.1001842],[34.8084687,32.1002309],[34.8084114,32.1002496],[34.808334,32.1002988],[34.8082812,32.1003935],[34.8082098,32.1004446],[34.8081356,32.1004685],[34.8080474,32.1004832],[34.8079459,32.1005131],[34.8078039,32.1005345],[34.807719,32.1005471],[34.8076663,32.1005495],[34.8076415,32.100538],[34.8076299,32.1005056],[34.8076514,32.1004844]]},"properties":{"cycling":"pump_track","description":"עם מסלול האופניים האתגרי","description:en":"Includes a short cycle practice course","description:he":"עם מסלול האופניים האתגרי","highway":"cycleway","image":"https://upload.wikimedia.org/wikipedia/commons/a/a4/IHM_מסלול_החושים_האתגרי.jpeg","image1":"https://upload.wikimedia.org/wikipedia/commons/d/da/IHM_מסלול_החושים_האתגרי_1.jpeg","image2":"https://upload.wikimedia.org/wikipedia/commons/7/70/IHM_מסלול_החושים_האתגרי_2.jpeg","mtb:name":"האתגרי","name":"מסלול החושים האתגרי","name:he":"מסלול החושים האתגרי"}},
{"type":"Feature","geometry":{"type":"LineString","coordinates":[[34.8257729,32.106493],[34.8261483,32.1064616],[34.8262272,32.1065224],[34.8263197,32.1065928],[34.8263586,32.1066905],[34.8265983,32.1067353],[34.8269312,32.1067413],[34.8270559,32.1067402],[34.8271602,32.1067138],[34.8272082,32.1066278],[34.8272504,32.1065645],[34.8272972,32.1064366],[34.8272631,32.1063493]]},"properties":{"highway":"cycleway","surface":"asphalt"}},
{"type":"Feature","geometry":{"type":"LineString","coordinates":[[34.7734908,32.0587888],[34.7736405,32.0593733]]},"properties":{"highway":"cycleway"}},
{"type":"Feature","geometry":{"type":"LineString","coordinates":[[34.8162609,32.0407528],[34.8164322,32.0407424],[34.8181974,32.0405678]]},"properties":{"bicycle":"designated","foot":"designated","highway":"path","surface":"compacted"}},
{"type":"Feature","geometry":{"type":"LineString","coordinates":[[34.8044368,32.0410902],[34.8041701,32.041076],[34.8041044,32.0410637],[34.8040441,32.0410421],[34.8039891,32.0410023],[34.8039555,32.0409696],[34.8038966,32.0408552],[34.8038407,32.0406788],[34.8037905,32.0405206],[34.8036408,32.0402985],[34.8035285,32.0401689],[34.8035141,32.0401561],[34.8034038,32.0400575],[34.8030921,32.0398548],[34.802875,32.0397734],[34.8027974,32.0397572],[34.8026718,32.0397311],[34.8024819,32.0397065],[34.8022757,32.0397079],[34.802036,32.0397333],[34.8017295,32.0397618],[34.8015512,32.0397593],[34.80133,32.039738],[34.8012502,32.0397054],[34.8010392,32.0396192],[34.8008822,32.0396029],[34.8004382,32.0396486],[34.8003079,32.0396688],[34.8000883,32.0397288],[34.7999954,32.0397757],[34.7999346,32.0398067],[34.7998891,32.0398383],[34.7996995,32.0398923],[34.7995531,32.0399531],[34.7993,32.0407078]]},"properties":{"bicycle":"designated","highway":"pedestrian","surface":"asphalt"}},
{"type":"Feature","geometry":{"type":"LineString","coordinates":[[34.8084974,32.1001842],[34.8085248,32.1001898],[34.8085615,32.1001972],[34.808669,32.1002137]]},"properties":{"bicycle":"designated","foot":"designated","highway":"path","horse":"no"}},
{"type":"Feature","geometry":{"type":"LineString","coordinates":[[34.7691281,32.0352011],[34.7691442,32.0352314],[34.7691609,32.0352692],[34.7691673,32.0353091],[34.7691633,32.0353693],[34.769145,32.0354396]]},"properties":{"bicycle":"designated","foot":"designated","highway":"path","oneway":"no","segregated":"no","surface":"paving_stones"}},
{"type":"Feature","geometry":{"type":"LineString","coordinates":[[34.7690777,32.0359816],[34.7690542,32.036111],[34.7690383,32.0361987]]},"properties":{"bicycle":"designated","foot":"designated","highway":"path","oneway":"no","segregated":"no","surface":"paving_stones"}},
{"type":"Feature","geometry":{"type":"LineString","coordinates":[[34.7690383,32.0361987],[34.7690295,32.0362492],[34.7690244,32.0362964]]},"properties":{"bicycle":"designated","foot":"designated","highway":"path","oneway":"no","segregated":"yes","surface":"paved"}},
{"type":"Feature","geometry":{"type":"LineString","coordinates":[[34.7691047,32.0357024],[34.7690967,32.0358562],[34.76909,32.0359213],[34.7690777,32.0359816]]},"properties":{"bicycle":"designated","foot":"designated","highway":"path","oneway":"no","segregated":"yes","surface":"paved"}},
{"type":"Feature","geometry":{"type":"LineString","coordinates":[[34.7691081,32.0356391],[34.7691063,32.0356736],[34.7691047,32.0357024]]},"properties":{"bicycle":"designated","foot":"designated","highway":"path","oneway":"no","path":"crossing","segregated":"yes","surface":"asphalt"}},
{"type":"Feature","geometry":{"type":"LineString","coordinates":[[34.769145,32.0354396],[34.7691337,32.035508],[34.7691081,32.0356391]]},"properties":{"bicycle":"designated","foot":"designated","highway":"path","oneway":"no","segregated":"yes","surface":"paved"}},
{"type":"Feature","geometry":{"type":"LineString","coordinates":[[34.7692618,32.0348899],[34.7692594,32.0348663],[34.7692527,32.0348544],[34.7692414,32.0348482],[34.7692166,32.0348448],[34.7691247,32.0348654],[34.7690677,32.0348759],[34.7690243,32.0348811],[34.768991,32.0348835],[34.7689499,32.0348835],[34.7688963,32.0348878],[34.7688467,32.0348931],[34.7688027,32.0348998],[34.7687644,32.0349098],[34.7687243,32.0349203],[34.7686905,32.0349309],[34.7684621,32.0350159],[34.7684294,32.0350303],[34.7683916,32.0350456],[34.7683572,32.0350637],[34.7682935,32.0351005],[34.7682636,32.0351182],[34.7682293,32.0351388],[34.7681999,32.0351512],[34.768084,32.0351901]]},"properties":{"bicycle":"designated","foot":"designated","highway":"path","segregated":"yes","surface":"paved"}},
{"type":"Feature","geometry":{"type":"LineString","coordinates":[[34.796475,32.0803286],[34.7964412,32.0803723],[34.7963548,32.0804841]]},"properties":{"bicycle":"designated","foot":"designated","highway":"path","segregated":"no"}},
{"type":"Feature","geometry":{"type":"LineString","coordinates":[[34.7770406,32.1077392],[34.7770543,32.1077635],[34.7770949,32.1079089],[34.7771093,32.1079547],[34.7771885,32.1081133],[34.7773174,32.1083175],[34.7774041,32.1084188],[34.777533,32.108512],[34.7777904,32.108814],[34.7779967,32.109196],[34.7780914,32.1095023],[34.7783313,32.1101244],[34.7787755,32.1108569],[34.7790029,32.1112086],[34.7793259,32.1118156],[34.7798524,32.1129776],[34.7805883,32.1146984],[34.7808595,32.1153273],[34.7809569,32.115502],[34.7810707,32.1156714],[34.781101,32.1157882],[34.7811038,32.1159199],[34.7810859,32.115997],[34.7810383,32.1161095],[34.7810243,32.1162212],[34.781044,32.1163226],[34.7810862,32.116381],[34.7812481,32.1165463],[34.7814917,32.1167569],[34.7816193,32.1170659],[34.7816238,32.1172709],[34.7816215,32.1174021],[34.7815453,32.1175847],[34.781472,32.1176993]]},"properties":{"foot":"no","highway":"cycleway","oneway":"no","surface":"concrete"}},
{"type":"Feature","geometry":{"type":"LineString","coordinates":[[34.7834186,32.1221554],[34.7833497,32.122085],[34.7832997,32.1220441],[34.7832544,32.1220001],[34.7831823,32.1218899],[34.7831056,32.1218044],[34.7830526,32.1217382],[34.7830012,32.1216485],[34.7829539,32.1215464],[34.7828938,32.1214391],[34.7828482,32.1213327],[34.7828216,32.1212689],[34.7828154,32.1212347],[34.7828226,32.1212074],[34.7828466,32.1211824],[34.782877,32.1211571],[34.7828818,32.1211358],[34.782873,32.1210975],[34.7826801,32.120756],[34.7826487,32.1206972],[34.7825476,32.1205075],[34.7823426,32.1201382],[34.782306,32.120038],[34.7822831,32.1199103],[34.7822766,32.1196996],[34.7822744,32.1196353],[34.7822486,32.1194423],[34.7822084,32.1192012],[34.7821394,32.1189528],[34.7820069,32.1186367],[34.7819169,32.1184893],[34.781833,32.1184016],[34.7817393,32.1183066],[34.7816435,32.1181807],[34.7815689,32.1180605],[34.7815137,32.1179081],[34.7814849,32.1177923],[34.781472,32.1176993]]},"properties":{"bicycle":"designated","foot":"designated","highway":"path","oneway":"no","segregated":"yes","surface":"concrete"}},
{"type":"Feature","geometry":{"type":"LineString","coordinates":[[34.7772588,32.0365468],[34.7772023,32.0365433]]},"properties":{"bicycle":"designated","foot":"designated","highway":"path","segregated":"yes"}},
{"type":"Feature","geometry":{"type":"LineString","coordinates":[[34.7732508,32.0874306],[34.7731774,32.0874462]]},"properties":{"bicycle":"designated","crossing":"traffic_signals","foot":"designated","highway":"path","path":"crossing"}},
{"type":"Feature","geometry":{"type":"LineString","coordinates":[[34.7749281,32.0870389],[34.7748829,32.0870043],[34.7745261,32.0870904],[34.7736137,32.0873109],[34.7732853,32.0873943],[34.7732508,32.0874306]]},"properties":{"bicycle":"designated","foot":"designated","highway":"path","oneway":"yes","segregated":"yes"}},
{"type":"Feature","geometry":{"type":"LineString","coordinates":[[34.7942327,32.1230032],[34.7942203,32.123151],[34.7945139,32.1241631],[34.7946967,32.1249561],[34.7948178,32.1256778],[34.7950211,32.1267038],[34.7952326,32.1277941],[34.7953906,32.1286818],[34.7954133,32.128867],[34.7955283,32.1292339],[34.7956535,32.1297486],[34.79575,32.1302424],[34.7958322,32.130705],[34.7959081,32.1311672],[34.7959157,32.1312405],[34.7959595,32.131324],[34.7960047,32.131437],[34.7961012,32.1318265],[34.796078,32.1319302],[34.7961751,32.1322282],[34.796373,32.1330846],[34.7965283,32.1336332],[34.7967233,32.1341566],[34.7970375,32.134793],[34.7976022,32.1357656],[34.797901,32.1363639],[34.7980682,32.1367429],[34.798262,32.1371071],[34.7985013,32.1374312],[34.7989436,32.1378838],[34.8000317,32.1392695],[34.8005545,32.140025]]},"properties":{"highway":"cycleway"}},
{"type":"Feature","geometry":{"type":"LineString","coordinates":[[34.7812008,32.0670797],[34.7810685,32.0671453],[34.7805473,32.0674036],[34.7803062,32.0675143],[34.7802103,32.0675548],[34.7799387,32.0677234]]},"properties":{"highway":"cycleway"}},
{"type":"Feature","geometry":{"type":"LineString","coordinates":[[34.7782326,32.0681322],[34.7782451,32.0681739],[34.7782497,32.068189]]},"properties":{"bicycle":"designated","foot":"yes","highway":"path","lit":"yes","surface":"asphalt"}},
{"type":"Feature","geometry":{"type":"LineString","coordinates":[[34.7797881,32.0677807],[34.7797494,32.0678195],[34.7797251,32.0678386],[34.7796922,32.0678516],[34.7793926,32.0679177],[34.7791748,32.0679635],[34.7787082,32.068075],[34.778323,32.0681572]]},"properties":{"bicycle":"yes","foot":"no","highway":"cycleway","lit":"yes","oneway":"yes","restriction:conditional":"no acess @ (Feb 10-Jun 12)","surface":"asphalt","width":"1"}},
{"type":"Feature","geometry":{"type":"LineString","coordinates":[[34.7778764,32.0682816],[34.7778706,32.0682627],[34.7778576,32.0682203]]},"properties":{"bicycle":"designated","foot":"yes","highway":"path","lit":"yes","surface":"asphalt"}},
{"type":"Feature","geometry":{"type":"LineString","coordinates":[[34.7840713,32.0931266],[34.7840313,32.0931314]]},"properties":{"bicycle":"designated","foot":"designated","highway":"path","path":"crossing"}},
{"type":"Feature","geometry":{"type":"LineString","coordinates":[[34.8006328,32.0786563],[34.8007715,32.0785438],[34.8011272,32.0783337],[34.8012418,32.0782764],[34.8013036,32.0782438],[34.8014626,32.0781356],[34.8016532,32.0780188],[34.8018447,32.0779001],[34.8019225,32.0778634]]},"properties":{"highway":"cycleway"}},
{"type":"Feature","geometry":{"type":"LineString","coordinates":[[34.8019225,32.0778634],[34.8020422,32.0778368],[34.8022564,32.0778249],[34.8025937,32.0778786],[34.8027642,32.0779058],[34.8030831,32.0779687]]},"properties":{"highway":"cycleway"}},
{"type":"Feature","geometry":{"type":"LineString","coordinates":[[34.8019225,32.0778634],[34.8019718,32.0778231],[34.8020575,32.0777479],[34.8020612,32.0776472],[34.8021305,32.0774396],[34.8021897,32.0772884],[34.8022299,32.0770634],[34.8022309,32.0770036],[34.8022353,32.0768634],[34.8022288,32.0767652],[34.8022164,32.0765927],[34.8022127,32.076561],[34.8021863,32.0764488],[34.8020416,32.0761014]]},"properties":{"highway":"cycleway"}},
{"type":"Feature","geometry":{"type":"LineString","coordinates":[[34.8020416,32.0761014],[34.8017311,32.0753923]]},"properties":{"highway":"cycleway"}},
{"type":"Feature","geometry":{"type":"LineString","coordinates":[[34.8007982,32.043403],[34.8008423,32.0434004],[34.8009321,32.0432565],[34.8011486,32.0430923]]},"properties":{"highway":"cycleway"}},
{"type":"Feature","geometry":{"type":"LineString","coordinates":[[34.7992841,32.0439334],[34.7987998,32.0439779],[34.7986314,32.044182],[34.7985467,32.0442897],[34.7983452,32.0443357],[34.7982231,32.0443487]]},"properties":{"highway":"cycleway"}},
{"type":"Feature","geometry":{"type":"LineString","coordinates":[[34.7944609,32.0791477],[34.794413,32.0791874],[34.7944151,32.0792598],[34.7943541,32.0792977],[34.7942545,32.0793132],[34.7941569,32.0792753],[34.793974,32.0792339],[34.7938416,32.0792106]]},"properties":{"bicycle":"designated","highway":"cycleway"}},
{"type":"Feature","geometry":{"type":"LineString","coordinates":[[34.7937223,32.0796918],[34.7936701,32.0797137],[34.7933939,32.079297],[34.7930371,32.0788481],[34.7928592,32.0786071],[34.7927533,32.0784333],[34.7926902,32.0783458],[34.792654,32.0783048],[34.7926238,32.0782814],[34.7925467,32.0782297],[34.7925125,32.0782127],[34.7924321,32.0781808],[34.7923409,32.0781553],[34.7921766,32.0781206],[34.7919868,32.0780905],[34.7917789,32.0780519],[34.7914078,32.0779806]]},"properties":{"bicycle":"designated","foot":"designated","highway":"path","oneway":"no","segregated":"yes","surface":"paved"}},
{"type":"Feature","geometry":{"type":"LineString","coordinates":[[34.8389824,32.0421789],[34.8390485,32.0420591],[34.8399137,32.0418749],[34.8417939,32.0414859],[34.8428317,32.0412732],[34.8431546,32.0412093],[34.8434754,32.0411591],[34.8436671,32.0411008],[34.8437849,32.0410821],[34.8459628,32.0406442],[34.8461838,32.040562]]},"properties":{"highway":"cycleway"}},
{"type":"Feature","geometry":{"type":"LineString","coordinates":[[34.829448,32.106215],[34.8294239,32.1063938],[34.8295041,32.1068114]]},"properties":{"bicycle":"designated","foot":"designated","highway":"path","segregated":"yes","surface":"asphalt"}},
{"type":"Feature","geometry":{"type":"LineString","coordinates":[[34.8323538,32.1063204],[34.8323579,32.1063727],[34.8323976,32.106435],[34.8324062,32.1065393]]},"properties":{"highway":"cycleway"}},
{"type":"Feature","geometry":{"type":"LineString","coordinates":[[34.8251401,32.105663],[34.825151,32.1057515],[34.8252066,32.1058896],[34.8253083,32.1059993],[34.8254286,32.1060496]]},"properties":{"bicycle":"designated","foot":"designated","highway":"path","oneway":"no","segregated":"yes","surface":"asphalt"}},
{"type":"Feature","geometry":{"type":"LineString","coordinates":[[34.783305,32.0971009],[34.783354,32.0970138],[34.7833925,32.0968912],[34.7834902,32.0955038]]},"properties":{"bicycle":"designated","bridge":"yes","foot":"designated","highway":"path","layer":"1","segregated":"yes","surface":"concrete"}},
{"type":"Feature","geometry":{"type":"LineString","coordinates":[[34.7831375,32.0977133],[34.7832443,32.0977062],[34.783298,32.0976834],[34.7833622,32.0975281],[34.7833564,32.0974094],[34.7833213,32.0973323],[34.7832963,32.0972499],[34.783291,32.0972324],[34.783305,32.0971009]]},"properties":{"bicycle":"designated","foot":"designated","highway":"path","segregated":"yes","surface":"paved"}},
{"type":"Feature","geometry":{"type":"LineString","coordinates":[[34.7982105,32.0853017],[34.7981905,32.085287],[34.7981745,32.0852333],[34.798141,32.0851206],[34.7981264,32.0850725]]},"properties":{"bicycle":"designated","bridge":"yes","crossing":"traffic_signals","foot":"designated","highway":"path","layer":"1","path":"crossing"}},
{"type":"Feature","geometry":{"type":"LineString","coordinates":[[34.799478,32.0850705],[34.7992016,32.0851209],[34.7989771,32.0851619],[34.7983153,32.0852826],[34.7982105,32.0853017]]},"properties":{"bicycle":"designated","bridge":"yes","foot":"designated","highway":"path","layer":"1","segregated":"yes","surface":"unpaved"}},
{"type":"Feature","geometry":{"type":"LineString","coordinates":[[34.7872516,32.1139119],[34.7868457,32.1136655],[34.7862475,32.1133025],[34.7861615,32.1132615],[34.7860555,32.1132258]]},"properties":{"bicycle":"designated","foot":"designated","highway":"path","segregated":"yes"}},
{"type":"Feature","geometry":{"type":"LineString","coordinates":[[34.7877339,32.1142186],[34.7874957,32.1142001],[34.7874704,32.1141847],[34.7874231,32.1141557],[34.7873569,32.1141153],[34.7873443,32.1140149],[34.7873273,32.1139568],[34.7872516,32.1139119]]},"properties":{"bicycle":"designated","foot":"designated","highway":"path","segregated":"no"}},
{"type":"Feature","geometry":{"type":"LineString","coordinates":[[34.7980493,32.0853311],[34.7980101,32.0853388],[34.7979755,32.085357],[34.7979386,32.0853933],[34.7979089,32.0853829]]},"properties":{"bicycle":"designated","foot":"designated","highway":"path","oneway":"yes","segregated":"yes","surface":"paved"}},
{"type":"Feature","geometry":{"type":"LineString","coordinates":[[34.7974742,32.0851856],[34.7979622,32.085101]]},"properties":{"bicycle":"designated","foot":"designated","highway":"path","oneway":"yes"}},
{"type":"Feature","geometry":{"type":"LineString","coordinates":[[34.7979622,32.085101],[34.7981264,32.0850725]]},"properties":{"bicycle":"designated","bridge":"yes","foot":"designated","highway":"path","layer":"1","oneway":"yes"}},
{"type":"Feature","geometry":{"type":"LineString","coordinates":[[34.7982105,32.0853017],[34.7980493,32.0853311]]},"properties":{"bicycle":"designated","bridge":"yes","foot":"designated","highway":"path","layer":"1","oneway":"yes","segregated":"yes","surface":"unpaved"}},
{"type":"Feature","geometry":{"type":"LineString","coordinates":[[34.7878019,32.1028762],[34.788523,32.1029514]]},"properties":{"bicycle":"designated","foot":"designated","highway":"path","segregated":"no"}},
{"type":"Feature","geometry":{"type":"LineString","coordinates":[[34.7816288,32.1018586],[34.7817014,32.1017908],[34.7817904,32.1017734],[34.781867,32.1017585],[34.7819852,32.101702],[34.7819604,32.1016284],[34.7819592,32.1015577],[34.7819705,32.1014717],[34.7819897,32.1013924],[34.7820235,32.1013026],[34.7820844,32.1011756],[34.7823586,32.1006876],[34.7828213,32.0998639],[34.782996,32.0996437],[34.7831002,32.0995065],[34.7831857,32.0992904],[34.7832428,32.0992335],[34.783272,32.0991647],[34.7834042,32.0988535],[34.7834163,32.0988331],[34.783431,32.0988138],[34.7834498,32.0987984],[34.7834719,32.0987876],[34.7834907,32.0987859],[34.7835276,32.0987865],[34.7835276,32.0987757]]},"properties":{"bicycle":"designated","foot":"designated","highway":"path","segregated":"yes"}},
{"type":"Feature","geometry":{"type":"LineString","coordinates":[[34.7739081,32.0782459],[34.7738557,32.0781941],[34.7738159,32.0781348],[34.7737903,32.0780701],[34.7737797,32.0780024],[34.7737846,32.0779343],[34.7738048,32.0778682],[34.7738395,32.0778067],[34.7739004,32.0777441],[34.7739522,32.0777025],[34.7740246,32.0776667],[34.7741039,32.0776439],[34.7741309,32.0776409],[34.7741642,32.0776373],[34.774187,32.0776348],[34.7742389,32.0776376],[34.7742706,32.07764],[34.7743253,32.0776523],[34.7743513,32.0776591],[34.7743934,32.0776774],[34.7744031,32.0776816],[34.7744259,32.0776914],[34.7744914,32.0777357],[34.7745452,32.0777901],[34.7745852,32.0778526],[34.7746097,32.0779205],[34.7746178,32.0779911],[34.7746091,32.0780618],[34.774584,32.0781295],[34.7745435,32.0781917],[34.7745077,32.0782279],[34.7744916,32.0782438],[34.7744289,32.0782866],[34.7743576,32.0783185],[34.7742805,32.0783382],[34.7742316,32.0783433],[34.7742194,32.0783434],[34.7742004,32.078345],[34.7741202,32.0783388],[34.774061,32.0783227],[34.7740082,32.0783044],[34.7739841,32.0782939],[34.7739713,32.0782883],[34.7739081,32.0782459]]},"properties":{"foot":"no","highway":"cycleway","horse":"no","incline":"-0%","lit":"yes","oneway":"yes","segregated":"yes","surface":"asphalt"}},
{"type":"Feature","geometry":{"type":"LineString","coordinates":[[34.785425,32.0632093],[34.7850364,32.0623292],[34.7850324,32.0621649],[34.7848954,32.061578],[34.7847631,32.0610288],[34.784697,32.060897],[34.7846818,32.0606691],[34.7845669,32.0600853],[34.784559,32.0600196],[34.7845085,32.0595963],[34.7845433,32.0594589]]},"properties":{"bicycle":"designated","foot":"designated","highway":"path","segregated":"yes"}},
{"type":"Feature","geometry":{"type":"LineString","coordinates":[[34.7827937,32.0588149],[34.7821142,32.0585677],[34.7817645,32.0584302],[34.7810816,32.0581757],[34.7803849,32.0579161],[34.7796623,32.0576468],[34.7796279,32.057634]]},"properties":{"highway":"cycleway"}},
{"type":"Feature","geometry":{"type":"LineString","coordinates":[[34.7904484,32.0908985],[34.7904487,32.0907253],[34.7904356,32.0904737],[34.7904068,32.090192],[34.7901247,32.0890456],[34.7900379,32.088693],[34.7899593,32.0883117],[34.7899341,32.0880944],[34.7899505,32.0880863]]},"properties":{"highway":"cycleway","oneway":"yes"}},
{"type":"Feature","geometry":{"type":"LineString","coordinates":[[34.7901107,32.0880903],[34.7901369,32.0881321],[34.7901498,32.0882886],[34.790225,32.0886679],[34.7904031,32.0893633],[34.7905679,32.0900392],[34.7905975,32.0901729],[34.7906468,32.0905717],[34.790678,32.0908489],[34.7906649,32.0908973],[34.7906458,32.090968]]},"properties":{"highway":"cycleway","oneway":"yes"}},
{"type":"Feature","geometry":{"type":"LineString","coordinates":[[34.78245,32.0715107],[34.782462,32.0714394],[34.7822725,32.0712517]]},"properties":{"bicycle":"designated","foot":"designated","highway":"path"}},
{"type":"Feature","geometry":{"type":"LineString","coordinates":[[34.7813779,32.0785266],[34.7813675,32.0785938],[34.7813798,32.0788456],[34.7813891,32.0788891]]},"properties":{"bicycle":"designated","foot":"designated","highway":"path","mtb:name":"שביל אבן גבירול","mtb:name:en":"Even Gvirol path","mtb:name:he":"שביל אבן גבירול","segregated":"no","surface":"paving_stones"}},
{"type":"Feature","geometry":{"type":"LineString","coordinates":[[34.7815441,32.0754134],[34.7815993,32.0749002]]},"properties":{"bicycle":"designated","foot":"designated","highway":"path","oneway":"yes","segregated":"yes","surface":"paved"}},
{"type":"Feature","geometry":{"type":"LineString","coordinates":[[34.7814556,32.0758454],[34.7814837,32.0756397],[34.7814563,32.0756013],[34.7814431,32.0755616],[34.7814545,32.0754907],[34.7814974,32.0754732],[34.7815243,32.0754487],[34.7815441,32.0754134]]},"properties":{"bicycle":"designated","foot":"designated","highway":"path","segregated":"no","surface":"paved"}},
{"type":"Feature","geometry":{"type":"LineString","coordinates":[[34.7813485,32.076561],[34.781398,32.0762678],[34.7814127,32.0761601]]},"properties":{"bicycle":"designated","foot":"designated","highway":"path","segregated":"no","surface":"paving_stones"}},
{"type":"Feature","geometry":{"type":"LineString","coordinates":[[34.7814127,32.0761601],[34.7814556,32.0758454]]},"properties":{"bicycle":"designated","foot":"designated","highway":"path","oneway":"yes","segregated":"yes","surface":"paved"}},
{"type":"Feature","geometry":{"type":"LineString","coordinates":[[34.7811391,32.0816382],[34.7811388,32.0815839]]},"properties":{"bicycle":"designated","foot":"designated","footway":"sidewalk","highway":"footway","mtb:name":"שביל אבן גבירול","mtb:name:he":"שביל אבן גבירול","surface":"paved"}},
{"type":"Feature","geometry":{"type":"LineString","coordinates":[[34.7829084,32.0907213],[34.7829548,32.0907773],[34.7830113,32.0908083],[34.7830554,32.0908252],[34.7830988,32.0908328]]},"properties":{"bicycle":"designated","foot":"designated","footway":"sidewalk","highway":"footway","mtb:name":"שביל אבן גבירול","mtb:name:he":"שביל אבן גבירול","surface":"paved"}},
{"type":"Feature","geometry":{"type":"LineString","coordinates":[[34.7820341,32.0712285],[34.7820241,32.0713815],[34.7819459,32.0732919],[34.7819754,32.0733286]]},"properties":{"highway":"cycleway"}},
{"type":"Feature","geometry":{"type":"LineString","coordinates":[[34.7819707,32.0735474],[34.7819628,32.0735585],[34.781937,32.0735652],[34.7819251,32.073572],[34.7819179,32.0736482],[34.7819057,32.0737218],[34.7819,32.0737997]]},"properties":{"bicycle":"designated","foot":"designated","highway":"path","segregated":"no"}},
{"type":"Feature","geometry":{"type":"LineString","coordinates":[[34.7819754,32.0733286],[34.7819673,32.0734933]]},"properties":{"bicycle":"designated","foot":"designated","highway":"path","segregated":"no"}},
{"type":"Feature","geometry":{"type":"LineString","coordinates":[[34.7819673,32.0734933],[34.7819707,32.0735474]]},"properties":{"bicycle":"designated","crossing":"traffic_signals","foot":"designated","highway":"path","path":"crossing","segregated":"no"}},
{"type":"Feature","geometry":{"type":"LineString","coordinates":[[34.7955854,32.0834767],[34.7956349,32.0834673],[34.7960604,32.0833866]]},"properties":{"bicycle":"designated","cycleway:surface":"asphalt","foot":"designated","footway:surface":"paving_stones","highway":"path","segregated":"yes","surface":"paved"}},
{"type":"Feature","geometry":{"type":"LineString","coordinates":[[34.7770406,32.1077392],[34.7770562,32.1075777],[34.7770608,32.1075493],[34.7770741,32.1075182],[34.7770994,32.1074697],[34.7771446,32.1074179],[34.7771924,32.1073864],[34.7772695,32.107329],[34.7773187,32.1072659],[34.7775062,32.1070013],[34.77757,32.1068943],[34.7776798,32.1067439],[34.7777322,32.1066353],[34.7777501,32.1065816],[34.7777643,32.1065351],[34.777766,32.1065216],[34.7777674,32.1064883],[34.7777654,32.1064571],[34.7777582,32.1064236],[34.7777449,32.106378],[34.7777362,32.1063501],[34.7777168,32.106292],[34.7776864,32.1062101],[34.777641,32.1060893],[34.777572,32.1058866],[34.777522,32.1057427],[34.7774948,32.1056618],[34.7774479,32.1055221],[34.777305,32.1050878],[34.7772292,32.1048839],[34.7771948,32.1047926],[34.7771662,32.1047167],[34.7769206,32.1041121],[34.7769042,32.104016],[34.7769195,32.1039338],[34.776952,32.1038814],[34.7771175,32.103726],[34.777184,32.1036517],[34.7772784,32.1035357],[34.7773688,32.1033978],[34.7774306,32.1032919],[34.7774805,32.1031816],[34.7774805,32.1030921],[34.7774426,32.1029696]]},"properties":{"highway":"cycleway"}},
{"type":"Feature","geometry":{"type":"LineString","coordinates":[[34.7871408,32.0691165],[34.7871016,32.0691562],[34.7870973,32.0691839],[34.7870861,32.0692074],[34.7870594,32.0692205],[34.7866279,32.0692616],[34.786629,32.0692688]]},"properties":{"highway":"cycleway","oneway":"no"}},
{"type":"Feature","geometry":{"type":"LineString","coordinates":[[34.7904407,32.091517],[34.7904532,32.0913275],[34.790449,32.0912057],[34.7904379,32.0911884],[34.7904275,32.0911721],[34.7903749,32.0911557],[34.7903106,32.0911539],[34.7902538,32.0911377]]},"properties":{"highway":"cycleway","oneway":"yes","surface":"asphalt"}},
{"type":"Feature","geometry":{"type":"LineString","coordinates":[[34.7909991,32.0911736],[34.7908844,32.0911793],[34.7907589,32.0911966],[34.7907396,32.0912048],[34.790702,32.0912384],[34.7906881,32.0912902],[34.7907063,32.0914184],[34.7907251,32.0915433]]},"properties":{"highway":"cycleway","oneway":"yes","surface":"asphalt"}},
{"type":"Feature","geometry":{"type":"LineString","coordinates":[[34.7907396,32.0912048],[34.7907171,32.0911851],[34.790652,32.0911606],[34.7904977,32.0911511],[34.7904765,32.0911584],[34.7904275,32.0911721]]},"properties":{"bicycle":"designated","check_date:surface":"2026-10-01","crossing":"pedestrian_signals","cycleway:surface":"asphalt","foot":"designated","footway:surface":"asphalt","highway":"path","oneway":"no","path":"crossing","segregated":"yes","surface":"asphalt"}},
{"type":"Feature","geometry":{"type":"LineString","coordinates":[[34.8074944,32.1001145],[34.8073922,32.0999807],[34.8073018,32.0999218],[34.8071836,32.0998953],[34.8071279,32.0998453],[34.8071279,32.0997672],[34.8072114,32.0997142],[34.8073226,32.0996818],[34.8074739,32.0996848],[34.8075886,32.099754],[34.8076638,32.0998057]]},"properties":{"highway":"cycleway"}},
{"type":"Feature","geometry":{"type":"LineString","coordinates":[[34.8079102,32.100075],[34.8079623,32.1001928],[34.8079901,32.1002531],[34.8080475,32.1002885],[34.8081031,32.1002797],[34.8082086,32.1002098],[34.8082603,32.1001531],[34.8083103,32.1001353],[34.8083238,32.1001401]]},"properties":{"highway":"cycleway"}},
{"type":"Feature","geometry":{"type":"LineString","coordinates":[[34.8076638,32.0998057],[34.8079102,32.100075]]},"properties":{"bridge":"yes","highway":"cycleway","layer":"1"}},
{"type":"Feature","geometry":{"type":"LineString","coordinates":[[34.8084278,32.1001449],[34.8081773,32.1003521],[34.8080189,32.1004026],[34.8079452,32.1003946],[34.807851,32.1002936],[34.8077475,32.1001634],[34.8076344,32.1001357]]},"properties":{"highway":"cycleway"}},
{"type":"Feature","geometry":{"type":"LineString","coordinates":[[34.8076344,32.1001357],[34.8074944,32.1001145]]},"properties":{"bridge":"yes","highway":"cycleway","layer":"1"}},
{"type":"Feature","geometry":{"type":"LineString","coordinates":[[34.7844351,32.0601026],[34.7843864,32.0601356],[34.7841942,32.0601662],[34.7839742,32.0601967],[34.7838262,32.0602201],[34.7835791,32.0602738],[34.783301,32.0603703],[34.783283,32.0603493],[34.7832597,32.0603233],[34.7832254,32.060336],[34.7831256,32.0603796],[34.7830072,32.0604245],[34.7829774,32.0604269],[34.7829374,32.0604044],[34.7828812,32.0603636],[34.7827952,32.0602805],[34.7827597,32.0602556]]},"properties":{"highway":"cycleway","name":"שביל הצפירה","oneway":"no"}},
{"type":"Feature","geometry":{"type":"LineString","coordinates":[[34.830317,32.1077813],[34.8303583,32.1073917],[34.8303578,32.1070317]]},"properties":{"highway":"cycleway","oneway":"no","surface":"asphalt"}},
{"type":"Feature","geometry":{"type":"LineString","coordinates":[[34.7821267,32.0644573],[34.7821856,32.0643937],[34.7822204,32.0643623],[34.7822535,32.0643361],[34.7822913,32.0643168],[34.7824299,32.0642658]]},"properties":{"bicycle":"designated","foot":"designated","highway":"path","oneway":"no"}},
{"type":"Feature","geometry":{"type":"LineString","coordinates":[[34.7854879,32.0633951],[34.7854315,32.063422],[34.7853443,32.0634671],[34.7852602,32.0635316]]},"properties":{"bicycle":"designated","foot":"designated","highway":"path","path":"crossing"}},
{"type":"Feature","geometry":{"type":"LineString","coordinates":[[34.7791949,32.0629736],[34.779453,32.0627686],[34.7797119,32.062563],[34.7800145,32.0623225],[34.7800212,32.0622595],[34.7802767,32.0620566],[34.7802903,32.0619747]]},"properties":{"highway":"cycleway"}},
{"type":"Feature","geometry":{"type":"LineString","coordinates":[[34.7965757,32.0697904],[34.7966325,32.0698249],[34.7973175,32.0714825]]},"properties":{"highway":"cycleway","oneway":"no","surface":"asphalt"}},
{"type":"Feature","geometry":{"type":"LineString","coordinates":[[34.7820474,32.0645392],[34.7819723,32.06461],[34.7819198,32.0646418],[34.7818511,32.0646924]]},"properties":{"bicycle":"designated","foot":"designated","highway":"path","oneway":"no","sidewalk":"yes","surface":"asphalt"}},
{"type":"Feature","geometry":{"type":"LineString","coordinates":[[34.7904484,32.0908985],[34.7905044,32.0908982],[34.7906391,32.0908975],[34.7906649,32.0908973],[34.7907256,32.0909022]]},"properties":{"bicycle":"designated","crossing":"traffic_signals","foot":"designated","highway":"path","path":"crossing"}},
{"type":"Feature","geometry":{"type":"LineString","coordinates":[[34.7903749,32.0911557],[34.7903799,32.0910989],[34.7903924,32.0909553],[34.7903974,32.0908977]]},"properties":{"bicycle":"designated","check_date:surface":"2026-10-01","crossing":"traffic_signals","cycleway:surface":"asphalt","foot":"designated","footway:surface":"asphalt","highway":"path","path":"crossing","segregated":"yes","surface":"asphalt"}},
{"type":"Feature","geometry":{"type":"LineString","coordinates":[[34.8424095,32.0630166],[34.8423237,32.0630677],[34.8422708,32.0630903],[34.842224,32.0631103],[34.8421851,32.0631774],[34.842148,32.0631939],[34.8420805,32.063224],[34.8418672,32.0632592],[34.8416459,32.0632876],[34.8414381,32.0632876],[34.8411162,32.063274],[34.8407729,32.0632228],[34.8406079,32.0631717],[34.8404684,32.063108],[34.8403035,32.0630387],[34.8400675,32.0629364],[34.8399696,32.0628864],[34.8399355,32.0628569],[34.8399079,32.062833],[34.8398757,32.0627364],[34.8398287,32.0627025],[34.839696,32.0626068],[34.8396343,32.0626136],[34.8395377,32.0625898],[34.839464,32.062525],[34.8393822,32.0624409],[34.8392749,32.0623181],[34.8391233,32.0621056],[34.8389825,32.061826],[34.8388551,32.0615191],[34.8387156,32.0611998],[34.8386365,32.0610213],[34.8385577,32.061043],[34.8384489,32.061073],[34.8383914,32.0610888]]},"properties":{"highway":"cycleway"}},
{"type":"Feature","geometry":{"type":"LineString","coordinates":[[34.8337892,32.1004635],[34.8337983,32.1004875],[34.8359665,32.1008246],[34.8366236,32.101081],[34.8374521,32.1012156],[34.838551,32.1012321],[34.8394206,32.101212],[34.8405014,32.1011523],[34.8409599,32.1010557],[34.8418017,32.1008667],[34.8424809,32.1008032],[34.8436777,32.1007391],[34.8448287,32.100635]]},"properties":{"bicycle":"designated","foot":"designated","highway":"path","oneway":"no","segregated":"yes"}},
{"type":"Feature","geometry":{"type":"LineString","coordinates":[[34.7837829,32.0658646],[34.7837079,32.065801]]},"properties":{"bicycle":"designated","foot":"designated","highway":"path","oneway":"no","segregated":"yes","surface":"asphalt"}},
{"type":"Feature","geometry":{"type":"LineString","coordinates":[[34.7834186,32.1221554],[34.7835743,32.1222885],[34.7840823,32.1232449],[34.7841271,32.1232932],[34.7845402,32.1233271],[34.7847424,32.1233438],[34.7848689,32.1233326],[34.7850333,32.1232602],[34.7853585,32.123078]]},"properties":{"highway":"cycleway","smoothness":"excellent","surface":"asphalt"}},
{"type":"Feature","geometry":{"type":"LineString","coordinates":[[34.7870566,32.0626235],[34.7869452,32.0626709]]},"properties":{"bicycle":"designated","foot":"designated","highway":"proposed","lanes":"2","layer":"1","name":"גשר השלושה","name:en":"HaShlosha Bridge","name:he":"גשר השלושה","proposed":"tertiary","width":"35"}},
{"type":"Feature","geometry":{"type":"LineString","coordinates":[[34.7886208,32.0620478],[34.7882749,32.0621328],[34.7881214,32.0621635]]},"properties":{"bicycle":"designated","foot":"designated","highway":"proposed","lanes":"1","layer":"1","name":"גשר השלושה","name:en":"HaShlosha Bridge","name:he":"גשר השלושה","oneway":"yes","proposed":"tertiary"}},
{"type":"Feature","geometry":{"type":"LineString","coordinates":[[34.7881214,32.0621635],[34.78798,32.0622162]]},"properties":{"bicycle":"designated","foot":"designated","highway":"proposed","lanes":"2","layer":"1","name":"גשר השלושה","name:en":"HaShlosha Bridge","name:he":"גשר השלושה","proposed":"tertiary","width":"35"}},
{"type":"Feature","geometry":{"type":"LineString","coordinates":[[34.7881214,32.0621635],[34.7883796,32.0620592],[34.7885182,32.0620063],[34.788646,32.0619717]]},"properties":{"bicycle":"designated","foot":"designated","highway":"proposed","lanes":"1","layer":"1","name":"גשר השלושה","name:en":"HaShlosha Bridge","name:he":"גשר השלושה","oneway":"yes","proposed":"tertiary"}},
{"type":"Feature","geometry":{"type":"LineString","coordinates":[[34.785425,32.0632093],[34.785445,32.0632553],[34.7854639,32.0632988]]},"properties":{"bicycle":"designated","crossing":"traffic_signals","crossing:markings":"yes","foot":"designated","highway":"path","path":"crossing"}},
{"type":"Feature","geometry":{"type":"LineString","coordinates":[[34.7831232,32.0640576],[34.7830999,32.0639958],[34.783064,32.0639125],[34.7830417,32.0638531]]},"properties":{"bicycle":"designated","foot":"designated","highway":"path","path":"crossing"}},
{"type":"Feature","geometry":{"type":"LineString","coordinates":[[34.7839545,32.098173],[34.7839206,32.0982417],[34.7838879,32.0983281],[34.7838691,32.0984311]]},"properties":{"highway":"cycleway"}},
{"type":"Feature","geometry":{"type":"LineString","coordinates":[[34.7832293,32.0984619],[34.7832734,32.0983848],[34.7832797,32.0983505],[34.783274,32.0983147],[34.7831828,32.0981534]]},"properties":{"bicycle":"designated","highway":"cycleway","surface":"paved"}},
{"type":"Feature","geometry":{"type":"LineString","coordinates":[[34.7833633,32.0939994],[34.7829183,32.0918743],[34.7827829,32.0917985]]},"properties":{"bicycle":"designated","foot":"designated","footway":"sidewalk","highway":"footway","oneway":"yes"}},
{"type":"Feature","geometry":{"type":"LineString","coordinates":[[34.7827475,32.0916158],[34.7826698,32.0909197],[34.7826476,32.0908538],[34.7826433,32.0908408],[34.7826522,32.0908208],[34.7826568,32.0907982],[34.782681,32.090785],[34.7826975,32.0907721],[34.7826935,32.0907428]]},"properties":{"bicycle":"designated","foot":"designated","footway":"sidewalk","highway":"footway","mtb:name":"שביל אבן גבירול","mtb:name:he":"שביל אבן גבירול","oneway":"yes","surface":"paved"}},
{"type":"Feature","geometry":{"type":"LineString","coordinates":[[34.7822766,32.1196996],[34.7823391,32.1196952],[34.782372,32.1196862],[34.7824073,32.1196665],[34.7824466,32.1196398],[34.7824886,32.1196074],[34.7825487,32.1195683],[34.782609,32.1195377],[34.782664,32.1195099],[34.78271,32.1194892],[34.7827503,32.1194598],[34.7827804,32.1194274],[34.7828064,32.1193854],[34.7828265,32.1193559],[34.7828605,32.1193299],[34.7829082,32.1193122],[34.7829786,32.1193065],[34.7830741,32.1193097],[34.7831462,32.1193067],[34.7832092,32.1193021],[34.7832795,32.1192856]]},"properties":{"bicycle":"designated","foot":"designated","highway":"path","oneway":"no","segregated":"yes","surface":"asphalt"}},
{"type":"Feature","geometry":{"type":"LineString","coordinates":[[34.7816907,32.0737933],[34.7816311,32.0737308],[34.7816357,32.0736341],[34.7816368,32.0735956],[34.7817053,32.0735646],[34.7817176,32.0733859]]},"properties":{"bicycle":"designated","foot":"designated","highway":"path","surface":"paved"}},
{"type":"Feature","geometry":{"type":"LineString","coordinates":[[34.7907171,32.0911851],[34.7907191,32.091117],[34.7907234,32.090976],[34.7907256,32.0909022]]},"properties":{"bicycle":"designated","foot":"designated","highway":"path","path":"crossing"}},
{"type":"Feature","geometry":{"type":"LineString","coordinates":[[34.7823427,32.108445],[34.7836282,32.1082255],[34.7843213,32.1081072],[34.7848669,32.1080135],[34.7849918,32.107977],[34.785093,32.1079601],[34.7851622,32.1079472],[34.7853609,32.107944],[34.787282,32.1076491],[34.7881403,32.1075108],[34.788255,32.1075176],[34.7883358,32.1075489],[34.7883994,32.1075874]]},"properties":{"bicycle":"designated","footway":"sidewalk","highway":"footway","separated":"yes"}},
{"type":"Feature","geometry":{"type":"LineString","coordinates":[[34.7822809,32.1082085],[34.7835745,32.1079953],[34.7837267,32.1079702],[34.7857638,32.1076359],[34.7858587,32.1075749],[34.7859541,32.1075635],[34.7860919,32.107577],[34.787217,32.1073798],[34.788113,32.1072456],[34.7881682,32.1072202],[34.7882025,32.1071993],[34.788246,32.1071624],[34.7882969,32.1070946]]},"properties":{"bicycle":"designated","footway":"sidewalk","highway":"footway","separated":"yes"}},
{"type":"Feature","geometry":{"type":"LineString","coordinates":[[34.8324062,32.1065393],[34.8319645,32.1065971],[34.8311813,32.1066062],[34.8301664,32.1067085],[34.8301348,32.1067117],[34.8295041,32.1068114],[34.8282054,32.1069439],[34.8280791,32.1069426]]},"properties":{"bicycle":"designated","foot":"designated","highway":"path","oneway":"no","segregated":"yes","surface":"asphalt"}},
{"type":"Feature","geometry":{"type":"MultiPolygon","coordinates":[[[[34.8138782,32.101607],[34.813989,32.101534],[34.814429,32.100994],[34.8148552,32.1005833],[34.814922,32.100519],[34.815216,32.1003762],[34.8152758,32.1003576],[34.8154179,32.1003325],[34.8157335,32.1002881],[34.8159601,32.1002768],[34.816975,32.100334],[34.817463,32.100413],[34.8178567,32.1005432],[34.8180074,32.1006004],[34.8185139,32.1007929],[34.8185922,32.1008212],[34.818637,32.1008489],[34.8186638,32.1008925],[34.8186685,32.1009399],[34.8186695,32.1014291],[34.818696,32.1014934],[34.8188138,32.1015362],[34.8189621,32.1015485],[34.8190741,32.1015759],[34.8191267,32.1016123],[34.8191727,32.1016803],[34.8194319,32.1023895],[34.8194868,32.1024787],[34.8193747,32.1025854],[34.8191821,32.1027597],[34.8187495,32.1030812],[34.8181412,32.1034165],[34.8177752,32.1035621],[34.817132,32.103725],[34.8167211,32.1037653],[34.8166851,32.1037688],[34.8164857,32.1037755],[34.8159713,32.1037844],[34.8155788,32.1037479],[34.8149514,32.1036198],[34.814919,32.1035948],[34.8145189,32.1032472],[34.8144086,32.1030808],[34.8141331,32.1021045],[34.8140472,32.1019015],[34.8138782,32.101607]]]]},"properties":{"bicycle":"designated","foot":"designated","highway":"path","oneway":"no","segregated":"yes","surface":"asphalt"}},
{"type":"Feature","geometry":{"type":"MultiPolygon","coordinates":[[[[34.8042951,32.0442926],[34.804299,32.0442674],[34.8043119,32.0442444],[34.8043326,32.044226],[34.8043401,32.0442226],[34.8043591,32.044214],[34.8043887,32.0442096],[34.804404,32.0442104],[34.8044328,32.0442181],[34.8044574,32.0442331],[34.8044752,32.0442538],[34.8044844,32.0442783],[34.8044842,32.0443029],[34.8044754,32.0443264],[34.8044585,32.0443465],[34.8044353,32.0443613],[34.8044052,32.0443699],[34.8043734,32.0443696],[34.8043435,32.0443605],[34.8043303,32.0443529],[34.8043119,32.044336],[34.8042998,32.0443153],[34.8042951,32.0442926]]]]},"properties":{"highway":"cycleway","oneway":"yes","surface":"paved"}},
{"type":"Feature","geometry":{"type":"MultiPolygon","coordinates":[[[[34.8015115,32.0495501],[34.8015174,32.0495208],[34.8015378,32.0494803],[34.8015705,32.0494461],[34.8016131,32.0494209],[34.8016622,32.0494066],[34.8017121,32.0494042],[34.8017742,32.0494178],[34.8017959,32.0494274],[34.8018265,32.0494476],[34.8018631,32.0494889],[34.8018741,32.0495174],[34.801882,32.049538],[34.8018813,32.0495896],[34.8018654,32.0496309],[34.8018369,32.049667],[34.8017979,32.0496952],[34.8017417,32.0497155],[34.8016808,32.0497194],[34.8016206,32.0497059],[34.801569,32.0496764],[34.8015451,32.049653],[34.8015177,32.049604],[34.8015115,32.0495501]]]]},"properties":{"foot":"no","highway":"cycleway","oneway":"yes"}},
{"type":"Feature","geometry":{"type":"MultiPolygon","coordinates":[[[[34.8071844,32.0998214],[34.8072156,32.0997841],[34.807262,32.0997731],[34.8073172,32.0997675],[34.8073811,32.0997619],[34.8074341,32.0997899],[34.8075025,32.0998347],[34.8075841,32.0999357],[34.8077385,32.1000758],[34.8078007,32.1001063],[34.8078465,32.1001504],[34.8078665,32.1002048],[34.8079213,32.1002799],[34.8079543,32.1003037],[34.807999,32.1003176],[34.8080486,32.100322],[34.8080893,32.1003188],[34.8081819,32.1002664],[34.8082758,32.1001853],[34.8083228,32.1001502],[34.8083238,32.1001401],[34.8083588,32.1001314],[34.8084278,32.1001449],[34.8084731,32.1001487],[34.8084974,32.1001842],[34.8084687,32.1002309],[34.8084114,32.1002496],[34.808334,32.1002988],[34.8082812,32.1003935],[34.8082098,32.1004446],[34.8081356,32.1004685],[34.8080474,32.1004832],[34.8079459,32.1005131],[34.8078039,32.1005345],[34.807719,32.1005471],[34.8076663,32.1005495],[34.8076415,32.100538],[34.8076299,32.1005056],[34.8076514,32.1004844],[34.8077065,32.1004649],[34.8077758,32.1004498],[34.8078194,32.1004021],[34.8077992,32.1003688],[34.8077341,32.1003393],[34.8076376,32.1002547],[34.8075824,32.1001541],[34.8075288,32.1000223],[34.807465,32.0998932],[34.8073917,32.099859],[34.8073502,32.0998516],[34.8072863,32.099874],[34.8072125,32.0998597],[34.8071844,32.0998214]]]]},"properties":{"cycling":"pump_track","description":"עם מסלול האופניים האתגרי","description:en":"Includes a short cycle practice course","description:he":"עם מסלול האופניים האתגרי","highway":"cycleway","image":"https://upload.wikimedia.org/wikipedia/commons/a/a4/IHM_מסלול_החושים_האתגרי.jpeg","image1":"https://upload.wikimedia.org/wikipedia/commons/d/da/IHM_מסלול_החושים_האתגרי_1.jpeg","image2":"https://upload.wikimedia.org/wikipedia/commons/7/70/IHM_מסלול_החושים_האתגרי_2.jpeg","mtb:name":"האתגרי","name":"מסלול החושים האתגרי","name:he":"מסלול החושים האתגרי"}},
{"type":"Feature","geometry":{"type":"MultiPolygon","coordinates":[[[[34.7737797,32.0780024],[34.7737846,32.0779343],[34.7738048,32.0778682],[34.7738395,32.0778067],[34.7739004,32.0777441],[34.7739522,32.0777025],[34.7740246,32.0776667],[34.7741039,32.0776439],[34.7741309,32.0776409],[34.7741642,32.0776373],[34.774187,32.0776348],[34.7742389,32.0776376],[34.7742706,32.07764],[34.7743253,32.0776523],[34.7743513,32.0776591],[34.7743934,32.0776774],[34.7744031,32.0776816],[34.7744259,32.0776914],[34.7744914,32.0777357],[34.7745452,32.0777901],[34.7745852,32.0778526],[34.7746097,32.0779205],[34.7746178,32.0779911],[34.7746091,32.0780618],[34.774584,32.0781295],[34.7745435,32.0781917],[34.7745077,32.0782279],[34.7744916,32.0782438],[34.7744289,32.0782866],[34.7743576,32.0783185],[34.7742805,32.0783382],[34.7742316,32.0783433],[34.7742194,32.0783434],[34.7742004,32.078345],[34.7741202,32.0783388],[34.774061,32.0783227],[34.7740082,32.0783044],[34.7739841,32.0782939],[34.7739713,32.0782883],[34.7739081,32.0782459],[34.7738557,32.0781941],[34.7738159,32.0781348],[34.7737903,32.0780701],[34.7737797,32.0780024]]]]},"properties":{"foot":"no","highway":"cycleway","horse":"no","incline":"-0%","lit":"yes","oneway":"yes","segregated":"yes","surface":"asphalt"}}
]}
